folder,name,title,original_name,src,origin_folders,dupes_removed,md5
Home & Devices,Pair Sound 2 Shorter Version.wav,Pair Sound 2 Shorter Version,PairSound2_ShorterVersion.wav,"23G83__iPhone18,2/Applications/CompanionSetup.app/PairSound2_ShorterVersion.wav","23G83__iPhone18,2/Applications/CompanionSetup.app",0,5b8e7ac099e05270b17211ec6460a519
Audio & Headphones,300 Hz Stimulus 4 5d BFS 16bits 10sec 48k Hz Mono.wav,300 Hz Stimulus 4 5d BFS 16bits 10sec 48k Hz Mono,300HzStimulus-4-5dBFS_16bits_10sec_48kHz_Mono.wav,"23G83__iPhone18,2/Applications/DiagnosticsService.app/PlugIns/Diagnostic-8290-EFD.appex/300HzStimulus-4-5dBFS_16bits_10sec_48kHz_Mono.wav","23G83__iPhone18,2/Applications/DiagnosticsService.app/PlugIns/Diagnostic-8290-EFD.appex",0,902591c54e1038649a7834d9a8d181d6
Audio & Headphones,Chirp 00050 20000 Hz 05s 06d Bdown.wav,Chirp 00050 20000 Hz 05s 06d Bdown,Chirp_00050-20000Hz_05s_06dBdown.wav,"23G83__iPhone18,2/Applications/DiagnosticsService.app/PlugIns/Diagnostic-8290-EFD.appex/Chirp_00050-20000Hz_05s_06dBdown.wav","23G83__iPhone18,2/Applications/DiagnosticsService.app/PlugIns/Diagnostic-8290-EFD.appex",0,c60ac0bbdfd3b7d6675d76aedf758a65
System Frameworks/Feedback Assistant iOS,Whoosh.caf,Whoosh,whoosh.caf,"23G83__iPhone18,2/Applications/Feedback Assistant iOS.app/whoosh.caf","23G83__iPhone18,2/Applications/Feedback Assistant iOS.app | 23G83__iPhone18,2/System/Library/Audio/UISounds",1,7aac49046e5146877c7061de7758ed76
Safety & Emergency,Silence 100ms.wav,Silence 100ms,silence100ms.wav,"23G83__iPhone18,2/Applications/SafetyMonitorApp.app/silence100ms.wav","23G83__iPhone18,2/Applications/SafetyMonitorApp.app",0,12800247256e64a7bbe6341269a4edd5
Siri & Voices/Siri Interface,Activation Error Tone.wav,Activation Error Tone,ActivationErrorTone.wav,"23G83__iPhone18,2/Applications/SystemVoiceAssistant.app/ActivationErrorTone.wav","23G83__iPhone18,2/Applications/SystemVoiceAssistant.app",0,8d331624d1f69f5e0e49902e3e837803
Camera & Photos,Intelligent Shutter Sound.caf,Intelligent Shutter Sound,IntelligentShutterSound.caf,"23G83__iPhone18,2/Applications/Tamale.app/IntelligentShutterSound.caf","23G83__iPhone18,2/Applications/Tamale.app",0,a96bab7b4e02859c0519764592712422
Haptics/Generic,Name Drop Connected Primary Device.caf,Name Drop Connected Primary Device,NameDropConnectedPrimaryDevice.caf,"23G83__iPhone18,2/Library/Audio/Tunings/Generic/Haptics/AudioResources/NameDropConnectedPrimaryDevice.caf","23G83__iPhone18,2/Library/Audio/Tunings/Generic/Haptics/AudioResources",1,e3b7d918bf77b97cc4e71cf4065d18a2
Haptics/Generic,Name Drop Hinting Primary Device.caf,Name Drop Hinting Primary Device,NameDropHintingPrimaryDevice.caf,"23G83__iPhone18,2/Library/Audio/Tunings/Generic/Haptics/AudioResources/NameDropHintingPrimaryDevice.caf","23G83__iPhone18,2/Library/Audio/Tunings/Generic/Haptics/AudioResources",0,ad5b8fc1e5bd4aac09794779b6221ba6
Haptics/Generic,Name Drop Hinting Secondary Device.caf,Name Drop Hinting Secondary Device,NameDropHintingSecondaryDevice.caf,"23G83__iPhone18,2/Library/Audio/Tunings/Generic/Haptics/AudioResources/NameDropHintingSecondaryDevice.caf","23G83__iPhone18,2/Library/Audio/Tunings/Generic/Haptics/AudioResources",0,20e21a1cc57173ae0ef3c974a081f004
Haptics/Generic,Screen Locked.caf,Screen Locked,ScreenLocked.caf,"23G83__iPhone18,2/Library/Audio/Tunings/Generic/Haptics/AudioResources/ScreenLocked.caf","23G83__iPhone18,2/Library/Audio/Tunings/Generic/Haptics/AudioResources",0,c884af65df9957326665010a13808aa5
Haptics/System,Full Tap 100 Hz.wav,Full Tap 100 Hz,FullTap100Hz.wav,"23G83__iPhone18,2/Library/Audio/Tunings/V54/Haptics/FullTap100Hz.wav","23G83__iPhone18,2/Library/Audio/Tunings/V54/Haptics",0,9daf47f5a9dae28df78b56c7bab00c67
Haptics/System,Full Tap 125 Hz.wav,Full Tap 125 Hz,FullTap125Hz.wav,"23G83__iPhone18,2/Library/Audio/Tunings/V54/Haptics/FullTap125Hz.wav","23G83__iPhone18,2/Library/Audio/Tunings/V54/Haptics",0,64a900afd18385011ac6f6080f7fe19f
Haptics/System,Full Tap 150 Hz.wav,Full Tap 150 Hz,FullTap150Hz.wav,"23G83__iPhone18,2/Library/Audio/Tunings/V54/Haptics/FullTap150Hz.wav","23G83__iPhone18,2/Library/Audio/Tunings/V54/Haptics",0,9c8c6297dc373c45add551f8b7646a5a
Haptics/System,Full Tap 200 Hz.wav,Full Tap 200 Hz,FullTap200Hz.wav,"23G83__iPhone18,2/Library/Audio/Tunings/V54/Haptics/FullTap200Hz.wav","23G83__iPhone18,2/Library/Audio/Tunings/V54/Haptics",0,d6b371a05de06fe35f3885d0445601ec
Haptics/System,Full Tap 230 Hz.wav,Full Tap 230 Hz,FullTap230Hz.wav,"23G83__iPhone18,2/Library/Audio/Tunings/V54/Haptics/FullTap230Hz.wav","23G83__iPhone18,2/Library/Audio/Tunings/V54/Haptics",0,b98904433f880acef487eb4f15563309
Haptics/System,Full Tap 270 Hz.wav,Full Tap 270 Hz,FullTap270Hz.wav,"23G83__iPhone18,2/Library/Audio/Tunings/V54/Haptics/FullTap270Hz.wav","23G83__iPhone18,2/Library/Audio/Tunings/V54/Haptics",0,38ad2d924dfaddc901a0012c43dc865e
Haptics/System,Full Tap 300 Hz.wav,Full Tap 300 Hz,FullTap300Hz.wav,"23G83__iPhone18,2/Library/Audio/Tunings/V54/Haptics/FullTap300Hz.wav","23G83__iPhone18,2/Library/Audio/Tunings/V54/Haptics",0,fde3264bad322ced953269fd68171932
Haptics/System,Full Tap 80 Hz.wav,Full Tap 80 Hz,FullTap80Hz.wav,"23G83__iPhone18,2/Library/Audio/Tunings/V54/Haptics/FullTap80Hz.wav","23G83__iPhone18,2/Library/Audio/Tunings/V54/Haptics",0,ef3ea04e1048b45ea3798a0e46115cdc
Haptics/System,Keyboard Delete.wav,Keyboard Delete,Keyboard-Delete.wav,"23G83__iPhone18,2/Library/Audio/Tunings/V54/Haptics/Keyboard-Delete.wav","23G83__iPhone18,2/Library/Audio/Tunings/V54/Haptics",0,a85437b3675444ed70cb4514e97f2824
Haptics/System,Keyboard Key.wav,Keyboard Key,Keyboard-Key.wav,"23G83__iPhone18,2/Library/Audio/Tunings/V54/Haptics/Keyboard-Key.wav","23G83__iPhone18,2/Library/Audio/Tunings/V54/Haptics",0,dbddefdb9a2d482e1a95d85e5b904093
Haptics/System,Keyboard Modifier.wav,Keyboard Modifier,Keyboard-Modifier.wav,"23G83__iPhone18,2/Library/Audio/Tunings/V54/Haptics/Keyboard-Modifier.wav","23G83__iPhone18,2/Library/Audio/Tunings/V54/Haptics",0,5531882b45bd377e849dd0b5d1f5f3bb
Haptics/System,Micro Tap 100 Hz.wav,Micro Tap 100 Hz,MicroTap100Hz.wav,"23G83__iPhone18,2/Library/Audio/Tunings/V54/Haptics/MicroTap100Hz.wav","23G83__iPhone18,2/Library/Audio/Tunings/V54/Haptics",0,8512d0b6615088ec2799f9bf81b168b4
Haptics/System,Micro Tap 125 Hz.wav,Micro Tap 125 Hz,MicroTap125Hz.wav,"23G83__iPhone18,2/Library/Audio/Tunings/V54/Haptics/MicroTap125Hz.wav","23G83__iPhone18,2/Library/Audio/Tunings/V54/Haptics",0,dbcc575e5b5c23ba45b16c6f47b3bc6c
Haptics/System,Micro Tap 150 Hz.wav,Micro Tap 150 Hz,MicroTap150Hz.wav,"23G83__iPhone18,2/Library/Audio/Tunings/V54/Haptics/MicroTap150Hz.wav","23G83__iPhone18,2/Library/Audio/Tunings/V54/Haptics",0,f2d456d4bad80f896b4052c461e977fa
Haptics/System,Micro Tap 200 Hz.wav,Micro Tap 200 Hz,MicroTap200Hz.wav,"23G83__iPhone18,2/Library/Audio/Tunings/V54/Haptics/MicroTap200Hz.wav","23G83__iPhone18,2/Library/Audio/Tunings/V54/Haptics",0,32e8c5d78735da6c174dc8c60e02d9b3
Haptics/System,Micro Tap 230 Hz.wav,Micro Tap 230 Hz,MicroTap230Hz.wav,"23G83__iPhone18,2/Library/Audio/Tunings/V54/Haptics/MicroTap230Hz.wav","23G83__iPhone18,2/Library/Audio/Tunings/V54/Haptics",0,88432b76a4ef7bc166a762481fd16a41
Haptics/System,Micro Tap 270 Hz.wav,Micro Tap 270 Hz,MicroTap270Hz.wav,"23G83__iPhone18,2/Library/Audio/Tunings/V54/Haptics/MicroTap270Hz.wav","23G83__iPhone18,2/Library/Audio/Tunings/V54/Haptics",0,a4752072678a3341f0eac6bd2009ba38
Haptics/System,Micro Tap 300 Hz.wav,Micro Tap 300 Hz,MicroTap300Hz.wav,"23G83__iPhone18,2/Library/Audio/Tunings/V54/Haptics/MicroTap300Hz.wav","23G83__iPhone18,2/Library/Audio/Tunings/V54/Haptics",0,e00f7f487704ad324a4a3f1b205e0ad4
Haptics/System,Micro Tap 80 Hz.wav,Micro Tap 80 Hz,MicroTap80Hz.wav,"23G83__iPhone18,2/Library/Audio/Tunings/V54/Haptics/MicroTap80Hz.wav","23G83__iPhone18,2/Library/Audio/Tunings/V54/Haptics",0,9b8ff5e573a339b6248b60281283df1b
Haptics/System,Mini Tap 100 Hz.wav,Mini Tap 100 Hz,MiniTap100Hz.wav,"23G83__iPhone18,2/Library/Audio/Tunings/V54/Haptics/MiniTap100Hz.wav","23G83__iPhone18,2/Library/Audio/Tunings/V54/Haptics",0,cae668c15a80cdc687eb3ad33f64bc3e
Haptics/System,Mini Tap 125 Hz.wav,Mini Tap 125 Hz,MiniTap125Hz.wav,"23G83__iPhone18,2/Library/Audio/Tunings/V54/Haptics/MiniTap125Hz.wav","23G83__iPhone18,2/Library/Audio/Tunings/V54/Haptics",0,3e0b2055c663bf3331795fc8c3ae5751
Haptics/System,Mini Tap 150 Hz.wav,Mini Tap 150 Hz,MiniTap150Hz.wav,"23G83__iPhone18,2/Library/Audio/Tunings/V54/Haptics/MiniTap150Hz.wav","23G83__iPhone18,2/Library/Audio/Tunings/V54/Haptics",0,ef968ee20e13b3de32253cf3260fa0ad
Haptics/System,Mini Tap 200 Hz.wav,Mini Tap 200 Hz,MiniTap200Hz.wav,"23G83__iPhone18,2/Library/Audio/Tunings/V54/Haptics/MiniTap200Hz.wav","23G83__iPhone18,2/Library/Audio/Tunings/V54/Haptics",0,42771565fdc3524029260c6ee70204f5
Haptics/System,Mini Tap 230 Hz.wav,Mini Tap 230 Hz,MiniTap230Hz.wav,"23G83__iPhone18,2/Library/Audio/Tunings/V54/Haptics/MiniTap230Hz.wav","23G83__iPhone18,2/Library/Audio/Tunings/V54/Haptics",0,f433e52a3b0976e3f65e795981ff5b01
Haptics/System,Mini Tap 270 Hz.wav,Mini Tap 270 Hz,MiniTap270Hz.wav,"23G83__iPhone18,2/Library/Audio/Tunings/V54/Haptics/MiniTap270Hz.wav","23G83__iPhone18,2/Library/Audio/Tunings/V54/Haptics",0,c700045f66fee1180c24e6ebc93dc9bf
Haptics/System,Mini Tap 300 Hz.wav,Mini Tap 300 Hz,MiniTap300Hz.wav,"23G83__iPhone18,2/Library/Audio/Tunings/V54/Haptics/MiniTap300Hz.wav","23G83__iPhone18,2/Library/Audio/Tunings/V54/Haptics",0,203af802fc5bfc9cfac394a8ae733484
Haptics/System,Mini Tap 80 Hz.wav,Mini Tap 80 Hz,MiniTap80Hz.wav,"23G83__iPhone18,2/Library/Audio/Tunings/V54/Haptics/MiniTap80Hz.wav","23G83__iPhone18,2/Library/Audio/Tunings/V54/Haptics",0,2b94f9e132f6aef50449bb296397ecb7
Haptics/System,Reflection Drone.wav,Reflection Drone,ReflectionDrone.wav,"23G83__iPhone18,2/Library/Audio/Tunings/V54/Haptics/ReflectionDrone.wav","23G83__iPhone18,2/Library/Audio/Tunings/V54/Haptics",0,f55afbc8a5bab7f7f2cecce74a84bb96
Haptics/System,Wheels Of Time.wav,Wheels Of Time,WheelsOfTime.wav,"23G83__iPhone18,2/Library/Audio/Tunings/V54/Haptics/WheelsOfTime.wav","23G83__iPhone18,2/Library/Audio/Tunings/Generic/Haptics/AudioResources | 23G83__iPhone18,2/Library/Audio/Tunings/V54/Haptics",1,519b9b9be8bdca80427edd6d0fed1f75
Accessibility/Other,In Level.wav,In Level,inLevel.wav,"23G83__iPhone18,2/System/Library/AccessibilityBundles/CameraKit.axbundle/inLevel.wav","23G83__iPhone18,2/System/Library/AccessibilityBundles/CameraKit.axbundle | 23G83__iPhone18,2/System/Library/AccessibilityBundles/CameraUI.axbundle",1,e26157d136a45e463c68b9c0a43d6a79
Accessibility/Other,Out Level.aiff,Out Level,outLevel.aif,"23G83__iPhone18,2/System/Library/AccessibilityBundles/CameraKit.axbundle/outLevel.aif","23G83__iPhone18,2/System/Library/AccessibilityBundles/CameraKit.axbundle | 23G83__iPhone18,2/System/Library/AccessibilityBundles/CameraUI.axbundle",1,963d8f825bc67cfee91f50aec07e6871
Accessibility/Live Speech,BEEP.caf,BEEP,BEEP.caf,"23G83__iPhone18,2/System/Library/AccessibilityBundles/LiveSpeechUIService.axuiservice/BEEP.caf","23G83__iPhone18,2/System/Library/AccessibilityBundles/LiveSpeechUIService.axuiservice | 23G83__iPhone18,2/System/Library/PrivateFrameworks/CallIntelligence.framework | 23G83__iPhone18,2/System/Library/PrivateFrameworks/TelephonyUtilities.framework",2,4aeedb7b1011e634af3708874561215d
Accessibility/Live Speech,Call Recording Countdown.caf,Call Recording Countdown,call_recording_countdown.caf,"23G83__iPhone18,2/System/Library/AccessibilityBundles/LiveSpeechUIService.axuiservice/call_recording_countdown.caf","23G83__iPhone18,2/System/Library/AccessibilityBundles/LiveSpeechUIService.axuiservice | 23G83__iPhone18,2/System/Library/PrivateFrameworks/ConversationKit.framework | 23G83__iPhone18,2/System/Library/PrivateFrameworks/FaceTimeNotificationUI.framework",2,7768c07ef04ac5803b84f989e3b41726
Accessibility/Other,Timer Start.aiff,Timer Start,timer-start.aiff,"23G83__iPhone18,2/System/Library/AccessibilityBundles/MobileTimer.axbundle/timer-start.aiff","23G83__iPhone18,2/System/Library/AccessibilityBundles/MobileTimer.axbundle",0,dfd865d5b28370be254181040a6c4b84
Accessibility/Other,Timer Stop.aiff,Timer Stop,timer-stop.aiff,"23G83__iPhone18,2/System/Library/AccessibilityBundles/MobileTimer.axbundle/timer-stop.aiff","23G83__iPhone18,2/System/Library/AccessibilityBundles/MobileTimer.axbundle",0,3fa67b2b4690975935137f579f71b083
Accessibility/Other,1beacon.aiff,1beacon,1beacon.aiff,"23G83__iPhone18,2/System/Library/AccessibilityBundles/VectorKit.axbundle/1beacon.aiff","23G83__iPhone18,2/System/Library/AccessibilityBundles/VectorKit.axbundle",0,f86f2b280b8e17d701bcfee9c3ba6fef
Accessibility/Other,2beacon.aiff,2beacon,2beacon.aiff,"23G83__iPhone18,2/System/Library/AccessibilityBundles/VectorKit.axbundle/2beacon.aiff","23G83__iPhone18,2/System/Library/AccessibilityBundles/VectorKit.axbundle",0,ee583e0e05f3d531adff89703174d22e
Accessibility/Other,3beacon.aiff,3beacon,3beacon.aiff,"23G83__iPhone18,2/System/Library/AccessibilityBundles/VectorKit.axbundle/3beacon.aiff","23G83__iPhone18,2/System/Library/AccessibilityBundles/VectorKit.axbundle",0,297ae2ad53ddbc8abe3876f938988444
Accessibility/Other,4beacon.aiff,4beacon,4beacon.aiff,"23G83__iPhone18,2/System/Library/AccessibilityBundles/VectorKit.axbundle/4beacon.aiff","23G83__iPhone18,2/System/Library/AccessibilityBundles/VectorKit.axbundle",0,5aac029b4cb8fee9574452d98293830f
Accessibility/Other,Point Reached.aiff,Point Reached,point_reached.aiff,"23G83__iPhone18,2/System/Library/AccessibilityBundles/VectorKit.axbundle/point_reached.aiff","23G83__iPhone18,2/System/Library/AccessibilityBundles/VectorKit.axbundle",0,a05ae2b5b46e097a9817c0e9dad7e7ee
UI Sounds/iPhone,3rd Party Critical.caf,3rd Party Critical,3rd_party_critical.caf,"23G83__iPhone18,2/System/Library/Audio/UISounds/3rd_party_critical.caf","23G83__iPhone18,2/System/Library/Audio/UISounds",0,b1b2b1e63cdd201000f5d023376e3efe
UI Sounds/iPhone,Device Shutdown.caf,Device Shutdown,DeviceShutdown.caf,"23G83__iPhone18,2/System/Library/Audio/UISounds/DeviceShutdown.caf","23G83__iPhone18,2/System/Library/Audio/UISounds",0,4fbf48ed7ab64b62b940f4bb56c2db5a
UI Sounds/iPhone,Doorbell.caf,Doorbell,Doorbell.caf,"23G83__iPhone18,2/System/Library/Audio/UISounds/Doorbell.caf","23G83__iPhone18,2/System/Library/Audio/UISounds",0,5354df043bda2a161c25e33055a6980a
UI Sounds/iPhone,Dual Bud Long Press Failure.caf,Dual Bud Long Press Failure,DualBudLongPressFailure.caf,"23G83__iPhone18,2/System/Library/Audio/UISounds/DualBudLongPressFailure.caf","23G83__iPhone18,2/System/Library/Audio/UISounds",0,a8fef258dc64bbe5a709ec8331de7a3e
UI Sounds/iPhone,Ear Interaction Complete.caf,Ear Interaction Complete,EarInteraction_Complete.caf,"23G83__iPhone18,2/System/Library/Audio/UISounds/EarInteraction_Complete.caf","23G83__iPhone18,2/System/Library/Audio/UISounds",0,33e0eec87206b7b9e25f07cea814c76b
UI Sounds/iPhone,Liquid Detected.m4a,Liquid Detected,LiquidDetected.caf,"23G83__iPhone18,2/System/Library/Audio/UISounds/LiquidDetected.caf","23G83__iPhone18,2/System/Library/Audio/UISounds",0,a71eb80c55438e7f4122ec2960a1cd1b
UI Sounds/iPhone,Live Translation Start.caf,Live Translation Start,LiveTranslationStart.caf,"23G83__iPhone18,2/System/Library/Audio/UISounds/LiveTranslationStart.caf","23G83__iPhone18,2/System/Library/Audio/UISounds",0,02a5192edc71d3993c94d0f78b51cbc9
UI Sounds/iPhone,Live Translation Stop.caf,Live Translation Stop,LiveTranslationStop.caf,"23G83__iPhone18,2/System/Library/Audio/UISounds/LiveTranslationStop.caf","23G83__iPhone18,2/System/Library/Audio/UISounds",0,8f10ce70a8cb5709669be18b677f56a7
UI Sounds/Modern,Airdrop Invite.caf,Airdrop Invite,airdrop_invite.caf,"23G83__iPhone18,2/System/Library/Audio/UISounds/Modern/airdrop_invite.caf","23G83__iPhone18,2/System/Library/Audio/UISounds/Modern",0,5e5b6712d0b1cddaacde8e5cc04ddfee
UI Sounds/Modern,Camera Shutter Burst.caf,Camera Shutter Burst,camera_shutter_burst.caf,"23G83__iPhone18,2/System/Library/Audio/UISounds/Modern/camera_shutter_burst.caf","23G83__iPhone18,2/System/Library/Audio/UISounds/Modern",1,36dab5f2ce981c3ab57e0075756bae95
UI Sounds/Modern,Camera Shutter Burst End.caf,Camera Shutter Burst End,camera_shutter_burst_end.caf,"23G83__iPhone18,2/System/Library/Audio/UISounds/Modern/camera_shutter_burst_end.caf","23G83__iPhone18,2/System/Library/Audio/UISounds/Modern",0,dae11d61a4f96ac6c735cb75a70c2ed4
UI Sounds/iPhone,NFC Card Complete.caf,NFC Card Complete,NFCCardComplete.caf,"23G83__iPhone18,2/System/Library/Audio/UISounds/NFCCardComplete.caf","23G83__iPhone18,2/System/Library/Audio/UISounds",0,82bf22824668f9c7859932f1e895f918
UI Sounds/iPhone,NFC Card Error.caf,NFC Card Error,NFCCardError.caf,"23G83__iPhone18,2/System/Library/Audio/UISounds/NFCCardError.caf","23G83__iPhone18,2/System/Library/Audio/UISounds",0,b5b14aca282bb636a81a2978785e63b0
UI Sounds/iPhone,NFC Card Provisioned.caf,NFC Card Provisioned,NFCCardProvisioned.caf,"23G83__iPhone18,2/System/Library/Audio/UISounds/NFCCardProvisioned.caf","23G83__iPhone18,2/System/Library/Audio/UISounds",0,114450a645b3e4a694bcd04f13cb33ce
UI Sounds/iPhone,Navigation Generic Maneuver.caf,Navigation Generic Maneuver,NavigationGenericManeuver.caf,"23G83__iPhone18,2/System/Library/Audio/UISounds/NavigationGenericManeuver.caf","23G83__iPhone18,2/System/Library/Audio/UISounds",0,4c5fa1c10d5201b0ef4d9b9a0bf19cb7
UI Sounds/New,Anticipate.caf,Anticipate,Anticipate.caf,"23G83__iPhone18,2/System/Library/Audio/UISounds/New/Anticipate.caf","23G83__iPhone18,2/System/Library/Audio/UISounds/New",0,e4e914048cdbe17061f185258ba4a6c5
UI Sounds/New,Bloom.caf,Bloom,Bloom.caf,"23G83__iPhone18,2/System/Library/Audio/UISounds/New/Bloom.caf","23G83__iPhone18,2/System/Library/Audio/UISounds/New",0,7acbd20ae1c758ace7bd32b070db5856
UI Sounds/New,Calypso.caf,Calypso,Calypso.caf,"23G83__iPhone18,2/System/Library/Audio/UISounds/New/Calypso.caf","23G83__iPhone18,2/System/Library/Audio/UISounds/New",0,6fdf47577a840591b5828e4da9dcf511
UI Sounds/New,Choo Choo.caf,Choo Choo,Choo_Choo.caf,"23G83__iPhone18,2/System/Library/Audio/UISounds/New/Choo_Choo.caf","23G83__iPhone18,2/System/Library/Audio/UISounds/New",0,5ae821369340c0084202be9dcb65241c
UI Sounds/New,Descent.caf,Descent,Descent.caf,"23G83__iPhone18,2/System/Library/Audio/UISounds/New/Descent.caf","23G83__iPhone18,2/System/Library/Audio/UISounds/New",0,52355b6c58c9132c404321d4c4eddfac
UI Sounds/New,Fanfare.caf,Fanfare,Fanfare.caf,"23G83__iPhone18,2/System/Library/Audio/UISounds/New/Fanfare.caf","23G83__iPhone18,2/System/Library/Audio/UISounds/New",0,199852d4100859e6ea6d966b093132b9
UI Sounds/New,Ladder.caf,Ladder,Ladder.caf,"23G83__iPhone18,2/System/Library/Audio/UISounds/New/Ladder.caf","23G83__iPhone18,2/System/Library/Audio/UISounds/New",0,f291b2d049f633cfe9d006b2a995df7e
UI Sounds/New,Minuet.caf,Minuet,Minuet.caf,"23G83__iPhone18,2/System/Library/Audio/UISounds/New/Minuet.caf","23G83__iPhone18,2/System/Library/Audio/UISounds/New",0,99c7b2586a400a5ecfeced9370c53c62
UI Sounds/New,News Flash.caf,News Flash,News_Flash.caf,"23G83__iPhone18,2/System/Library/Audio/UISounds/New/News_Flash.caf","23G83__iPhone18,2/System/Library/Audio/UISounds/New",0,63e988cd2f0552f5154eee17356bbc4c
UI Sounds/New,Noir.caf,Noir,Noir.caf,"23G83__iPhone18,2/System/Library/Audio/UISounds/New/Noir.caf","23G83__iPhone18,2/System/Library/Audio/UISounds/New",0,b18b1265741e567cad29b220aabd46d2
UI Sounds/New,Sherwood Forest.caf,Sherwood Forest,Sherwood_Forest.caf,"23G83__iPhone18,2/System/Library/Audio/UISounds/New/Sherwood_Forest.caf","23G83__iPhone18,2/System/Library/Audio/UISounds/New",0,c835dfa058fbe778c532155b15616d17
UI Sounds/New,Spell.caf,Spell,Spell.caf,"23G83__iPhone18,2/System/Library/Audio/UISounds/New/Spell.caf","23G83__iPhone18,2/System/Library/Audio/UISounds/New",0,1033db0ed66a6b02b3a19c5dc91fe885
UI Sounds/New,Suspense.caf,Suspense,Suspense.caf,"23G83__iPhone18,2/System/Library/Audio/UISounds/New/Suspense.caf","23G83__iPhone18,2/System/Library/Audio/UISounds/New",0,79ae781ad2a2a6655276e81da6a22994
UI Sounds/New,Telegraph.caf,Telegraph,Telegraph.caf,"23G83__iPhone18,2/System/Library/Audio/UISounds/New/Telegraph.caf","23G83__iPhone18,2/System/Library/Audio/UISounds/New",0,5212285761f74def9be53b306ac1dcc4
UI Sounds/New,Tiptoes.caf,Tiptoes,Tiptoes.caf,"23G83__iPhone18,2/System/Library/Audio/UISounds/New/Tiptoes.caf","23G83__iPhone18,2/System/Library/Audio/UISounds/New",0,2d4d1792ee54a7eb79a40fbd74194caa
UI Sounds/New,Typewriters.caf,Typewriters,Typewriters.caf,"23G83__iPhone18,2/System/Library/Audio/UISounds/New/Typewriters.caf","23G83__iPhone18,2/System/Library/Audio/UISounds/New",0,183c462e2e909d485d7a1f28e11950e1
UI Sounds/New,Update.caf,Update,Update.caf,"23G83__iPhone18,2/System/Library/Audio/UISounds/New/Update.caf","23G83__iPhone18,2/System/Library/Audio/UISounds/New",0,77291fd17d77b9b1a4690e673f5512d4
UI Sounds/iPhone,PIN Delete.caf,PIN Delete,PINDelete.caf,"23G83__iPhone18,2/System/Library/Audio/UISounds/PINDelete.caf","23G83__iPhone18,2/Library/Audio/Tunings/Generic/Haptics/AudioResources | 23G83__iPhone18,2/System/Library/Audio/UISounds | 23G83__iPhone18,2/System/Library/PrivateFrameworks/UIKitCore.framework",3,3fbc3b0a6da9bf5df665c2475c2eaf4e
UI Sounds/iPhone,PIN Delete AX.caf,PIN Delete AX,PINDelete_AX.caf,"23G83__iPhone18,2/System/Library/Audio/UISounds/PINDelete_AX.caf","23G83__iPhone18,2/System/Library/Audio/UISounds",0,455a894a9fc4d573be48470e0e05290f
UI Sounds/iPhone,PIN Enter Digit.caf,PIN Enter Digit,PINEnterDigit.caf,"23G83__iPhone18,2/System/Library/Audio/UISounds/PINEnterDigit.caf","23G83__iPhone18,2/Library/Audio/Tunings/Generic/Haptics/AudioResources | 23G83__iPhone18,2/System/Library/Audio/UISounds | 23G83__iPhone18,2/System/Library/PrivateFrameworks/UIKitCore.framework",3,c594c8516ba82b4914732758d7739aad
UI Sounds/iPhone,PIN Enter Digit AX.caf,PIN Enter Digit AX,PINEnterDigit_AX.caf,"23G83__iPhone18,2/System/Library/Audio/UISounds/PINEnterDigit_AX.caf","23G83__iPhone18,2/System/Library/Audio/UISounds",0,04cca878591ee189c31ffa2c34f2f7f2
UI Sounds/iPhone,PIN Submit AX.caf,PIN Submit AX,PINSubmit_AX.caf,"23G83__iPhone18,2/System/Library/Audio/UISounds/PINSubmit_AX.caf","23G83__iPhone18,2/System/Library/Audio/UISounds",0,83e0376c0b01feca56b5e70d62ede0f9
UI Sounds/iPhone,PIN Unexpected.caf,PIN Unexpected,PINUnexpected.caf,"23G83__iPhone18,2/System/Library/Audio/UISounds/PINUnexpected.caf","23G83__iPhone18,2/System/Library/Audio/UISounds",0,868eecd77ca20c9bfbbccb588b981426
UI Sounds/iPhone,Payment Received.caf,Payment Received,PaymentReceived.caf,"23G83__iPhone18,2/System/Library/Audio/UISounds/PaymentReceived.caf","23G83__iPhone18,2/System/Library/Audio/UISounds",0,0204884ca814e5db4807dfec2e2b8e19
UI Sounds/iPhone,Payment Received Failure.caf,Payment Received Failure,PaymentReceivedFailure.caf,"23G83__iPhone18,2/System/Library/Audio/UISounds/PaymentReceivedFailure.caf","23G83__iPhone18,2/System/Library/Audio/UISounds",2,96456e8eb9713ac4650053ae44ea8f2f
UI Sounds/iPhone,Received Message.caf,Received Message,ReceivedMessage.caf,"23G83__iPhone18,2/System/Library/Audio/UISounds/ReceivedMessage.caf","23G83__iPhone18,2/System/Library/Audio/UISounds",0,ef2a6680f05b11aa63606d2ba1e3f3aa
UI Sounds/iPhone,Remote Attention Request Alert.caf,Remote Attention Request Alert,RemoteAttentionRequest_Alert.caf,"23G83__iPhone18,2/System/Library/Audio/UISounds/RemoteAttentionRequest_Alert.caf","23G83__iPhone18,2/System/Library/Audio/UISounds",0,f269e6abba94793c4d0516032439ac91
UI Sounds/iPhone,Ringer Changed.caf,Ringer Changed,RingerChanged.caf,"23G83__iPhone18,2/System/Library/Audio/UISounds/RingerChanged.caf","23G83__iPhone18,2/System/Library/Audio/UISounds",0,f8aca61330a739d982a70c1c106dbea7
UI Sounds/iPhone,SIM Toolkit Call Dropped.caf,SIM Toolkit Call Dropped,SIMToolkitCallDropped.caf,"23G83__iPhone18,2/System/Library/Audio/UISounds/SIMToolkitCallDropped.caf","23G83__iPhone18,2/System/Library/Audio/UISounds",0,a7bae16997f0e2508cb92f2db7e0745d
UI Sounds/iPhone,SIM Toolkit General Beep.caf,SIM Toolkit General Beep,SIMToolkitGeneralBeep.caf,"23G83__iPhone18,2/System/Library/Audio/UISounds/SIMToolkitGeneralBeep.caf","23G83__iPhone18,2/System/Library/Audio/UISounds",0,10822996faa710d5fb2f5b83858eeaae
UI Sounds/iPhone,SIM Toolkit Negative ACK.caf,SIM Toolkit Negative ACK,SIMToolkitNegativeACK.caf,"23G83__iPhone18,2/System/Library/Audio/UISounds/SIMToolkitNegativeACK.caf","23G83__iPhone18,2/System/Library/Audio/UISounds",0,ea0476d59ab99a8e9dd3c23a3b72b972
UI Sounds/iPhone,SIM Toolkit Positive ACK.caf,SIM Toolkit Positive ACK,SIMToolkitPositiveACK.caf,"23G83__iPhone18,2/System/Library/Audio/UISounds/SIMToolkitPositiveACK.caf","23G83__iPhone18,2/System/Library/Audio/UISounds",0,b33ad59cd2499dfca01d033f600f8bbc
UI Sounds/iPhone,SIM Toolkit SMS.caf,SIM Toolkit SMS,SIMToolkitSMS.caf,"23G83__iPhone18,2/System/Library/Audio/UISounds/SIMToolkitSMS.caf","23G83__iPhone18,2/System/Library/Audio/UISounds",0,8bd02263e0e3baca9e5c7ec528a9d090
UI Sounds/iPhone,Sent Message.caf,Sent Message,SentMessage.caf,"23G83__iPhone18,2/System/Library/Audio/UISounds/SentMessage.caf","23G83__iPhone18,2/System/Library/Audio/UISounds",0,da0a5cc0b03913548a061d313a2751c1
UI Sounds/iPhone,Swish.caf,Swish,Swish.caf,"23G83__iPhone18,2/System/Library/Audio/UISounds/Swish.caf","23G83__iPhone18,2/System/Library/Audio/UISounds",0,ff2ea98b91677af6d662d876dc01f845
UI Sounds/iPhone,Tink.caf,Tink,Tink.caf,"23G83__iPhone18,2/System/Library/Audio/UISounds/Tink.caf","23G83__iPhone18,2/System/Library/Audio/UISounds",0,119fed04c730290c79f6ee593cce5433
UI Sounds/iPhone,Tock.caf,Tock,Tock.caf,"23G83__iPhone18,2/System/Library/Audio/UISounds/Tock.caf","23G83__iPhone18,2/System/Library/Audio/UISounds",0,85350cc592a588da184b4643e4094cf5
UI Sounds/iPhone,Webcam Start.caf,Webcam Start,WebcamStart.caf,"23G83__iPhone18,2/System/Library/Audio/UISounds/WebcamStart.caf","23G83__iPhone18,2/System/Library/Audio/UISounds",0,65fd8feff709e01c3f8a012112f882fe
UI Sounds/iPhone,Access Scan Complete.caf,Access Scan Complete,access_scan_complete.caf,"23G83__iPhone18,2/System/Library/Audio/UISounds/access_scan_complete.caf","23G83__iPhone18,2/System/Library/Audio/UISounds | 23G83__iPhone18,2/System/Library/Audio/UISounds/nano",1,1ba4ef82e70d873fed6d25bf2db3a106
UI Sounds/iPhone,Acknowledgment Received.caf,Acknowledgment Received,acknowledgment_received.caf,"23G83__iPhone18,2/System/Library/Audio/UISounds/acknowledgment_received.caf","23G83__iPhone18,2/System/Library/Audio/UISounds",0,a1228ab26b8c366e9d5b4e1698420e99
UI Sounds/iPhone,Acknowledgment Sent.caf,Acknowledgment Sent,acknowledgment_sent.caf,"23G83__iPhone18,2/System/Library/Audio/UISounds/acknowledgment_sent.caf","23G83__iPhone18,2/System/Library/Audio/UISounds | 23G83__iPhone18,2/System/Library/PrivateFrameworks/ChatKit.framework",1,db0e1f4773539e45fcdcf93442ae977e
UI Sounds/iPhone,Alarm.caf,Alarm,alarm.caf,"23G83__iPhone18,2/System/Library/Audio/UISounds/alarm.caf","23G83__iPhone18,2/System/Library/Audio/UISounds",0,20329f64e86d66d1d173c5d91078cdba
UI Sounds/iPhone,Begin Record.caf,Begin Record,begin_record.caf,"23G83__iPhone18,2/System/Library/Audio/UISounds/begin_record.caf","23G83__iPhone18,2/System/Library/Audio/UISounds",0,d9d6bbf4e1c7041445c6e6ee3d1aa924
UI Sounds/iPhone,Camera Timer Countdown.caf,Camera Timer Countdown,camera_timer_countdown.caf,"23G83__iPhone18,2/System/Library/Audio/UISounds/camera_timer_countdown.caf","23G83__iPhone18,2/System/Library/Audio/UISounds | 23G83__iPhone18,2/System/Library/PrivateFrameworks/CameraUI.framework",1,43018075c60ae57068148590ba5cd2ed
UI Sounds/iPhone,Camera Timer Final Second.caf,Camera Timer Final Second,camera_timer_final_second.caf,"23G83__iPhone18,2/System/Library/Audio/UISounds/camera_timer_final_second.caf","23G83__iPhone18,2/System/Library/Audio/UISounds | 23G83__iPhone18,2/System/Library/PrivateFrameworks/CameraUI.framework",1,e91face7ea8bde807670b8421fdb3aa4
UI Sounds/iPhone,Connect Power.caf,Connect Power,connect_power.caf,"23G83__iPhone18,2/System/Library/Audio/UISounds/connect_power.caf","23G83__iPhone18,2/Library/Audio/Tunings/Generic/Haptics/AudioResources | 23G83__iPhone18,2/System/Library/Audio/UISounds",1,aab5583dd68980df6502d43ba4dbc79e
UI Sounds/iPhone,Ct Busy.caf,Ct Busy,ct-busy.caf,"23G83__iPhone18,2/System/Library/Audio/UISounds/ct-busy.caf","23G83__iPhone18,2/System/Library/Audio/UISounds",0,977797d3ec087d3086b432d748ed9956
UI Sounds/iPhone,Ct Congestion.caf,Ct Congestion,ct-congestion.caf,"23G83__iPhone18,2/System/Library/Audio/UISounds/ct-congestion.caf","23G83__iPhone18,2/System/Library/Audio/UISounds",0,d065b5a840608b7f5534b8fa8b83c1ab
UI Sounds/iPhone,Ct Error.caf,Ct Error,ct-error.caf,"23G83__iPhone18,2/System/Library/Audio/UISounds/ct-error.caf","23G83__iPhone18,2/System/Library/Audio/UISounds",0,5b1b7b674659f193f602e06d74939029
UI Sounds/iPhone,Ct Keytone 2.caf,Ct Keytone 2,ct-keytone2.caf,"23G83__iPhone18,2/System/Library/Audio/UISounds/ct-keytone2.caf","23G83__iPhone18,2/System/Library/Audio/UISounds",0,8ae9b364aac35ae94b9a61cb31a032aa
UI Sounds/iPhone,ct-path Ack.caf,ct-path Ack,ct-path-ack.caf,"23G83__iPhone18,2/System/Library/Audio/UISounds/ct-path-ack.caf","23G83__iPhone18,2/System/Library/Audio/UISounds",0,5c136cbc77bc404638f382dc8f79ea0c
UI Sounds/iPhone,End Record.caf,End Record,end_record.caf,"23G83__iPhone18,2/System/Library/Audio/UISounds/end_record.caf","23G83__iPhone18,2/System/Library/Audio/UISounds | 23G83__iPhone18,2/System/Library/PrivateFrameworks/ChatKit.framework",1,17b001ba943d1b3ccfbea94b2861e838
UI Sounds/iPhone,Focus Change App Icon.caf,Focus Change App Icon,focus_change_app_icon.caf,"23G83__iPhone18,2/System/Library/Audio/UISounds/focus_change_app_icon.caf","23G83__iPhone18,2/System/Library/Audio/UISounds",0,13105f0c8cef9fcf9941ffed7f101a65
UI Sounds/iPhone,Focus Change Keyboard.caf,Focus Change Keyboard,focus_change_keyboard.caf,"23G83__iPhone18,2/System/Library/Audio/UISounds/focus_change_keyboard.caf","23G83__iPhone18,2/System/Library/Audio/UISounds",0,41de6f4ac929c2ec5478c2d5a1c5593e
UI Sounds/iPhone,Focus Change Large.caf,Focus Change Large,focus_change_large.caf,"23G83__iPhone18,2/System/Library/Audio/UISounds/focus_change_large.caf","23G83__iPhone18,2/System/Library/Audio/UISounds",0,562faded6bb02fcbb1c76079afc1171f
UI Sounds/iPhone,Focus Change Small.caf,Focus Change Small,focus_change_small.caf,"23G83__iPhone18,2/System/Library/Audio/UISounds/focus_change_small.caf","23G83__iPhone18,2/System/Library/Audio/UISounds",0,bd0c9c491cd4aa65d19482a1b1bb81a1
UI Sounds/iPhone,Go To Sleep Alert.caf,Go To Sleep Alert,go_to_sleep_alert.caf,"23G83__iPhone18,2/System/Library/Audio/UISounds/go_to_sleep_alert.caf","23G83__iPhone18,2/System/Library/Audio/UISounds",0,0afbdeb3920a238a9384787d84c96162
UI Sounds/iPhone,Health Notification.caf,Health Notification,health_notification.caf,"23G83__iPhone18,2/System/Library/Audio/UISounds/health_notification.caf","23G83__iPhone18,2/System/Library/Audio/UISounds",0,254d7b9b99de93c2e6af8721ca03899b
UI Sounds/iPhone,Jbl Ambiguous.caf,Jbl Ambiguous,jbl_ambiguous.caf,"23G83__iPhone18,2/System/Library/Audio/UISounds/jbl_ambiguous.caf","23G83__iPhone18,2/System/Library/Audio/UISounds",0,b0c1b3544f721515cdeec37020163ac4
UI Sounds/iPhone,Jbl Begin.caf,Jbl Begin,jbl_begin.caf,"23G83__iPhone18,2/System/Library/Audio/UISounds/jbl_begin.caf","23G83__iPhone18,2/System/Library/Audio/UISounds | 23G83__iPhone18,2/System/Library/Audio/UISounds/nano",1,dcda24ca242c41960ae9a6e4431e18dc
UI Sounds/iPhone,Jbl Begin Short.caf,Jbl Begin Short,jbl_begin_short.caf,"23G83__iPhone18,2/System/Library/Audio/UISounds/jbl_begin_short.caf","23G83__iPhone18,2/System/Library/Audio/UISounds | 23G83__iPhone18,2/System/Library/Audio/UISounds/nano",1,4174484bc23d470a407aa2f5555a1fe4
UI Sounds/iPhone,Jbl Begin Short Carplay.caf,Jbl Begin Short Carplay,jbl_begin_short_carplay.caf,"23G83__iPhone18,2/System/Library/Audio/UISounds/jbl_begin_short_carplay.caf","23G83__iPhone18,2/System/Library/Audio/UISounds",0,e339246b04636fa93a31d2fb5db51654
UI Sounds/iPhone,Jbl Cancel.caf,Jbl Cancel,jbl_cancel.caf,"23G83__iPhone18,2/System/Library/Audio/UISounds/jbl_cancel.caf","23G83__iPhone18,2/System/Library/Audio/UISounds | 23G83__iPhone18,2/System/Library/Audio/UISounds/nano",1,73b05f4c1fd2054a1c0e6954abeabef7
UI Sounds/iPhone,Jbl Confirm.caf,Jbl Confirm,jbl_confirm.caf,"23G83__iPhone18,2/System/Library/Audio/UISounds/jbl_confirm.caf","23G83__iPhone18,2/System/Library/Audio/UISounds | 23G83__iPhone18,2/System/Library/Audio/UISounds/nano",1,11eba3c68fee41bc34c094b182dd07fb
UI Sounds/iPhone,Jbl No Match.caf,Jbl No Match,jbl_no_match.caf,"23G83__iPhone18,2/System/Library/Audio/UISounds/jbl_no_match.caf","23G83__iPhone18,2/System/Library/Audio/UISounds",0,12caaebab18d2b25568a85e6e07f7d42
UI Sounds/iPhone,Key Press Modifier.caf,Key Press Modifier,key_press_modifier.caf,"23G83__iPhone18,2/System/Library/Audio/UISounds/key_press_modifier.caf","23G83__iPhone18,2/Library/Audio/Tunings/Generic/Haptics/AudioResources | 23G83__iPhone18,2/System/Library/Audio/UISounds | 23G83__iPhone18,2/System/Library/PrivateFrameworks/UIKitCore.framework",2,dd4af6c199819480237dadff9819a016
UI Sounds/iPhone,Keyboard Press Clear.caf,Keyboard Press Clear,keyboard_press_clear.caf,"23G83__iPhone18,2/System/Library/Audio/UISounds/keyboard_press_clear.caf","23G83__iPhone18,2/System/Library/Audio/UISounds",0,5a4911c71c3dbeb8180a7dbe5e10647e
UI Sounds/iPhone,Keyboard Press Delete.caf,Keyboard Press Delete,keyboard_press_delete.caf,"23G83__iPhone18,2/System/Library/Audio/UISounds/keyboard_press_delete.caf","23G83__iPhone18,2/System/Library/Audio/UISounds",0,c3d95c07c3c64d5f80f76b0e39af4b5f
UI Sounds/iPhone,Keyboard Press Normal.caf,Keyboard Press Normal,keyboard_press_normal.caf,"23G83__iPhone18,2/System/Library/Audio/UISounds/keyboard_press_normal.caf","23G83__iPhone18,2/System/Library/Audio/UISounds",0,64813567d91ff01c7fcf5117184ffc2a
UI Sounds/iPhone,Lock.wav,Lock,lock.caf,"23G83__iPhone18,2/System/Library/Audio/UISounds/lock.caf","23G83__iPhone18,2/System/Library/Audio/UISounds",0,c17fd9c6fa9cc02f903ba92bb919c2ce
UI Sounds/iPhone,Long Low Short High.caf,Long Low Short High,long_low_short_high.caf,"23G83__iPhone18,2/System/Library/Audio/UISounds/long_low_short_high.caf","23G83__iPhone18,2/System/Library/Audio/UISounds",0,6377cfd4ac87b02e6aca0e62deedc996
UI Sounds/iPhone,Low Power.caf,Low Power,low_power.caf,"23G83__iPhone18,2/System/Library/Audio/UISounds/low_power.caf","23G83__iPhone18,2/System/Library/Audio/UISounds",0,e8cc0ccf9ecf58215fbc7c0e5c2ed089
UI Sounds/iPhone,Middle 9 Short Double Low.caf,Middle 9 Short Double Low,middle_9_short_double_low.caf,"23G83__iPhone18,2/System/Library/Audio/UISounds/middle_9_short_double_low.caf","23G83__iPhone18,2/System/Library/Audio/UISounds",0,7b4e41be80353fed41110e449304b4b6
UI Sounds/iPhone,Multiway Invitation.caf,Multiway Invitation,multiway_invitation.caf,"23G83__iPhone18,2/System/Library/Audio/UISounds/multiway_invitation.caf","23G83__iPhone18,2/System/Library/Audio/UISounds",0,df6c586d220b0cb77e20cadf5fd8adcd
UI Sounds/Watch,3rd Party Direction Down Haptic.caf,3rd Party Direction Down Haptic,3rdParty_DirectionDown_Haptic.caf,"23G83__iPhone18,2/System/Library/Audio/UISounds/nano/3rdParty_DirectionDown_Haptic.caf","23G83__iPhone18,2/System/Library/Audio/UISounds/nano",0,0d4ebab74dfca6683da1e84d7ff64b23
UI Sounds/Watch,3rd Party Direction Up Haptic.caf,3rd Party Direction Up Haptic,3rdParty_DirectionUp_Haptic.caf,"23G83__iPhone18,2/System/Library/Audio/UISounds/nano/3rdParty_DirectionUp_Haptic.caf","23G83__iPhone18,2/System/Library/Audio/UISounds/nano",0,90c1ff27ff1244a6504b938a9055c817
UI Sounds/Watch,3rd Party Failure Haptic.caf,3rd Party Failure Haptic,3rdParty_Failure_Haptic.caf,"23G83__iPhone18,2/System/Library/Audio/UISounds/nano/3rdParty_Failure_Haptic.caf","23G83__iPhone18,2/System/Library/Audio/UISounds/nano",0,f86529af5960d71073aaa31684e2e95b
UI Sounds/Watch,3rd Party Retry Haptic.caf,3rd Party Retry Haptic,3rdParty_Retry_Haptic.caf,"23G83__iPhone18,2/System/Library/Audio/UISounds/nano/3rdParty_Retry_Haptic.caf","23G83__iPhone18,2/System/Library/Audio/UISounds/nano",0,7203736b9ae4727f58092028125ca275
UI Sounds/Watch,3rd Party Start Haptic.caf,3rd Party Start Haptic,3rdParty_Start_Haptic.caf,"23G83__iPhone18,2/System/Library/Audio/UISounds/nano/3rdParty_Start_Haptic.caf","23G83__iPhone18,2/System/Library/Audio/UISounds/nano",0,b914f10ebaca31e9bfa5a60b7ea058a7
UI Sounds/Watch,3rd Party Stop Haptic.caf,3rd Party Stop Haptic,3rdParty_Stop_Haptic.caf,"23G83__iPhone18,2/System/Library/Audio/UISounds/nano/3rdParty_Stop_Haptic.caf","23G83__iPhone18,2/System/Library/Audio/UISounds/nano",0,19e19241473f8ee24ff278e6e2b9931c
UI Sounds/Watch,3rd Party Success Haptic.caf,3rd Party Success Haptic,3rdParty_Success_Haptic.caf,"23G83__iPhone18,2/System/Library/Audio/UISounds/nano/3rdParty_Success_Haptic.caf","23G83__iPhone18,2/System/Library/Audio/UISounds/nano",0,bcca15a991ee0f619baacc1b3449aa17
UI Sounds/Watch,3rd Party Critical Haptic.caf,3rd Party Critical Haptic,3rd_Party_Critical_Haptic.caf,"23G83__iPhone18,2/System/Library/Audio/UISounds/nano/3rd_Party_Critical_Haptic.caf","23G83__iPhone18,2/System/Library/Audio/UISounds/nano",0,9cce4e04d1a7cf60d7745a20ec13c222
UI Sounds/Watch,Alarm Haptic.caf,Alarm Haptic,Alarm_Haptic.caf,"23G83__iPhone18,2/System/Library/Audio/UISounds/nano/Alarm_Haptic.caf","23G83__iPhone18,2/System/Library/Audio/UISounds/nano",1,e994193dd3f1faaefceb8771f40d5f6e
UI Sounds/Watch,Alarm Nightstand Haptic.caf,Alarm Nightstand Haptic,Alarm_Nightstand_Haptic.caf,"23G83__iPhone18,2/System/Library/Audio/UISounds/nano/Alarm_Nightstand_Haptic.caf","23G83__iPhone18,2/System/Library/Audio/UISounds/nano",0,ca24a18aa3bdae46bea41861828e7449
UI Sounds/Watch,Alert 1st Party Haptic.caf,Alert 1st Party Haptic,Alert_1stParty_Haptic.caf,"23G83__iPhone18,2/System/Library/Audio/UISounds/nano/Alert_1stParty_Haptic.caf","23G83__iPhone18,2/System/Library/Audio/UISounds/nano",7,b5987f6120e19ae2783560284267058f
UI Sounds/Watch,Alert 3rd Party Haptic.caf,Alert 3rd Party Haptic,Alert_3rdParty_Haptic.caf,"23G83__iPhone18,2/System/Library/Audio/UISounds/nano/Alert_3rdParty_Haptic.caf","23G83__iPhone18,2/System/Library/Audio/UISounds/nano",0,25d0a70ccfd4f336258712b1091e3906
UI Sounds/Watch,Alert 3rd Party Salient Haptic.caf,Alert 3rd Party Salient Haptic,Alert_3rdParty_Salient_Haptic.caf,"23G83__iPhone18,2/System/Library/Audio/UISounds/nano/Alert_3rdParty_Salient_Haptic.caf","23G83__iPhone18,2/System/Library/Audio/UISounds/nano",0,57155049865ecf9132a4f618eb24c9b2
UI Sounds/Watch,Alert Activity Friends Goal Attained Haptic.caf,Alert Activity Friends Goal Attained Haptic,Alert_ActivityFriendsGoalAttained_Haptic.caf,"23G83__iPhone18,2/System/Library/Audio/UISounds/nano/Alert_ActivityFriendsGoalAttained_Haptic.caf","23G83__iPhone18,2/System/Library/Audio/UISounds/nano",0,7cba20a4b3cdba8ddb3940fe7d95dc73
UI Sounds/Watch,Alert Activity Goal Attained Haptic.caf,Alert Activity Goal Attained Haptic,Alert_ActivityGoalAttained_Haptic.caf,"23G83__iPhone18,2/System/Library/Audio/UISounds/nano/Alert_ActivityGoalAttained_Haptic.caf","23G83__iPhone18,2/System/Library/Audio/UISounds/nano",1,6f70d9750343c8ec215f2068973d0847
UI Sounds/Watch,Alert Activity Goal Attained Salient Haptic.caf,Alert Activity Goal Attained Salient Haptic,Alert_ActivityGoalAttained_Salient_Haptic.caf,"23G83__iPhone18,2/System/Library/Audio/UISounds/nano/Alert_ActivityGoalAttained_Salient_Haptic.caf","23G83__iPhone18,2/System/Library/Audio/UISounds/nano",0,c1417b8df80eaee2e5a392c388e9383d
UI Sounds/Watch,Alert Activity Goal Behind Haptic.caf,Alert Activity Goal Behind Haptic,Alert_ActivityGoalBehind_Haptic.caf,"23G83__iPhone18,2/System/Library/Audio/UISounds/nano/Alert_ActivityGoalBehind_Haptic.caf","23G83__iPhone18,2/System/Library/Audio/UISounds/nano",1,989f8bec3821266f82cd13a894b46670
UI Sounds/Watch,Alert Activity Goal Behind Salient Haptic.caf,Alert Activity Goal Behind Salient Haptic,Alert_ActivityGoalBehind_Salient_Haptic.caf,"23G83__iPhone18,2/System/Library/Audio/UISounds/nano/Alert_ActivityGoalBehind_Salient_Haptic.caf","23G83__iPhone18,2/System/Library/Audio/UISounds/nano",0,4ec4cfda86284478bb67fd0199697f87
UI Sounds/Watch,Alert Battery Low 10p Haptic.caf,Alert Battery Low 10p Haptic,Alert_BatteryLow_10p_Haptic.caf,"23G83__iPhone18,2/System/Library/Audio/UISounds/nano/Alert_BatteryLow_10p_Haptic.caf","23G83__iPhone18,2/System/Library/Audio/UISounds/nano",1,643f1f2b998722db66fa7b51911f1d55
UI Sounds/Watch,Alert Battery Low 5p Salient Haptic.caf,Alert Battery Low 5p Salient Haptic,Alert_BatteryLow_5p_Salient_Haptic.caf,"23G83__iPhone18,2/System/Library/Audio/UISounds/nano/Alert_BatteryLow_5p_Salient_Haptic.caf","23G83__iPhone18,2/System/Library/Audio/UISounds/nano",0,d925eed72aca7125a5a8096fd2cb5be4
UI Sounds/Watch,Alert Calendar Haptic.caf,Alert Calendar Haptic,Alert_Calendar_Haptic.caf,"23G83__iPhone18,2/System/Library/Audio/UISounds/nano/Alert_Calendar_Haptic.caf","23G83__iPhone18,2/System/Library/Audio/UISounds/nano",1,c87b8f1bda2cca1e5852dfdcde048dc4
UI Sounds/Watch,Alert Calendar Salient Haptic.caf,Alert Calendar Salient Haptic,Alert_Calendar_Salient_Haptic.caf,"23G83__iPhone18,2/System/Library/Audio/UISounds/nano/Alert_Calendar_Salient_Haptic.caf","23G83__iPhone18,2/System/Library/Audio/UISounds/nano",1,c1028989fdc9f5e656b69ceb6b6c8952
UI Sounds/Watch,Alert Health Haptic.caf,Alert Health Haptic,Alert_Health_Haptic.caf,"23G83__iPhone18,2/System/Library/Audio/UISounds/nano/Alert_Health_Haptic.caf","23G83__iPhone18,2/System/Library/Audio/UISounds/nano",2,09aef3a1ea4448ca7fb55565e9c83007
UI Sounds/Watch,Alert Maps Directions In App Haptic.caf,Alert Maps Directions In App Haptic,Alert_MapsDirectionsInApp_Haptic.caf,"23G83__iPhone18,2/System/Library/Audio/UISounds/nano/Alert_MapsDirectionsInApp_Haptic.caf","23G83__iPhone18,2/System/Library/Audio/UISounds/nano",2,19bc0c620bc1092dc4c66c38f62d9458
UI Sounds/Watch,Alert Passbook Geofence Salient Haptic.caf,Alert Passbook Geofence Salient Haptic,Alert_PassbookGeofence_Salient_Haptic.caf,"23G83__iPhone18,2/System/Library/Audio/UISounds/nano/Alert_PassbookGeofence_Salient_Haptic.caf","23G83__iPhone18,2/System/Library/Audio/UISounds/nano",0,02d118f0a2671be43cbfb93c678e4375
UI Sounds/Watch,Alert Photostream Activity Haptic.caf,Alert Photostream Activity Haptic,Alert_PhotostreamActivity_Haptic.caf,"23G83__iPhone18,2/System/Library/Audio/UISounds/nano/Alert_PhotostreamActivity_Haptic.caf","23G83__iPhone18,2/System/Library/Audio/UISounds/nano",1,ec47408a327ee887782fa3e85b938e12
UI Sounds/Watch,Alert Spartan Connected Low Latency Haptic.caf,Alert Spartan Connected Low Latency Haptic,Alert_SpartanConnected_LowLatency_Haptic.caf,"23G83__iPhone18,2/System/Library/Audio/UISounds/nano/Alert_SpartanConnected_LowLatency_Haptic.caf","23G83__iPhone18,2/System/Library/Audio/UISounds/nano",0,7aacaa98ae0a236c16bd83bc95ad145a
UI Sounds/Watch,Alert Spartan Connecting Haptic.caf,Alert Spartan Connecting Haptic,Alert_SpartanConnecting_Haptic.caf,"23G83__iPhone18,2/System/Library/Audio/UISounds/nano/Alert_SpartanConnecting_Haptic.caf","23G83__iPhone18,2/System/Library/Audio/UISounds/nano",1,2bb559dde6054ce237b8e96fb543c4c5
UI Sounds/Watch,Alert Spartan Disconnected Low Latency Haptic.caf,Alert Spartan Disconnected Low Latency Haptic,Alert_SpartanDisconnected_LowLatency_Haptic.caf,"23G83__iPhone18,2/System/Library/Audio/UISounds/nano/Alert_SpartanDisconnected_LowLatency_Haptic.caf","23G83__iPhone18,2/System/Library/Audio/UISounds/nano",0,08a621295ed5b123c86da58b5695d90f
UI Sounds/Watch,Alert Voicemail Salient Haptic.caf,Alert Voicemail Salient Haptic,Alert_Voicemail_Salient_Haptic.caf,"23G83__iPhone18,2/System/Library/Audio/UISounds/nano/Alert_Voicemail_Salient_Haptic.caf","23G83__iPhone18,2/System/Library/Audio/UISounds/nano",0,f775fe6234cf64d87c5293006ab3bc26
UI Sounds/Watch,Alert Walkie Talkie Haptic.caf,Alert Walkie Talkie Haptic,Alert_WalkieTalkie_Haptic.caf,"23G83__iPhone18,2/System/Library/Audio/UISounds/nano/Alert_WalkieTalkie_Haptic.caf","23G83__iPhone18,2/System/Library/Audio/UISounds/nano",0,57a6ceac917bd656dc41a7085d50df65
UI Sounds/Watch,Auto Unlock Haptic.caf,Auto Unlock Haptic,AutoUnlock_Haptic.caf,"23G83__iPhone18,2/System/Library/Audio/UISounds/nano/AutoUnlock_Haptic.caf","23G83__iPhone18,2/System/Library/Audio/UISounds/nano",0,61443ee9e9704eb1858a18397def7ec1
UI Sounds/Watch,Battery Magsafe Haptic.caf,Battery Magsafe Haptic,BatteryMagsafe_Haptic.caf,"23G83__iPhone18,2/System/Library/Audio/UISounds/nano/BatteryMagsafe_Haptic.caf","23G83__iPhone18,2/System/Library/Audio/UISounds/nano",0,a628fe7d03496b5f7bf558c30495bb7d
UI Sounds/Watch,Beat Haptic.caf,Beat Haptic,Beat_Haptic.caf,"23G83__iPhone18,2/System/Library/Audio/UISounds/nano/Beat_Haptic.caf","23G83__iPhone18,2/System/Library/Audio/UISounds/nano",3,94cf44d1ac786cc830c98a70146a81f5
UI Sounds/Watch,Buddy Pairing Failure Haptic.caf,Buddy Pairing Failure Haptic,BuddyPairingFailure_Haptic.caf,"23G83__iPhone18,2/System/Library/Audio/UISounds/nano/BuddyPairingFailure_Haptic.caf","23G83__iPhone18,2/System/Library/Audio/UISounds/nano",1,f4798a5f77d977953735afebbb707af9
UI Sounds/Watch,Buddy Pairing Remote Tap Haptic.caf,Buddy Pairing Remote Tap Haptic,BuddyPairingRemoteTap_Haptic.caf,"23G83__iPhone18,2/System/Library/Audio/UISounds/nano/BuddyPairingRemoteTap_Haptic.caf","23G83__iPhone18,2/System/Library/Audio/UISounds/nano",1,dd46a8da7eb9aa5a410719cb417f31c3
UI Sounds/Watch,Camera Countdown Imminent Haptic.caf,Camera Countdown Imminent Haptic,CameraCountdownImminent_Haptic.caf,"23G83__iPhone18,2/System/Library/Audio/UISounds/nano/CameraCountdownImminent_Haptic.caf","23G83__iPhone18,2/System/Library/Audio/UISounds/nano",0,6688075c60929f51e86fe66472dbd4c2
UI Sounds/Watch,Camera Countdown Tick Haptic.caf,Camera Countdown Tick Haptic,CameraCountdownTick_Haptic.caf,"23G83__iPhone18,2/System/Library/Audio/UISounds/nano/CameraCountdownTick_Haptic.caf","23G83__iPhone18,2/System/Library/Audio/UISounds/nano",0,d7632281b856705334acfb3f53db2957
UI Sounds/Watch,Camera Shutter Haptic.caf,Camera Shutter Haptic,CameraShutter_Haptic.caf,"23G83__iPhone18,2/System/Library/Audio/UISounds/nano/CameraShutter_Haptic.caf","23G83__iPhone18,2/System/Library/Audio/UISounds/nano",0,bacf2e73c76507dfea27c12e90703c4b
UI Sounds/Watch,Detent Haptic.caf,Detent Haptic,Detent_Haptic.caf,"23G83__iPhone18,2/System/Library/Audio/UISounds/nano/Detent_Haptic.caf","23G83__iPhone18,2/System/Library/Audio/UISounds/nano",1,5bc0d401f59c527e4e9dc310f0744626
UI Sounds/Watch,Do Not Disturb Haptic.caf,Do Not Disturb Haptic,DoNotDisturb_Haptic.caf,"23G83__iPhone18,2/System/Library/Audio/UISounds/nano/DoNotDisturb_Haptic.caf","23G83__iPhone18,2/System/Library/Audio/UISounds/nano",0,d7bc0200477f5c50a55c34c3f0ccc547
UI Sounds/Watch,Doorbell Haptic.caf,Doorbell Haptic,Doorbell_Haptic.caf,"23G83__iPhone18,2/System/Library/Audio/UISounds/nano/Doorbell_Haptic.caf","23G83__iPhone18,2/System/Library/Audio/UISounds/nano",0,224e03156c923c41ccf887aae2f532ad
UI Sounds/Watch,ET Begin Notification Haptic.caf,ET Begin Notification Haptic,ET_BeginNotification_Haptic.caf,"23G83__iPhone18,2/System/Library/Audio/UISounds/nano/ET_BeginNotification_Haptic.caf","23G83__iPhone18,2/System/Library/Audio/UISounds/nano",0,bab8498fbca8ba5a69563b70b7989aaf
UI Sounds/Watch,ET Begin Notification Salient Haptic.caf,ET Begin Notification Salient Haptic,ET_BeginNotification_Salient_Haptic.caf,"23G83__iPhone18,2/System/Library/Audio/UISounds/nano/ET_BeginNotification_Salient_Haptic.caf","23G83__iPhone18,2/System/Library/Audio/UISounds/nano",0,579d6a5b5a0d806d1a8c4ea07bed3be2
UI Sounds/Watch,ET Remote Tap Receive Haptic.caf,ET Remote Tap Receive Haptic,ET_RemoteTap_Receive_Haptic.caf,"23G83__iPhone18,2/System/Library/Audio/UISounds/nano/ET_RemoteTap_Receive_Haptic.caf","23G83__iPhone18,2/System/Library/Audio/UISounds/nano",0,5f810c0f9680699191951d23fe54a1a0
UI Sounds/Watch,ET Remote Tap Send Haptic.caf,ET Remote Tap Send Haptic,ET_RemoteTap_Send_Haptic.caf,"23G83__iPhone18,2/System/Library/Audio/UISounds/nano/ET_RemoteTap_Send_Haptic.caf","23G83__iPhone18,2/System/Library/Audio/UISounds/nano",0,dc2068cf5bd2341cd32b49fce5c814e5
UI Sounds/Watch,Go To Sleep Haptic.caf,Go To Sleep Haptic,GoToSleep_Haptic.caf,"23G83__iPhone18,2/System/Library/Audio/UISounds/nano/GoToSleep_Haptic.caf","23G83__iPhone18,2/System/Library/Audio/UISounds/nano",0,b81bec5f0d9abadbb3d0e9ec2b6fa9ce
UI Sounds/Watch,Head Gestures Double Nod.caf,Head Gestures Double Nod,HeadGesturesDoubleNod.caf,"23G83__iPhone18,2/System/Library/Audio/UISounds/nano/HeadGesturesDoubleNod.caf","23G83__iPhone18,2/System/Library/Audio/UISounds/nano",0,719e1adae9b8bea8cb2122b46a35e91e
UI Sounds/Watch,Head Gestures Double Shake.caf,Head Gestures Double Shake,HeadGesturesDoubleShake.caf,"23G83__iPhone18,2/System/Library/Audio/UISounds/nano/HeadGesturesDoubleShake.caf","23G83__iPhone18,2/System/Library/Audio/UISounds/nano",0,bffd3983774ef884f601d8716e687457
UI Sounds/Watch,Head Gestures Partial Nod.caf,Head Gestures Partial Nod,HeadGesturesPartialNod.caf,"23G83__iPhone18,2/System/Library/Audio/UISounds/nano/HeadGesturesPartialNod.caf","23G83__iPhone18,2/System/Library/Audio/UISounds/nano",0,13e9e33b618b028643683fd83ae77e05
UI Sounds/Watch,Head Gestures Partial Shake.caf,Head Gestures Partial Shake,HeadGesturesPartialShake.caf,"23G83__iPhone18,2/System/Library/Audio/UISounds/nano/HeadGesturesPartialShake.caf","23G83__iPhone18,2/System/Library/Audio/UISounds/nano",0,460771842a4f3045c81e633817c0231d
UI Sounds/Watch,Headphone Audio Exposure Limit Exceeded.caf,Headphone Audio Exposure Limit Exceeded,HeadphoneAudioExposureLimitExceeded.caf,"23G83__iPhone18,2/System/Library/Audio/UISounds/nano/HeadphoneAudioExposureLimitExceeded.caf","23G83__iPhone18,2/System/Library/Audio/UISounds/nano",0,d83cf2f7c857a5acf530f262d60260c9
UI Sounds/Watch,Health Notification Urgent.caf,Health Notification Urgent,HealthNotificationUrgent.caf,"23G83__iPhone18,2/System/Library/Audio/UISounds/nano/HealthNotificationUrgent.caf","23G83__iPhone18,2/System/Library/Audio/UISounds/nano",0,1145566f7bc062972f2f53af940111c6
UI Sounds/Watch,Health Reading Complete Haptic.caf,Health Reading Complete Haptic,HealthReadingComplete_Haptic.caf,"23G83__iPhone18,2/System/Library/Audio/UISounds/nano/HealthReadingComplete_Haptic.caf","23G83__iPhone18,2/System/Library/Audio/UISounds/nano",0,5bd54ac0ec6f16bc9721b795e9db778c
UI Sounds/Watch,Health Reading Fail Haptic.caf,Health Reading Fail Haptic,HealthReadingFail_Haptic.caf,"23G83__iPhone18,2/System/Library/Audio/UISounds/nano/HealthReadingFail_Haptic.caf","23G83__iPhone18,2/System/Library/Audio/UISounds/nano",0,8e91990049453acd57cfd7ec892dfe37
UI Sounds/Watch,Hourly Chime Haptic.caf,Hourly Chime Haptic,HourlyChime_Haptic.caf,"23G83__iPhone18,2/System/Library/Audio/UISounds/nano/HourlyChime_Haptic.caf","23G83__iPhone18,2/System/Library/Audio/UISounds/nano",0,b592a4cddef5aaa41ad2824ef4248c9b
UI Sounds/Watch,Hummingbird Completion Haptic.caf,Hummingbird Completion Haptic,HummingbirdCompletion_Haptic.caf,"23G83__iPhone18,2/System/Library/Audio/UISounds/nano/HummingbirdCompletion_Haptic.caf","23G83__iPhone18,2/System/Library/Audio/UISounds/nano",0,b8111206785bbadae9b367ef5fb5e9a7
UI Sounds/Watch,Hummingbird Notification Haptic.caf,Hummingbird Notification Haptic,HummingbirdNotification_Haptic.caf,"23G83__iPhone18,2/System/Library/Audio/UISounds/nano/HummingbirdNotification_Haptic.caf","23G83__iPhone18,2/System/Library/Audio/UISounds/nano",0,9901ef30ea0eed1688e7a603f018aa86
UI Sounds/Watch,Interval Ended.caf,Interval Ended,IntervalEnded.caf,"23G83__iPhone18,2/System/Library/Audio/UISounds/nano/IntervalEnded.caf","23G83__iPhone18,2/System/Library/Audio/UISounds/nano",0,7350974b30bc5a68d885fec31ff8a5b4
UI Sounds/Watch,Interval Upcoming.caf,Interval Upcoming,IntervalUpcoming.caf,"23G83__iPhone18,2/System/Library/Audio/UISounds/nano/IntervalUpcoming.caf","23G83__iPhone18,2/System/Library/Audio/UISounds/nano",0,fe34f60046367c90f169eff07fa55284
UI Sounds/Watch,Media Handoff.caf,Media Handoff,MediaHandoff.caf,"23G83__iPhone18,2/System/Library/Audio/UISounds/nano/MediaHandoff.caf","23G83__iPhone18,2/System/Library/Audio/UISounds/nano",0,1c90cee695f81cb9ab57b03ffad01b02
UI Sounds/Watch,Media Paused.caf,Media Paused,MediaPaused.caf,"23G83__iPhone18,2/System/Library/Audio/UISounds/nano/MediaPaused.caf","23G83__iPhone18,2/System/Library/Audio/UISounds/nano",0,d42bd48056213618bc624f6b6a88a702
UI Sounds/Watch,Messages Incoming Haptic.caf,Messages Incoming Haptic,MessagesIncoming_Haptic.caf,"23G83__iPhone18,2/System/Library/Audio/UISounds/nano/MessagesIncoming_Haptic.caf","23G83__iPhone18,2/System/Library/Audio/UISounds/nano",0,6cbbaf170131571e32dce3e378051df5
UI Sounds/Watch,Messages Outgoing Haptic.caf,Messages Outgoing Haptic,MessagesOutgoing_Haptic.caf,"23G83__iPhone18,2/System/Library/Audio/UISounds/nano/MessagesOutgoing_Haptic.caf","23G83__iPhone18,2/System/Library/Audio/UISounds/nano",2,d5617387f9f4a9258a3d2d46e2905c20
UI Sounds/Watch,Mic Mute.caf,Mic Mute,MicMute.caf,"23G83__iPhone18,2/System/Library/Audio/UISounds/nano/MicMute.caf","23G83__iPhone18,2/System/Library/Audio/UISounds/nano",0,9c06fbc9ba3d0af4f63d056488ca34bf
UI Sounds/Watch,Mic Unmute.caf,Mic Unmute,MicUnmute.caf,"23G83__iPhone18,2/System/Library/Audio/UISounds/nano/MicUnmute.caf","23G83__iPhone18,2/System/Library/Audio/UISounds/nano",0,e62f202282603f04cbfc40212ab1759f
UI Sounds/Watch,Mic Unmute Fail.caf,Mic Unmute Fail,MicUnmuteFail.caf,"23G83__iPhone18,2/System/Library/Audio/UISounds/nano/MicUnmuteFail.caf","23G83__iPhone18,2/System/Library/Audio/UISounds/nano",0,e71df59eee4910071bc0273635c53234
UI Sounds/Watch,Multiway Invitation.caf,Multiway Invitation,MultiwayInvitation.caf,"23G83__iPhone18,2/System/Library/Audio/UISounds/nano/MultiwayInvitation.caf","23G83__iPhone18,2/System/Library/Audio/UISounds/nano",0,d4dfcad380f46e9614508dc45c32616c
UI Sounds/Watch,Multiway Join.caf,Multiway Join,MultiwayJoin.caf,"23G83__iPhone18,2/System/Library/Audio/UISounds/nano/MultiwayJoin.caf","23G83__iPhone18,2/System/Library/Audio/UISounds/nano",0,42c232b2eca6bddac2dc6f71c8f91fac
UI Sounds/Watch,Multiway Leave.caf,Multiway Leave,MultiwayLeave.caf,"23G83__iPhone18,2/System/Library/Audio/UISounds/nano/MultiwayLeave.caf","23G83__iPhone18,2/System/Library/Audio/UISounds/nano",0,67a285bf08b4a10ed705a4d34ecf1775
UI Sounds/Watch,Nano Alert 10.caf,Nano Alert 10,NanoAlert10.caf,"23G83__iPhone18,2/System/Library/Audio/UISounds/nano/NanoAlert10.caf","23G83__iPhone18,2/System/Library/Audio/UISounds/nano",0,6c6be2d6e6493fac0d976ab8ea0e551c
UI Sounds/Watch,Nano Alert 10 Prominent.caf,Nano Alert 10 Prominent,NanoAlert10_Prominent.caf,"23G83__iPhone18,2/System/Library/Audio/UISounds/nano/NanoAlert10_Prominent.caf","23G83__iPhone18,2/System/Library/Audio/UISounds/nano",0,ce94b8ce77bb16dcc14fc0e329b74bb6
UI Sounds/Watch,Nano Alert 2.caf,Nano Alert 2,NanoAlert2.caf,"23G83__iPhone18,2/System/Library/Audio/UISounds/nano/NanoAlert2.caf","23G83__iPhone18,2/System/Library/Audio/UISounds/nano",0,56811eceeae77bd278be5e41bd17e371
UI Sounds/Watch,Nano Alert 2 Prominent.caf,Nano Alert 2 Prominent,NanoAlert2_Prominent.caf,"23G83__iPhone18,2/System/Library/Audio/UISounds/nano/NanoAlert2_Prominent.caf","23G83__iPhone18,2/System/Library/Audio/UISounds/nano",0,75f61b06d74e136913e77f09c8280be4
UI Sounds/Watch,Nano Alert 3.caf,Nano Alert 3,NanoAlert3.caf,"23G83__iPhone18,2/System/Library/Audio/UISounds/nano/NanoAlert3.caf","23G83__iPhone18,2/System/Library/Audio/UISounds/nano",1,05ddf8c636d0371f4478311d77d40ff3
UI Sounds/Watch,Nano Alert 4.caf,Nano Alert 4,NanoAlert4.caf,"23G83__iPhone18,2/System/Library/Audio/UISounds/nano/NanoAlert4.caf","23G83__iPhone18,2/System/Library/Audio/UISounds/nano",1,4d4c3dce8437f49b052e97341b947220
UI Sounds/Watch,Nano Alert 5.caf,Nano Alert 5,NanoAlert5.caf,"23G83__iPhone18,2/System/Library/Audio/UISounds/nano/NanoAlert5.caf","23G83__iPhone18,2/System/Library/Audio/UISounds/nano",0,4972a1290debe964c91ec73edd15d497
UI Sounds/Watch,Nano Alert 5 Prominent.caf,Nano Alert 5 Prominent,NanoAlert5_Prominent.caf,"23G83__iPhone18,2/System/Library/Audio/UISounds/nano/NanoAlert5_Prominent.caf","23G83__iPhone18,2/System/Library/Audio/UISounds/nano",0,5459d0625f921296b738aa824ee39c3e
UI Sounds/Watch,Nano Alert 6.caf,Nano Alert 6,NanoAlert6.caf,"23G83__iPhone18,2/System/Library/Audio/UISounds/nano/NanoAlert6.caf","23G83__iPhone18,2/System/Library/Audio/UISounds/nano",1,8ef0810c936feb132a2301d939e278f0
UI Sounds/Watch,Nano Ringtone 3.caf,Nano Ringtone 3,NanoRingtone3.caf,"23G83__iPhone18,2/System/Library/Audio/UISounds/nano/NanoRingtone3.caf","23G83__iPhone18,2/System/Library/Audio/UISounds/nano",0,901bdf8b28788baeccc21fd10ee5023a
UI Sounds/Watch,Nano Ringtone 4.caf,Nano Ringtone 4,NanoRingtone4.caf,"23G83__iPhone18,2/System/Library/Audio/UISounds/nano/NanoRingtone4.caf","23G83__iPhone18,2/System/Library/Audio/UISounds/nano",0,09c256fe01693743ea143e5e112aa0dd
UI Sounds/Watch,Nano Ringtone 6.caf,Nano Ringtone 6,NanoRingtone6.caf,"23G83__iPhone18,2/System/Library/Audio/UISounds/nano/NanoRingtone6.caf","23G83__iPhone18,2/System/Library/Audio/UISounds/nano",0,42b0985647b592e121c35ba73779f0c5
UI Sounds/Watch,Navigation Generic Maneuver Salient Haptic.caf,Navigation Generic Maneuver Salient Haptic,NavigationGenericManeuver_Salient_Haptic.caf,"23G83__iPhone18,2/System/Library/Audio/UISounds/nano/NavigationGenericManeuver_Salient_Haptic.caf","23G83__iPhone18,2/System/Library/Audio/UISounds/nano",0,784730469374a5615c37a8d8ab635e15
UI Sounds/Watch,Navigation Left Turn Haptic.caf,Navigation Left Turn Haptic,NavigationLeftTurn_Haptic.caf,"23G83__iPhone18,2/System/Library/Audio/UISounds/nano/NavigationLeftTurn_Haptic.caf","23G83__iPhone18,2/System/Library/Audio/UISounds/nano",0,aa9a8704d59bfa4987968102997102fa
UI Sounds/Watch,Navigation Left Turn Salient Haptic.caf,Navigation Left Turn Salient Haptic,NavigationLeftTurn_Salient_Haptic.caf,"23G83__iPhone18,2/System/Library/Audio/UISounds/nano/NavigationLeftTurn_Salient_Haptic.caf","23G83__iPhone18,2/System/Library/Audio/UISounds/nano",0,03d098bef4fbd6cd617b77bb9c011f50
UI Sounds/Watch,Navigation Right Turn Haptic.caf,Navigation Right Turn Haptic,NavigationRightTurn_Haptic.caf,"23G83__iPhone18,2/System/Library/Audio/UISounds/nano/NavigationRightTurn_Haptic.caf","23G83__iPhone18,2/System/Library/Audio/UISounds/nano",0,a1f46d33a907d9f69a037affa6537662
UI Sounds/Watch,Navigation Right Turn Salient Haptic.caf,Navigation Right Turn Salient Haptic,NavigationRightTurn_Salient_Haptic.caf,"23G83__iPhone18,2/System/Library/Audio/UISounds/nano/NavigationRightTurn_Salient_Haptic.caf","23G83__iPhone18,2/System/Library/Audio/UISounds/nano",0,c22811185ac7f2328bab2a9206cfac6f
UI Sounds/Watch,Notification Haptic.caf,Notification Haptic,Notification_Haptic.caf,"23G83__iPhone18,2/System/Library/Audio/UISounds/nano/Notification_Haptic.caf","23G83__iPhone18,2/System/Library/Audio/UISounds/nano",0,dd17a0ec751b44c15754ce747e8f314f
UI Sounds/Watch,Notification Salient Haptic.caf,Notification Salient Haptic,Notification_Salient_Haptic.caf,"23G83__iPhone18,2/System/Library/Audio/UISounds/nano/Notification_Salient_Haptic.caf","23G83__iPhone18,2/System/Library/Audio/UISounds/nano",0,9a8be39fdc9fa5d82af9809b62b69479
UI Sounds/Watch,On Off Passcode Failure Haptic.caf,On Off Passcode Failure Haptic,OnOffPasscodeFailure_Haptic.caf,"23G83__iPhone18,2/System/Library/Audio/UISounds/nano/OnOffPasscodeFailure_Haptic.caf","23G83__iPhone18,2/System/Library/Audio/UISounds/nano",0,eaa06b9239e642fcb181d8b87f9518c1
UI Sounds/Watch,On Off Passcode Unlock Campanion Haptic.caf,On Off Passcode Unlock Campanion Haptic,OnOffPasscodeUnlockCampanion_Haptic.caf,"23G83__iPhone18,2/System/Library/Audio/UISounds/nano/OnOffPasscodeUnlockCampanion_Haptic.caf","23G83__iPhone18,2/System/Library/Audio/UISounds/nano",0,16c130acc458d4e149fb295579a66c26
UI Sounds/Watch,On Off Passcode Unlock Haptic.caf,On Off Passcode Unlock Haptic,OnOffPasscodeUnlock_Haptic.caf,"23G83__iPhone18,2/System/Library/Audio/UISounds/nano/OnOffPasscodeUnlock_Haptic.caf","23G83__iPhone18,2/System/Library/Audio/UISounds/nano",0,9d836a2427eddc71e3d14d38824eed7f
UI Sounds/Watch,Orb Exit Haptic.caf,Orb Exit Haptic,OrbExit_Haptic.caf,"23G83__iPhone18,2/System/Library/Audio/UISounds/nano/OrbExit_Haptic.caf","23G83__iPhone18,2/System/Library/Audio/UISounds/nano",0,483f6a5b24914fa93cf38ef3d9ef8e57
UI Sounds/Watch,Phone Answer Haptic.caf,Phone Answer Haptic,PhoneAnswer_Haptic.caf,"23G83__iPhone18,2/System/Library/Audio/UISounds/nano/PhoneAnswer_Haptic.caf","23G83__iPhone18,2/System/Library/Audio/UISounds/nano",10,7cbe622538d5d969a99cc32d5c36f346
UI Sounds/Watch,Preview Audio And Haptic.caf,Preview Audio And Haptic,Preview_AudioAndHaptic.caf,"23G83__iPhone18,2/System/Library/Audio/UISounds/nano/Preview_AudioAndHaptic.caf","23G83__iPhone18,2/System/Library/Audio/UISounds/nano",0,277e6a4e4be00203ec6993dccc497273
UI Sounds/Watch,Push To Talk Joined.caf,Push To Talk Joined,PushToTalkJoined.caf,"23G83__iPhone18,2/System/Library/Audio/UISounds/nano/PushToTalkJoined.caf","23G83__iPhone18,2/System/Library/Audio/UISounds/nano",0,8ad506dea074536077863841cc2eee38
UI Sounds/Watch,Push To Talk Left.caf,Push To Talk Left,PushToTalkLeft.caf,"23G83__iPhone18,2/System/Library/Audio/UISounds/nano/PushToTalkLeft.caf","23G83__iPhone18,2/System/Library/Audio/UISounds/nano",0,e4f78885bf1c40b1dfa6f507714c77a7
UI Sounds/Watch,Push To Talk Mute.caf,Push To Talk Mute,PushToTalkMute.caf,"23G83__iPhone18,2/System/Library/Audio/UISounds/nano/PushToTalkMute.caf","23G83__iPhone18,2/System/Library/Audio/UISounds/nano",0,26a937470c5341b19443c016d1786aa5
UI Sounds/Watch,Push To Talk Unmute.caf,Push To Talk Unmute,PushToTalkUnmute.caf,"23G83__iPhone18,2/System/Library/Audio/UISounds/nano/PushToTalkUnmute.caf","23G83__iPhone18,2/System/Library/Audio/UISounds/nano",0,6562a4d6aade9dbe2f2f9e92c339af3c
UI Sounds/Watch,Push To Talk Unmute Fail.caf,Push To Talk Unmute Fail,PushToTalkUnmuteFail.caf,"23G83__iPhone18,2/System/Library/Audio/UISounds/nano/PushToTalkUnmuteFail.caf","23G83__iPhone18,2/System/Library/Audio/UISounds/nano",0,2fd84a0afe967b2b1753b674a603677a
UI Sounds/Watch,QB Dictation Haptic.caf,QB Dictation Haptic,QB_Dictation_Haptic.caf,"23G83__iPhone18,2/System/Library/Audio/UISounds/nano/QB_Dictation_Haptic.caf","23G83__iPhone18,2/System/Library/Audio/UISounds/nano",0,87c02b184c70ecdc254223707c261636
UI Sounds/Watch,QB Dictation Off Haptic.caf,QB Dictation Off Haptic,QB_Dictation_Off_Haptic.caf,"23G83__iPhone18,2/System/Library/Audio/UISounds/nano/QB_Dictation_Off_Haptic.caf","23G83__iPhone18,2/System/Library/Audio/UISounds/nano",0,5a053fce23e1253f2b4d79bd8ce84e7b
UI Sounds/Watch,Receiver Confirmation.caf,Receiver Confirmation,ReceiverConfirmation.caf,"23G83__iPhone18,2/System/Library/Audio/UISounds/nano/ReceiverConfirmation.caf","23G83__iPhone18,2/System/Library/Audio/UISounds/nano",0,7ddbb20ed6a7ba70212a7cccae76f01e
UI Sounds/Watch,Receiver Connect.caf,Receiver Connect,ReceiverConnect.caf,"23G83__iPhone18,2/System/Library/Audio/UISounds/nano/ReceiverConnect.caf","23G83__iPhone18,2/System/Library/Audio/UISounds/nano",0,75dbc0c1dcf52fdf835702f9cf578379
UI Sounds/Watch,Regatta Timer.caf,Regatta Timer,RegattaTimer.caf,"23G83__iPhone18,2/System/Library/Audio/UISounds/nano/RegattaTimer.caf","23G83__iPhone18,2/System/Library/Audio/UISounds/nano",0,966b2bcb7ab969fa1f019d0687fe397d
UI Sounds/Watch,Remote Camera Shutter Burst Begin Haptic.caf,Remote Camera Shutter Burst Begin Haptic,RemoteCameraShutterBurstBegin_Haptic.caf,"23G83__iPhone18,2/System/Library/Audio/UISounds/nano/RemoteCameraShutterBurstBegin_Haptic.caf","23G83__iPhone18,2/System/Library/Audio/UISounds/nano",0,be5ee84f3e17962d9b46bf2cc22bd88f
UI Sounds/Watch,Remote Camera Shutter Burst End Haptic.caf,Remote Camera Shutter Burst End Haptic,RemoteCameraShutterBurstEnd_Haptic.caf,"23G83__iPhone18,2/System/Library/Audio/UISounds/nano/RemoteCameraShutterBurstEnd_Haptic.caf","23G83__iPhone18,2/System/Library/Audio/UISounds/nano",0,238910de5c65b50aa6e5c0f471fd20c7
UI Sounds/Watch,Ringtone Ducked UK Haptic.caf,Ringtone Ducked UK Haptic,RingtoneDucked_UK_Haptic.caf,"23G83__iPhone18,2/System/Library/Audio/UISounds/nano/RingtoneDucked_UK_Haptic.caf","23G83__iPhone18,2/System/Library/Audio/UISounds/nano",0,5a99a811ca7587a04e4b1e1081f306f1
UI Sounds/Watch,Ringtone Ducked US Haptic.caf,Ringtone Ducked US Haptic,RingtoneDucked_US_Haptic.caf,"23G83__iPhone18,2/System/Library/Audio/UISounds/nano/RingtoneDucked_US_Haptic.caf","23G83__iPhone18,2/System/Library/Audio/UISounds/nano",0,97dc225c0dd540d1d83bd2a1a086d0f7
UI Sounds/Watch,Ringtone 2 Ducked Haptic Sashimi.caf,Ringtone 2 Ducked Haptic Sashimi,Ringtone_2_Ducked_Haptic-sashimi.caf,"23G83__iPhone18,2/System/Library/Audio/UISounds/nano/Ringtone_2_Ducked_Haptic-sashimi.caf","23G83__iPhone18,2/System/Library/Audio/UISounds/nano",0,a9c0b8bf417ff149dd24d72af286c7c6
UI Sounds/Watch,Ringtone 2 Haptic Sashimi.caf,Ringtone 2 Haptic Sashimi,Ringtone_2_Haptic-sashimi.caf,"23G83__iPhone18,2/System/Library/Audio/UISounds/nano/Ringtone_2_Haptic-sashimi.caf","23G83__iPhone18,2/System/Library/Audio/UISounds/nano",0,cfed36132ff294c58b311c292da05707
UI Sounds/Watch,Ringtone UK Haptic.caf,Ringtone UK Haptic,Ringtone_UK_Haptic.caf,"23G83__iPhone18,2/System/Library/Audio/UISounds/nano/Ringtone_UK_Haptic.caf","23G83__iPhone18,2/System/Library/Audio/UISounds/nano",0,132b2a8390814be5231e19e3f6577c29
UI Sounds/Watch,Ringtone US Haptic.caf,Ringtone US Haptic,Ringtone_US_Haptic.caf,"23G83__iPhone18,2/System/Library/Audio/UISounds/nano/Ringtone_US_Haptic.caf","23G83__iPhone18,2/System/Library/Audio/UISounds/nano",0,95f8f864f1465801346565b68eb02d45
UI Sounds/Watch,Salient Notification Haptic.caf,Salient Notification Haptic,SalientNotification_Haptic.caf,"23G83__iPhone18,2/System/Library/Audio/UISounds/nano/SalientNotification_Haptic.caf","23G83__iPhone18,2/System/Library/Audio/UISounds/nano",0,72030e8f19747e7a91accf5690ff6347
UI Sounds/Watch,Screen Capture.caf,Screen Capture,ScreenCapture.caf,"23G83__iPhone18,2/System/Library/Audio/UISounds/nano/ScreenCapture.caf","23G83__iPhone18,2/System/Library/Audio/UISounds/nano",0,61c9e16b003d49f7be5ff5883a587663
UI Sounds/Watch,Screen Sharing Started.caf,Screen Sharing Started,ScreenSharingStarted.caf,"23G83__iPhone18,2/System/Library/Audio/UISounds/nano/ScreenSharingStarted.caf","23G83__iPhone18,2/System/Library/Audio/UISounds/nano",0,fc4273c4d2bb20a33ce60a06fbcd0696
UI Sounds/Watch,Sedentary Timer Haptic.caf,Sedentary Timer Haptic,SedentaryTimer_Haptic.caf,"23G83__iPhone18,2/System/Library/Audio/UISounds/nano/SedentaryTimer_Haptic.caf","23G83__iPhone18,2/System/Library/Audio/UISounds/nano",0,dedf3cf62f5004923c49e7df1b07eef0
UI Sounds/Watch,Sedentary Timer Salient Haptic.caf,Sedentary Timer Salient Haptic,SedentaryTimer_Salient_Haptic.caf,"23G83__iPhone18,2/System/Library/Audio/UISounds/nano/SedentaryTimer_Salient_Haptic.caf","23G83__iPhone18,2/System/Library/Audio/UISounds/nano",0,c81d1102c213602bf27cf1c8f35b9276
UI Sounds/Watch,Sender Confirmation.caf,Sender Confirmation,SenderConfirmation.caf,"23G83__iPhone18,2/System/Library/Audio/UISounds/nano/SenderConfirmation.caf","23G83__iPhone18,2/System/Library/Audio/UISounds/nano",0,f5da77903425f45c14fe638b11de3f02
UI Sounds/Watch,Siren Countdown Major Haptic.caf,Siren Countdown Major Haptic,Siren_Countdown_Major_Haptic.caf,"23G83__iPhone18,2/System/Library/Audio/UISounds/nano/Siren_Countdown_Major_Haptic.caf","23G83__iPhone18,2/System/Library/Audio/UISounds/nano",0,7af890792d8836bc8f985008dbdd4e66
UI Sounds/Watch,Siren Countdown Minor Haptic.caf,Siren Countdown Minor Haptic,Siren_Countdown_Minor_Haptic.caf,"23G83__iPhone18,2/System/Library/Audio/UISounds/nano/Siren_Countdown_Minor_Haptic.caf","23G83__iPhone18,2/System/Library/Audio/UISounds/nano",0,b3fb2dfaaed51c11b3c22599d956c480
UI Sounds/Watch,Siri Start Haptic.caf,Siri Start Haptic,SiriStart_Haptic.caf,"23G83__iPhone18,2/System/Library/Audio/UISounds/nano/SiriStart_Haptic.caf","23G83__iPhone18,2/System/Library/Audio/UISounds/nano",0,8cc2fc56abfe3380ffcb9832c54041b1
UI Sounds/Watch,Siri Stop Failure Haptic.caf,Siri Stop Failure Haptic,SiriStopFailure_Haptic.caf,"23G83__iPhone18,2/System/Library/Audio/UISounds/nano/SiriStopFailure_Haptic.caf","23G83__iPhone18,2/System/Library/Audio/UISounds/nano",0,07ee5ab93d44416914cd930a92703daf
UI Sounds/Watch,Siri Stop Success Haptic.caf,Siri Stop Success Haptic,SiriStopSuccess_Haptic.caf,"23G83__iPhone18,2/System/Library/Audio/UISounds/nano/SiriStopSuccess_Haptic.caf","23G83__iPhone18,2/System/Library/Audio/UISounds/nano",0,6c203865269aaad7277c19f3478a7253
UI Sounds/Watch,Stockholm Haptic.caf,Stockholm Haptic,Stockholm_Haptic.caf,"23G83__iPhone18,2/System/Library/Audio/UISounds/nano/Stockholm_Haptic.caf","23G83__iPhone18,2/System/Library/Audio/UISounds/nano",0,04653b5d58f059b2f210ac035e47bbe5
UI Sounds/Watch,System Startup Haptic.caf,System Startup Haptic,SystemStartup_Haptic.caf,"23G83__iPhone18,2/System/Library/Audio/UISounds/nano/SystemStartup_Haptic.caf","23G83__iPhone18,2/System/Library/Audio/UISounds/nano",0,ec2a2ad81acd3b36454c03c251ae739d
UI Sounds/Watch,Timer Wheel Hours Detent Haptic.caf,Timer Wheel Hours Detent Haptic,TimerWheelHoursDetent_Haptic.caf,"23G83__iPhone18,2/System/Library/Audio/UISounds/nano/TimerWheelHoursDetent_Haptic.caf","23G83__iPhone18,2/System/Library/Audio/UISounds/nano",1,e19236bae846103df5237351e1612aa8
UI Sounds/Watch,UI Swipe Haptic.caf,UI Swipe Haptic,UISwipe_Haptic.caf,"23G83__iPhone18,2/System/Library/Audio/UISounds/nano/UISwipe_Haptic.caf","23G83__iPhone18,2/System/Library/Audio/UISounds/nano",0,7be769f4e7d7eedc69444f4097d9d77a
UI Sounds/Watch,UI Switch Off Haptic.caf,UI Switch Off Haptic,UISwitch_Off_Haptic.caf,"23G83__iPhone18,2/System/Library/Audio/UISounds/nano/UISwitch_Off_Haptic.caf","23G83__iPhone18,2/System/Library/Audio/UISounds/nano",1,9ab82138e105abf200d2502fd3f247c2
UI Sounds/Watch,Voice Over Click Haptic.caf,Voice Over Click Haptic,VoiceOver_Click_Haptic.caf,"23G83__iPhone18,2/System/Library/Audio/UISounds/nano/VoiceOver_Click_Haptic.caf","23G83__iPhone18,2/System/Library/Audio/UISounds/nano",0,0205a06fa5ecd128dfb9fb9c1a2fa7a8
UI Sounds/Watch,Walk A Mile Haptic.caf,Walk A Mile Haptic,WalkAMile_Haptic.caf,"23G83__iPhone18,2/System/Library/Audio/UISounds/nano/WalkAMile_Haptic.caf","23G83__iPhone18,2/System/Library/Audio/UISounds/nano",0,e73b3b99231f80f3a973ade3aba4ed48
UI Sounds/Watch,Walkie Talkie Active End Haptic.caf,Walkie Talkie Active End Haptic,WalkieTalkieActiveEnd_Haptic.caf,"23G83__iPhone18,2/System/Library/Audio/UISounds/nano/WalkieTalkieActiveEnd_Haptic.caf","23G83__iPhone18,2/System/Library/Audio/UISounds/nano",0,48446272c2655b2bf43e4051216a68cb
UI Sounds/Watch,Walkie Talkie Active Start Haptic.caf,Walkie Talkie Active Start Haptic,WalkieTalkieActiveStart_Haptic.caf,"23G83__iPhone18,2/System/Library/Audio/UISounds/nano/WalkieTalkieActiveStart_Haptic.caf","23G83__iPhone18,2/System/Library/Audio/UISounds/nano",0,2bda02502427c240f08e4ede4a84c777
UI Sounds/Watch,Walkie Talkie Receive End Haptic.caf,Walkie Talkie Receive End Haptic,WalkieTalkieReceiveEnd_Haptic.caf,"23G83__iPhone18,2/System/Library/Audio/UISounds/nano/WalkieTalkieReceiveEnd_Haptic.caf","23G83__iPhone18,2/System/Library/Audio/UISounds/nano",0,c970c20ee29caf64d9c75175b3de3f69
UI Sounds/Watch,Walkie Talkie Receive Start Haptic.caf,Walkie Talkie Receive Start Haptic,WalkieTalkieReceiveStart_Haptic.caf,"23G83__iPhone18,2/System/Library/Audio/UISounds/nano/WalkieTalkieReceiveStart_Haptic.caf","23G83__iPhone18,2/System/Library/Audio/UISounds/nano",0,d1011e37f784ec4a6084b9760a72921c
UI Sounds/Watch,Warsaw Haptic.caf,Warsaw Haptic,Warsaw_Haptic.caf,"23G83__iPhone18,2/System/Library/Audio/UISounds/nano/Warsaw_Haptic.caf","23G83__iPhone18,2/System/Library/Audio/UISounds/nano",0,b57d729bc83445021ab005f198ec9305
UI Sounds/Watch,Workout Complete Autodetect.caf,Workout Complete Autodetect,WorkoutCompleteAutodetect.caf,"23G83__iPhone18,2/System/Library/Audio/UISounds/nano/WorkoutCompleteAutodetect.caf","23G83__iPhone18,2/System/Library/Audio/UISounds/nano",0,6e43c971cc2d0e7565fb3a92dcaee18e
UI Sounds/Watch,Workout Pace Above.caf,Workout Pace Above,WorkoutPaceAbove.caf,"23G83__iPhone18,2/System/Library/Audio/UISounds/nano/WorkoutPaceAbove.caf","23G83__iPhone18,2/System/Library/Audio/UISounds/nano",0,c4ff9939c2ed3e5300919798fae32cbf
UI Sounds/Watch,Workout Pace Below.caf,Workout Pace Below,WorkoutPaceBelow.caf,"23G83__iPhone18,2/System/Library/Audio/UISounds/nano/WorkoutPaceBelow.caf","23G83__iPhone18,2/System/Library/Audio/UISounds/nano",0,41a647758b2926e7be8227dec8036fca
UI Sounds/Watch,Workout Paused Auto Detect.caf,Workout Paused Auto Detect,WorkoutPausedAutoDetect.caf,"23G83__iPhone18,2/System/Library/Audio/UISounds/nano/WorkoutPausedAutoDetect.caf","23G83__iPhone18,2/System/Library/Audio/UISounds/nano",1,6b3b4df86f6a8d3db8402c8d30559d46
UI Sounds/Watch,Workout Precision Start Haptic.caf,Workout Precision Start Haptic,WorkoutPrecisionStart_Haptic.caf,"23G83__iPhone18,2/System/Library/Audio/UISounds/nano/WorkoutPrecisionStart_Haptic.caf","23G83__iPhone18,2/System/Library/Audio/UISounds/nano",0,1343fadffbb32c6c87ad92035ceff004
UI Sounds/Watch,Workout Resumed Auto Detect.caf,Workout Resumed Auto Detect,WorkoutResumedAutoDetect.caf,"23G83__iPhone18,2/System/Library/Audio/UISounds/nano/WorkoutResumedAutoDetect.caf","23G83__iPhone18,2/System/Library/Audio/UISounds/nano",1,5b855a19cd779a428c5e49161b18b541
UI Sounds/Watch,Workout Saved Haptic.caf,Workout Saved Haptic,WorkoutSaved_Haptic.caf,"23G83__iPhone18,2/System/Library/Audio/UISounds/nano/WorkoutSaved_Haptic.caf","23G83__iPhone18,2/System/Library/Audio/UISounds/nano",0,171486640ad3eab8201ca6d5dbaed6c6
UI Sounds/Watch,Workout Start Autodetect.caf,Workout Start Autodetect,WorkoutStartAutodetect.caf,"23G83__iPhone18,2/System/Library/Audio/UISounds/nano/WorkoutStartAutodetect.caf","23G83__iPhone18,2/System/Library/Audio/UISounds/nano",0,4622d319421dc25d8be53ae3c2590aa1
UI Sounds/Watch,Busy Tone Ansi.caf,Busy Tone Ansi,busy_tone_ansi.caf,"23G83__iPhone18,2/System/Library/Audio/UISounds/nano/busy_tone_ansi.caf","23G83__iPhone18,2/System/Library/Audio/UISounds/nano",0,0729e8e2251ae2f91b15c24a0c5baac4
UI Sounds/Watch,Busy Tone Cept.caf,Busy Tone Cept,busy_tone_cept.caf,"23G83__iPhone18,2/System/Library/Audio/UISounds/nano/busy_tone_cept.caf","23G83__iPhone18,2/System/Library/Audio/UISounds/nano",0,13fdba1a83bc38d386cb0d22186e8647
UI Sounds/Watch,Call Waiting Tone Ansi.caf,Call Waiting Tone Ansi,call_waiting_tone_ansi.caf,"23G83__iPhone18,2/System/Library/Audio/UISounds/nano/call_waiting_tone_ansi.caf","23G83__iPhone18,2/System/Library/Audio/UISounds/nano",0,7a6771e464f3f1d29f74628a0c0c8d1b
UI Sounds/Watch,Call Waiting Tone Cept.caf,Call Waiting Tone Cept,call_waiting_tone_cept.caf,"23G83__iPhone18,2/System/Library/Audio/UISounds/nano/call_waiting_tone_cept.caf","23G83__iPhone18,2/System/Library/Audio/UISounds/nano",0,da631ea2efa3f42dbabe07a411fc3dee
UI Sounds/Watch,ct-call Waiting.caf,ct-call Waiting,ct-call-waiting.caf,"23G83__iPhone18,2/System/Library/Audio/UISounds/nano/ct-call-waiting.caf","23G83__iPhone18,2/System/Library/Audio/UISounds/nano",0,f8688ae8e74a543d5d80e0df16469220
UI Sounds/Watch,Dtmf 0.caf,Dtmf 0,dtmf-0.caf,"23G83__iPhone18,2/System/Library/Audio/UISounds/nano/dtmf-0.caf","23G83__iPhone18,2/System/Library/Audio/UISounds/nano",0,2440538adc68520a355e0bcd6ff500fa
UI Sounds/Watch,Dtmf 1.caf,Dtmf 1,dtmf-1.caf,"23G83__iPhone18,2/System/Library/Audio/UISounds/nano/dtmf-1.caf","23G83__iPhone18,2/System/Library/Audio/UISounds/nano",0,2c9437d449facbbd1d5c8f809d8e5892
UI Sounds/Watch,Dtmf 2.caf,Dtmf 2,dtmf-2.caf,"23G83__iPhone18,2/System/Library/Audio/UISounds/nano/dtmf-2.caf","23G83__iPhone18,2/System/Library/Audio/UISounds/nano",0,966808ca2aa6c1bdcb75e2eab8b2677c
UI Sounds/Watch,Dtmf 3.caf,Dtmf 3,dtmf-3.caf,"23G83__iPhone18,2/System/Library/Audio/UISounds/nano/dtmf-3.caf","23G83__iPhone18,2/System/Library/Audio/UISounds/nano",0,55a4129c97b244858a3bc655b02220ab
UI Sounds/Watch,Dtmf 4.caf,Dtmf 4,dtmf-4.caf,"23G83__iPhone18,2/System/Library/Audio/UISounds/nano/dtmf-4.caf","23G83__iPhone18,2/System/Library/Audio/UISounds/nano",0,0b036d26b0aa1670ae42b5c16e94ff0c
UI Sounds/Watch,Dtmf 5.caf,Dtmf 5,dtmf-5.caf,"23G83__iPhone18,2/System/Library/Audio/UISounds/nano/dtmf-5.caf","23G83__iPhone18,2/System/Library/Audio/UISounds/nano",0,12965c69d7381223fc0140fc716ce96e
UI Sounds/Watch,Dtmf 6.caf,Dtmf 6,dtmf-6.caf,"23G83__iPhone18,2/System/Library/Audio/UISounds/nano/dtmf-6.caf","23G83__iPhone18,2/System/Library/Audio/UISounds/nano",0,92e7e0e5c379ba6d410e877275cb2b49
UI Sounds/Watch,Dtmf 7.caf,Dtmf 7,dtmf-7.caf,"23G83__iPhone18,2/System/Library/Audio/UISounds/nano/dtmf-7.caf","23G83__iPhone18,2/System/Library/Audio/UISounds/nano",0,b1bba4bf8cb1416787c4c667228a9bfd
UI Sounds/Watch,Dtmf 8.caf,Dtmf 8,dtmf-8.caf,"23G83__iPhone18,2/System/Library/Audio/UISounds/nano/dtmf-8.caf","23G83__iPhone18,2/System/Library/Audio/UISounds/nano",0,630ad99f7c6b0ae11fc42c5c8428f1f8
UI Sounds/Watch,Dtmf 9.caf,Dtmf 9,dtmf-9.caf,"23G83__iPhone18,2/System/Library/Audio/UISounds/nano/dtmf-9.caf","23G83__iPhone18,2/System/Library/Audio/UISounds/nano",0,c50ad2397c526b5ae8fc1741a6037627
UI Sounds/Watch,Dtmf Pound.caf,Dtmf Pound,dtmf-pound.caf,"23G83__iPhone18,2/System/Library/Audio/UISounds/nano/dtmf-pound.caf","23G83__iPhone18,2/System/Library/Audio/UISounds/nano",0,e37ef99b801fc57356de6d90c132741f
UI Sounds/Watch,Dtmf Star.caf,Dtmf Star,dtmf-star.caf,"23G83__iPhone18,2/System/Library/Audio/UISounds/nano/dtmf-star.caf","23G83__iPhone18,2/System/Library/Audio/UISounds/nano",0,25048f094df89f1f58dcbc2b27641f8c
UI Sounds/Watch,End Call Tone Cept.caf,End Call Tone Cept,end_call_tone_cept.caf,"23G83__iPhone18,2/System/Library/Audio/UISounds/nano/end_call_tone_cept.caf","23G83__iPhone18,2/System/Library/Audio/UISounds/nano",0,7347122984e68dd3d4c483ff6f3db35b
UI Sounds/Watch,Ringback Tone Ansi.caf,Ringback Tone Ansi,ringback_tone_ansi.caf,"23G83__iPhone18,2/System/Library/Audio/UISounds/nano/ringback_tone_ansi.caf","23G83__iPhone18,2/System/Library/Audio/UISounds/nano",0,0ed8c735ca745561dc36f15180bd47cd
UI Sounds/Watch,Ringback Tone Aus.caf,Ringback Tone Aus,ringback_tone_aus.caf,"23G83__iPhone18,2/System/Library/Audio/UISounds/nano/ringback_tone_aus.caf","23G83__iPhone18,2/System/Library/Audio/UISounds/nano",0,eec3b9b25499ec375cd686bcb4a40359
UI Sounds/Watch,Ringback Tone Cept.caf,Ringback Tone Cept,ringback_tone_cept.caf,"23G83__iPhone18,2/System/Library/Audio/UISounds/nano/ringback_tone_cept.caf","23G83__iPhone18,2/System/Library/Audio/UISounds/nano",0,9e5814b1c512de882fd9e77145c290ab
UI Sounds/Watch,Ringback Tone Hk.caf,Ringback Tone Hk,ringback_tone_hk.caf,"23G83__iPhone18,2/System/Library/Audio/UISounds/nano/ringback_tone_hk.caf","23G83__iPhone18,2/System/Library/Audio/UISounds/nano",0,0595fd3b91892d5bb5652b6d5dee3293
UI Sounds/Watch,Ringback Tone Uk.caf,Ringback Tone Uk,ringback_tone_uk.caf,"23G83__iPhone18,2/System/Library/Audio/UISounds/nano/ringback_tone_uk.caf","23G83__iPhone18,2/System/Library/Audio/UISounds/nano",0,db722a085f42e8db4ab7affbe7653334
UI Sounds/Watch,Vc~ringing.caf,Vc~ringing,vc~ringing.caf,"23G83__iPhone18,2/System/Library/Audio/UISounds/nano/vc~ringing.caf","23G83__iPhone18,2/System/Library/Audio/UISounds/nano",0,b3c88a1d9b8707a5273aefa5af539341
UI Sounds/Watch,Vc~ringing Watch.caf,Vc~ringing Watch,vc~ringing_watch.caf,"23G83__iPhone18,2/System/Library/Audio/UISounds/nano/vc~ringing_watch.caf","23G83__iPhone18,2/System/Library/Audio/UISounds/nano",0,0c1b464d98fac596863057932f2c7925
UI Sounds/iPhone,Navigation Pop.caf,Navigation Pop,navigation_pop.caf,"23G83__iPhone18,2/System/Library/Audio/UISounds/navigation_pop.caf","23G83__iPhone18,2/System/Library/Audio/UISounds",0,840152808b34f6453df68d993eb1dcea
UI Sounds/iPhone,Navigation Push.caf,Navigation Push,navigation_push.caf,"23G83__iPhone18,2/System/Library/Audio/UISounds/navigation_push.caf","23G83__iPhone18,2/System/Library/Audio/UISounds",0,90a019b7a984d0f775c606275edc5ad0
UI Sounds/iPhone,New Mail.caf,New Mail,new-mail.caf,"23G83__iPhone18,2/System/Library/Audio/UISounds/new-mail.caf","23G83__iPhone18,2/System/Library/Audio/UISounds",0,5b8229cf336e53c0cb2e9c3115a9a6fe
UI Sounds/iPhone,NFC Scan Complete.caf,NFC Scan Complete,nfc_scan_complete.caf,"23G83__iPhone18,2/System/Library/Audio/UISounds/nfc_scan_complete.caf","23G83__iPhone18,2/System/Library/Audio/UISounds",0,42756342845610ed22b0d2ae42680c38
UI Sounds/iPhone,Payment Success.caf,Payment Success,payment_success.caf,"23G83__iPhone18,2/System/Library/Audio/UISounds/payment_success.caf","23G83__iPhone18,2/System/Library/Audio/UISounds",0,069d2d2ad943963ab070a31db75d0259
UI Sounds/iPhone,Photo Shutter.caf,Photo Shutter,photoShutter.caf,"23G83__iPhone18,2/System/Library/Audio/UISounds/photoShutter.caf","23G83__iPhone18,2/System/Library/Audio/UISounds",0,50fcee8b3fbb3c5e2971f07ea97e9522
UI Sounds/iPhone,Shake.caf,Shake,shake.caf,"23G83__iPhone18,2/System/Library/Audio/UISounds/shake.caf","23G83__iPhone18,2/System/Library/Audio/UISounds",0,6b571c6342893d8ee947bf459a17c23d
UI Sounds/iPhone,Short Double High.caf,Short Double High,short_double_high.caf,"23G83__iPhone18,2/System/Library/Audio/UISounds/short_double_high.caf","23G83__iPhone18,2/System/Library/Audio/UISounds",0,48d0cf856a66ea3695a244ee3f704104
UI Sounds/iPhone,Short Double Low.caf,Short Double Low,short_double_low.caf,"23G83__iPhone18,2/System/Library/Audio/UISounds/short_double_low.caf","23G83__iPhone18,2/System/Library/Audio/UISounds",0,69fc54bf72afcb72f4c9c53a2111cd78
UI Sounds/iPhone,Short Low High.caf,Short Low High,short_low_high.caf,"23G83__iPhone18,2/System/Library/Audio/UISounds/short_low_high.caf","23G83__iPhone18,2/System/Library/Audio/UISounds",0,f678a41b8378ac7fdc820f4f2dc9552e
UI Sounds/iPhone,SMS Received 1.caf,SMS Received 1,sms-received1.caf,"23G83__iPhone18,2/System/Library/Audio/UISounds/sms-received1.caf","23G83__iPhone18,2/System/Library/Audio/UISounds | 23G83__iPhone18,2/System/Library/Audio/UISounds/nano",1,12fb1acaad7ed1a0f54654bf347e6113
UI Sounds/iPhone,SMS Received 2.caf,SMS Received 2,sms-received2.caf,"23G83__iPhone18,2/System/Library/Audio/UISounds/sms-received2.caf","23G83__iPhone18,2/System/Library/Audio/UISounds",0,2727f66b7c7389e192d41ae2060e5e5d
UI Sounds/iPhone,SMS Received 3.caf,SMS Received 3,sms-received3.caf,"23G83__iPhone18,2/System/Library/Audio/UISounds/sms-received3.caf","23G83__iPhone18,2/System/Library/Audio/UISounds",0,57999b264762533ba1e2adf00c050786
UI Sounds/iPhone,SMS Received 4.caf,SMS Received 4,sms-received4.caf,"23G83__iPhone18,2/System/Library/Audio/UISounds/sms-received4.caf","23G83__iPhone18,2/System/Library/Audio/UISounds",0,838f9a4131980bb0924876d47e14610b
UI Sounds/iPhone,SMS Received 5.caf,SMS Received 5,sms-received5.caf,"23G83__iPhone18,2/System/Library/Audio/UISounds/sms-received5.caf","23G83__iPhone18,2/System/Library/Audio/UISounds",0,4b8a2f674112244dc4f4f8b262edb468
UI Sounds/iPhone,SMS Received 6.caf,SMS Received 6,sms-received6.caf,"23G83__iPhone18,2/System/Library/Audio/UISounds/sms-received6.caf","23G83__iPhone18,2/System/Library/Audio/UISounds",0,d0d617885dd5e52236b680bd5c294d68
UI Sounds/iPhone,Tweet Sent.caf,Tweet Sent,tweet_sent.caf,"23G83__iPhone18,2/System/Library/Audio/UISounds/tweet_sent.caf","23G83__iPhone18,2/System/Library/Audio/UISounds",0,a297df796920489a4809b2b580c67b89
UI Sounds/iPhone,Ussd.caf,Ussd,ussd.caf,"23G83__iPhone18,2/System/Library/Audio/UISounds/ussd.caf","23G83__iPhone18,2/System/Library/Audio/UISounds",0,a32ec24fb59960a4dfbc924cef939eba
UI Sounds/iPhone,Warsaw.caf,Warsaw,warsaw.caf,"23G83__iPhone18,2/System/Library/Audio/UISounds/warsaw.caf","23G83__iPhone18,2/System/Library/Audio/UISounds",0,0a60168cd589cb6cae7f8083b48dabb8
UI Sounds/iPhone,Wheels Of Time.caf,Wheels Of Time,wheels_of_time.caf,"23G83__iPhone18,2/System/Library/Audio/UISounds/wheels_of_time.caf","23G83__iPhone18,2/System/Library/Audio/UISounds",0,9719ae2ebe1f1faaa698fe9b1c9d3fe2
Telephony & Messaging/Carrier,Cbs Alert Ca.caf,Cbs Alert Ca,cbs_alert_ca.caf,"23G83__iPhone18,2/System/Library/Carrier Bundles/iPhone/Default.bundle/cbs_alert_ca.caf","23G83__iPhone18,2/System/Library/Carrier Bundles/iPhone/Default.bundle",0,18402664040f9f9eb9358caaa36f1416
Telephony & Messaging/Carrier,Cbs Alert Cl.caf,Cbs Alert Cl,cbs_alert_cl.caf,"23G83__iPhone18,2/System/Library/Carrier Bundles/iPhone/Default.bundle/cbs_alert_cl.caf","23G83__iPhone18,2/System/Library/Carrier Bundles/iPhone/Default.bundle",0,26eccacdec94488241521b52df8bd026
Telephony & Messaging/Carrier,Cbs Alert Jp.caf,Cbs Alert Jp,cbs_alert_jp.caf,"23G83__iPhone18,2/System/Library/Carrier Bundles/iPhone/Default.bundle/cbs_alert_jp.caf","23G83__iPhone18,2/System/Library/Carrier Bundles/iPhone/Default.bundle",0,f164e65b7be58652fde96c7644003064
Telephony & Messaging/Carrier,Cbs Alert Us.caf,Cbs Alert Us,cbs_alert_us.caf,"23G83__iPhone18,2/System/Library/Carrier Bundles/iPhone/Default.bundle/cbs_alert_us.caf","23G83__iPhone18,2/System/Library/Carrier Bundles/iPhone/Default.bundle",0,6f3712f8d2420b67535be45ae82064e1
Telephony & Messaging/Carrier,Cbs Disaster Warning Jp.caf,Cbs Disaster Warning Jp,cbs_disaster_warning_jp.caf,"23G83__iPhone18,2/System/Library/Carrier Bundles/iPhone/Default.bundle/cbs_disaster_warning_jp.caf","23G83__iPhone18,2/System/Library/Carrier Bundles/iPhone/Default.bundle",0,68c4945be7a33049edb5110ded059fbf
Telephony & Messaging/Carrier,Cbs Local Earthquake Us.caf,Cbs Local Earthquake Us,cbs_local_earthquake_us.caf,"23G83__iPhone18,2/System/Library/Carrier Bundles/iPhone/Default.bundle/cbs_local_earthquake_us.caf","23G83__iPhone18,2/System/Library/Carrier Bundles/iPhone/Default.bundle | 23G83__iPhone18,2/System/Library/UserNotifications/Bundles/com.apple.safetyalerts.gen.bundle | 23G83__iPhone18,2/System/Library/UserNotifications/Bundles/com.apple.safetyalerts_tones.bundle.bundle",2,0c6c1486b1cc68a089e4f1cbe3ad60cd
Telephony & Messaging/Carrier,Cbs Translated Earthquake En.caf,Cbs Translated Earthquake En,cbs_translated_earthquake_en.caf,"23G83__iPhone18,2/System/Library/Carrier Bundles/iPhone/Default.bundle/cbs_translated_earthquake_en.caf","23G83__iPhone18,2/System/Library/Carrier Bundles/iPhone/Default.bundle",0,b1712032b7c21aa7208fbed2946bdbd8
Telephony & Messaging/Carrier,Cbs Translated Earthquake Es.caf,Cbs Translated Earthquake Es,cbs_translated_earthquake_es.caf,"23G83__iPhone18,2/System/Library/Carrier Bundles/iPhone/Default.bundle/cbs_translated_earthquake_es.caf","23G83__iPhone18,2/System/Library/Carrier Bundles/iPhone/Default.bundle",0,e6f99453119bdd0b312d3e461dd444ef
Telephony & Messaging/Carrier,Cbs Translated Earthquake Ko.caf,Cbs Translated Earthquake Ko,cbs_translated_earthquake_ko.caf,"23G83__iPhone18,2/System/Library/Carrier Bundles/iPhone/Default.bundle/cbs_translated_earthquake_ko.caf","23G83__iPhone18,2/System/Library/Carrier Bundles/iPhone/Default.bundle",0,32ce1b1c6e731b6fd6a1971bab96aec7
Telephony & Messaging/Carrier,Cbs Translated Earthquake Pt.caf,Cbs Translated Earthquake Pt,cbs_translated_earthquake_pt.caf,"23G83__iPhone18,2/System/Library/Carrier Bundles/iPhone/Default.bundle/cbs_translated_earthquake_pt.caf","23G83__iPhone18,2/System/Library/Carrier Bundles/iPhone/Default.bundle",0,9cfdacf0973b9210ffe69ae66c275b6c
Telephony & Messaging/Carrier,Cbs Translated Earthquake Zh.caf,Cbs Translated Earthquake Zh,cbs_translated_earthquake_zh.caf,"23G83__iPhone18,2/System/Library/Carrier Bundles/iPhone/Default.bundle/cbs_translated_earthquake_zh.caf","23G83__iPhone18,2/System/Library/Carrier Bundles/iPhone/Default.bundle",0,83b18b5fbd382e6ef30ab12c21fbbd08
Telephony & Messaging/Carrier,Cbs Translated Tsunami En.caf,Cbs Translated Tsunami En,cbs_translated_tsunami_en.caf,"23G83__iPhone18,2/System/Library/Carrier Bundles/iPhone/Default.bundle/cbs_translated_tsunami_en.caf","23G83__iPhone18,2/System/Library/Carrier Bundles/iPhone/Default.bundle",0,4f38fa75afab38a0f7f72d8ad400ff5a
Telephony & Messaging/Carrier,Cbs Translated Tsunami Es.caf,Cbs Translated Tsunami Es,cbs_translated_tsunami_es.caf,"23G83__iPhone18,2/System/Library/Carrier Bundles/iPhone/Default.bundle/cbs_translated_tsunami_es.caf","23G83__iPhone18,2/System/Library/Carrier Bundles/iPhone/Default.bundle",0,f04bc0fcb2dd25df522ca4b6a67082cd
Telephony & Messaging/Carrier,Cbs Translated Tsunami Ko.caf,Cbs Translated Tsunami Ko,cbs_translated_tsunami_ko.caf,"23G83__iPhone18,2/System/Library/Carrier Bundles/iPhone/Default.bundle/cbs_translated_tsunami_ko.caf","23G83__iPhone18,2/System/Library/Carrier Bundles/iPhone/Default.bundle",0,8537bc1157f2176a80473d49d2e82573
Telephony & Messaging/Carrier,Cbs Translated Tsunami Pt.caf,Cbs Translated Tsunami Pt,cbs_translated_tsunami_pt.caf,"23G83__iPhone18,2/System/Library/Carrier Bundles/iPhone/Default.bundle/cbs_translated_tsunami_pt.caf","23G83__iPhone18,2/System/Library/Carrier Bundles/iPhone/Default.bundle",0,b0cc62c7ce15beddaf7281ef690df33e
Telephony & Messaging/Carrier,Cbs Translated Tsunami Zh.caf,Cbs Translated Tsunami Zh,cbs_translated_tsunami_zh.caf,"23G83__iPhone18,2/System/Library/Carrier Bundles/iPhone/Default.bundle/cbs_translated_tsunami_zh.caf","23G83__iPhone18,2/System/Library/Carrier Bundles/iPhone/Default.bundle",0,9b9a33f57d3dd0f6390d02b11840f196
Telephony & Messaging/Carrier,Cbs Tsunami Warning Jp.caf,Cbs Tsunami Warning Jp,cbs_tsunami_warning_jp.caf,"23G83__iPhone18,2/System/Library/Carrier Bundles/iPhone/Default.bundle/cbs_tsunami_warning_jp.caf","23G83__iPhone18,2/System/Library/Carrier Bundles/iPhone/Default.bundle",0,0216d320c5b2b126a28c86aca5b773c7
Accessibility/Other,Drill.aiff,Drill,Drill.aiff,"23G83__iPhone18,2/System/Library/CoreServices/AssistiveTouch.app/Drill.aiff","23G83__iPhone18,2/System/Library/CoreServices/AssistiveTouch.app",0,767ca4d2f6d25219c98196db63549e5a
Accessibility/Other,Mouseclick.wav,Mouseclick,mouseclick.wav,"23G83__iPhone18,2/System/Library/CoreServices/AssistiveTouch.app/mouseclick.wav","23G83__iPhone18,2/System/Library/CoreServices/AssistiveTouch.app",0,094413062a76611262dba2895197fd80
System Frameworks/Spring Board,Ringer Changed.aiff,Ringer Changed,RingerChanged.aif,"23G83__iPhone18,2/System/Library/CoreServices/SpringBoard.app/RingerChanged.aif","23G83__iPhone18,2/System/Library/CoreServices/SpringBoard.app",1,fa80e8d984906c32c5ef705616c4f404
System Frameworks/Spring Board,SIM Toolkit Call Dropped.aiff,SIM Toolkit Call Dropped,SIMToolkitCallDropped.aiff,"23G83__iPhone18,2/System/Library/CoreServices/SpringBoard.app/SIMToolkitCallDropped.aiff","23G83__iPhone18,2/System/Library/CoreServices/SpringBoard.app",0,f49aaf56d7f5bf1c9dd805e42cc1d971
System Frameworks/Spring Board,SIM Toolkit General Beep.aiff,SIM Toolkit General Beep,SIMToolkitGeneralBeep.aiff,"23G83__iPhone18,2/System/Library/CoreServices/SpringBoard.app/SIMToolkitGeneralBeep.aiff","23G83__iPhone18,2/System/Library/CoreServices/SpringBoard.app",0,aa17cb47fb3298deeb12e0bf695b90ca
System Frameworks/Spring Board,SIM Toolkit Negative ACK.aiff,SIM Toolkit Negative ACK,SIMToolkitNegativeACK.aiff,"23G83__iPhone18,2/System/Library/CoreServices/SpringBoard.app/SIMToolkitNegativeACK.aiff","23G83__iPhone18,2/System/Library/CoreServices/SpringBoard.app",0,1e37a7e4a9a03532fb8807e960adeb51
System Frameworks/Spring Board,SIM Toolkit Positive ACK.aiff,SIM Toolkit Positive ACK,SIMToolkitPositiveACK.aiff,"23G83__iPhone18,2/System/Library/CoreServices/SpringBoard.app/SIMToolkitPositiveACK.aiff","23G83__iPhone18,2/System/Library/CoreServices/SpringBoard.app",0,020431cee5cad814651e26c03d09ea3f
System Frameworks/Spring Board,SIM Toolkit SMS.aiff,SIM Toolkit SMS,SIMToolkitSMS.aiff,"23G83__iPhone18,2/System/Library/CoreServices/SpringBoard.app/SIMToolkitSMS.aiff","23G83__iPhone18,2/System/Library/CoreServices/SpringBoard.app",0,5db6ce28d45d6c11ce29f5b699846b62
System Frameworks/Spring Board,Lock.aiff,Lock,lock.aiff,"23G83__iPhone18,2/System/Library/CoreServices/SpringBoard.app/lock.aiff","23G83__iPhone18,2/System/Library/CoreServices/SpringBoard.app",0,ced8d55ad6051e7be5f91325a9efaf2c
System Frameworks/Spring Board,Ussd.aiff,Ussd,ussd.aiff,"23G83__iPhone18,2/System/Library/CoreServices/SpringBoard.app/ussd.aiff","23G83__iPhone18,2/System/Library/CoreServices/SpringBoard.app",0,cab16ca970ef5e8b08256c9094be7f68
Accessibility/VoiceOver,Actions Available Mono.aiff,Actions Available Mono,ActionsAvailable-mono.aiff,"23G83__iPhone18,2/System/Library/CoreServices/VoiceOverTouch.app/Sounds/ActionsAvailable-mono.aiff","23G83__iPhone18,2/System/Library/CoreServices/VoiceOverTouch.app/Sounds",0,6e8e1e14484177515f8a131ef3f055a8
Accessibility/VoiceOver,Actions Available.aiff,Actions Available,ActionsAvailable.aiff,"23G83__iPhone18,2/System/Library/CoreServices/VoiceOverTouch.app/Sounds/ActionsAvailable.aiff","23G83__iPhone18,2/System/Library/CoreServices/VoiceOverTouch.app/Sounds",0,a6f1883ac89f28ce39f9bbfd27d7b0a6
Accessibility/VoiceOver,Alert Mono.aiff,Alert Mono,Alert-mono.aiff,"23G83__iPhone18,2/System/Library/CoreServices/VoiceOverTouch.app/Sounds/Alert-mono.aiff","23G83__iPhone18,2/System/Library/CoreServices/VoiceOverTouch.app/Sounds",0,ed74914de8cb8eff33fd5d7c99685f04
Accessibility/VoiceOver,Alert.aiff,Alert,Alert.aiff,"23G83__iPhone18,2/System/Library/CoreServices/VoiceOverTouch.app/Sounds/Alert.aiff","23G83__iPhone18,2/System/Library/CoreServices/VoiceOverTouch.app/Sounds",0,c011062aea91c31b3de974b88ad1dcce
Accessibility/VoiceOver,App Switch Border Mono.aiff,App Switch Border Mono,AppSwitchBorder-mono.aiff,"23G83__iPhone18,2/System/Library/CoreServices/VoiceOverTouch.app/Sounds/AppSwitchBorder-mono.aiff","23G83__iPhone18,2/System/Library/CoreServices/VoiceOverTouch.app/Sounds",1,4b045451c3500244bae59ad319038a36
Accessibility/VoiceOver,App Switch Border.aiff,App Switch Border,AppSwitchBorder.aiff,"23G83__iPhone18,2/System/Library/CoreServices/VoiceOverTouch.app/Sounds/AppSwitchBorder.aiff","23G83__iPhone18,2/System/Library/CoreServices/VoiceOverTouch.app/Sounds",1,4275491cbe143f45f5b9a04ffb10b33b
Accessibility/VoiceOver,BSI Calibration Mono.aiff,BSI Calibration Mono,BSICalibration-mono.aiff,"23G83__iPhone18,2/System/Library/CoreServices/VoiceOverTouch.app/Sounds/BSICalibration-mono.aiff","23G83__iPhone18,2/System/Library/CoreServices/VoiceOverTouch.app/Sounds",0,de2ad9f5bb60fc6e69739762b20a6976
Accessibility/VoiceOver,BSI Calibration.aiff,BSI Calibration,BSICalibration.aiff,"23G83__iPhone18,2/System/Library/CoreServices/VoiceOverTouch.app/Sounds/BSICalibration.aiff","23G83__iPhone18,2/System/Library/CoreServices/VoiceOverTouch.app/Sounds",0,ebbca58f877c771a0b268771809d2763
Accessibility/VoiceOver,BSI Carriage Return Mono.aiff,BSI Carriage Return Mono,BSICarriageReturn-mono.aiff,"23G83__iPhone18,2/System/Library/CoreServices/VoiceOverTouch.app/Sounds/BSICarriageReturn-mono.aiff","23G83__iPhone18,2/System/Library/CoreServices/VoiceOverTouch.app/Sounds",0,4f9de3025235b865cca5a12b2c7985ff
Accessibility/VoiceOver,BSI Carriage Return.aiff,BSI Carriage Return,BSICarriageReturn.aiff,"23G83__iPhone18,2/System/Library/CoreServices/VoiceOverTouch.app/Sounds/BSICarriageReturn.aiff","23G83__iPhone18,2/System/Library/CoreServices/VoiceOverTouch.app/Sounds",0,87fabad4d90e1b3783f290819b37db5d
Accessibility/VoiceOver,BSI Deletion Mono.aiff,BSI Deletion Mono,BSIDeletion-mono.aiff,"23G83__iPhone18,2/System/Library/CoreServices/VoiceOverTouch.app/Sounds/BSIDeletion-mono.aiff","23G83__iPhone18,2/System/Library/CoreServices/VoiceOverTouch.app/Sounds",0,6f273819d1c6fcbcec38ed73245be22d
Accessibility/VoiceOver,BSI Deletion.aiff,BSI Deletion,BSIDeletion.aiff,"23G83__iPhone18,2/System/Library/CoreServices/VoiceOverTouch.app/Sounds/BSIDeletion.aiff","23G83__iPhone18,2/System/Library/CoreServices/VoiceOverTouch.app/Sounds",0,cb3aed75407c5626356e3c4b18e1f29d
Accessibility/VoiceOver,BSI Disabled Mono.aiff,BSI Disabled Mono,BSIDisabled-mono.aiff,"23G83__iPhone18,2/System/Library/CoreServices/VoiceOverTouch.app/Sounds/BSIDisabled-mono.aiff","23G83__iPhone18,2/System/Library/CoreServices/VoiceOverTouch.app/Sounds",0,50ef0ff725953fcccd7894c84658d1fd
Accessibility/VoiceOver,BSI Disabled.aiff,BSI Disabled,BSIDisabled.aiff,"23G83__iPhone18,2/System/Library/CoreServices/VoiceOverTouch.app/Sounds/BSIDisabled.aiff","23G83__iPhone18,2/System/Library/CoreServices/VoiceOverTouch.app/Sounds",0,19fa07d1d509aa91009272a9becc8df6
Accessibility/VoiceOver,BSI Enabled Command Mono.aiff,BSI Enabled Command Mono,BSIEnabledCommand-mono.aiff,"23G83__iPhone18,2/System/Library/CoreServices/VoiceOverTouch.app/Sounds/BSIEnabledCommand-mono.aiff","23G83__iPhone18,2/System/Library/CoreServices/VoiceOverTouch.app/Sounds",0,67ef19bc8ebd3f71b818a04dec5e59c8
Accessibility/VoiceOver,BSI Enabled Command.aiff,BSI Enabled Command,BSIEnabledCommand.aiff,"23G83__iPhone18,2/System/Library/CoreServices/VoiceOverTouch.app/Sounds/BSIEnabledCommand.aiff","23G83__iPhone18,2/System/Library/CoreServices/VoiceOverTouch.app/Sounds",0,f6f0b4463916519029990a5de19e6e13
Accessibility/VoiceOver,BSI Enabled Typing Mono.aiff,BSI Enabled Typing Mono,BSIEnabledTyping-mono.aiff,"23G83__iPhone18,2/System/Library/CoreServices/VoiceOverTouch.app/Sounds/BSIEnabledTyping-mono.aiff","23G83__iPhone18,2/System/Library/CoreServices/VoiceOverTouch.app/Sounds",0,a48ef62e72cd882fff2c2b19136e0147
Accessibility/VoiceOver,BSI Enabled Typing.aiff,BSI Enabled Typing,BSIEnabledTyping.aiff,"23G83__iPhone18,2/System/Library/CoreServices/VoiceOverTouch.app/Sounds/BSIEnabledTyping.aiff","23G83__iPhone18,2/System/Library/CoreServices/VoiceOverTouch.app/Sounds",0,2de60fbc485a8142a6857b58a9edc4e6
Accessibility/VoiceOver,BSI Space Mono.aiff,BSI Space Mono,BSISpace-mono.aiff,"23G83__iPhone18,2/System/Library/CoreServices/VoiceOverTouch.app/Sounds/BSISpace-mono.aiff","23G83__iPhone18,2/System/Library/CoreServices/VoiceOverTouch.app/Sounds",0,9a810f534a1489413eeb929b246ffc80
Accessibility/VoiceOver,BSI Space.aiff,BSI Space,BSISpace.aiff,"23G83__iPhone18,2/System/Library/CoreServices/VoiceOverTouch.app/Sounds/BSISpace.aiff","23G83__iPhone18,2/System/Library/CoreServices/VoiceOverTouch.app/Sounds",0,7a417c49f89ec0a7861c48b4387be858
Accessibility/VoiceOver,BSI Typing Mono.aiff,BSI Typing Mono,BSITyping-mono.aiff,"23G83__iPhone18,2/System/Library/CoreServices/VoiceOverTouch.app/Sounds/BSITyping-mono.aiff","23G83__iPhone18,2/System/Library/CoreServices/VoiceOverTouch.app/Sounds",0,56d69470ce78390b3585db36d2476a8a
Accessibility/VoiceOver,BSI Typing.aiff,BSI Typing,BSITyping.aiff,"23G83__iPhone18,2/System/Library/CoreServices/VoiceOverTouch.app/Sounds/BSITyping.aiff","23G83__iPhone18,2/System/Library/CoreServices/VoiceOverTouch.app/Sounds",0,75f5d47ce4859bf2bb5c595600369c31
Accessibility/VoiceOver,Braille Chord Clock Tick Mono.aiff,Braille Chord Clock Tick Mono,BrailleChordClockTick-mono.aiff,"23G83__iPhone18,2/System/Library/CoreServices/VoiceOverTouch.app/Sounds/BrailleChordClockTick-mono.aiff","23G83__iPhone18,2/System/Library/CoreServices/VoiceOverTouch.app/Sounds",0,153a09ff681f05cad5468febb726b40b
Accessibility/VoiceOver,Braille Chord Clock Tick.aiff,Braille Chord Clock Tick,BrailleChordClockTick.aiff,"23G83__iPhone18,2/System/Library/CoreServices/VoiceOverTouch.app/Sounds/BrailleChordClockTick.aiff","23G83__iPhone18,2/System/Library/CoreServices/VoiceOverTouch.app/Sounds",0,f431a15603516fa48c83e9ba5bf26d7a
Accessibility/VoiceOver,Braille Chord Failed Mono.aiff,Braille Chord Failed Mono,BrailleChordFailed-mono.aiff,"23G83__iPhone18,2/System/Library/CoreServices/VoiceOverTouch.app/Sounds/BrailleChordFailed-mono.aiff","23G83__iPhone18,2/System/Library/CoreServices/VoiceOverTouch.app/Sounds",0,c0c9980912ce2b921fd263728e2033a4
Accessibility/VoiceOver,Braille Chord Failed.aiff,Braille Chord Failed,BrailleChordFailed.aiff,"23G83__iPhone18,2/System/Library/CoreServices/VoiceOverTouch.app/Sounds/BrailleChordFailed.aiff","23G83__iPhone18,2/System/Library/CoreServices/VoiceOverTouch.app/Sounds",0,607244b5a5d63475f0b6d643c947fe33
Accessibility/VoiceOver,Braille Chord Memorize Mono.aiff,Braille Chord Memorize Mono,BrailleChordMemorize-mono.aiff,"23G83__iPhone18,2/System/Library/CoreServices/VoiceOverTouch.app/Sounds/BrailleChordMemorize-mono.aiff","23G83__iPhone18,2/System/Library/CoreServices/VoiceOverTouch.app/Sounds",0,ef77a779e7714a5beeaa37cd3fb404b3
Accessibility/VoiceOver,Braille Chord Memorize.aiff,Braille Chord Memorize,BrailleChordMemorize.aiff,"23G83__iPhone18,2/System/Library/CoreServices/VoiceOverTouch.app/Sounds/BrailleChordMemorize.aiff","23G83__iPhone18,2/System/Library/CoreServices/VoiceOverTouch.app/Sounds",0,8d36ec0694c542e48fd3734d767265dd
Accessibility/VoiceOver,Braille Display Connected Mono.aiff,Braille Display Connected Mono,BrailleDisplayConnected-mono.aiff,"23G83__iPhone18,2/System/Library/CoreServices/VoiceOverTouch.app/Sounds/BrailleDisplayConnected-mono.aiff","23G83__iPhone18,2/System/Library/CoreServices/VoiceOverTouch.app/Sounds",0,184cfd5de6fc7914c14512a4411f03f8
Accessibility/VoiceOver,Braille Display Connected.aiff,Braille Display Connected,BrailleDisplayConnected.aiff,"23G83__iPhone18,2/System/Library/CoreServices/VoiceOverTouch.app/Sounds/BrailleDisplayConnected.aiff","23G83__iPhone18,2/System/Library/CoreServices/VoiceOverTouch.app/Sounds",0,c470c813dfee16b98cecec0b9402f82f
Accessibility/VoiceOver,Braille Display Disconnected Mono.aiff,Braille Display Disconnected Mono,BrailleDisplayDisconnected-mono.aiff,"23G83__iPhone18,2/System/Library/CoreServices/VoiceOverTouch.app/Sounds/BrailleDisplayDisconnected-mono.aiff","23G83__iPhone18,2/System/Library/CoreServices/VoiceOverTouch.app/Sounds",0,c95f765320b85fb0403bd9bab566af0b
Accessibility/VoiceOver,Braille Display Disconnected.aiff,Braille Display Disconnected,BrailleDisplayDisconnected.aiff,"23G83__iPhone18,2/System/Library/CoreServices/VoiceOverTouch.app/Sounds/BrailleDisplayDisconnected.aiff","23G83__iPhone18,2/System/Library/CoreServices/VoiceOverTouch.app/Sounds",0,46403af76b2a00c65119e5220d3baa2d
Accessibility/VoiceOver,Bubble Appear Mono.aiff,Bubble Appear Mono,BubbleAppear-mono.aiff,"23G83__iPhone18,2/System/Library/CoreServices/VoiceOverTouch.app/Sounds/BubbleAppear-mono.aiff","23G83__iPhone18,2/System/Library/CoreServices/VoiceOverTouch.app/Sounds",0,24f0e54a96e818ba767786549b722d6b
Accessibility/VoiceOver,Bubble Appear.aiff,Bubble Appear,BubbleAppear.aiff,"23G83__iPhone18,2/System/Library/CoreServices/VoiceOverTouch.app/Sounds/BubbleAppear.aiff","23G83__iPhone18,2/System/Library/CoreServices/VoiceOverTouch.app/Sounds",0,6a9d9e844252bc0ee5fdb21338c452e8
Accessibility/VoiceOver,Bubble Disappear Mono.aiff,Bubble Disappear Mono,BubbleDisappear-mono.aiff,"23G83__iPhone18,2/System/Library/CoreServices/VoiceOverTouch.app/Sounds/BubbleDisappear-mono.aiff","23G83__iPhone18,2/System/Library/CoreServices/VoiceOverTouch.app/Sounds",0,6c9a3f9b6d713524f18a643ceda318aa
Accessibility/VoiceOver,Bubble Disappear.aiff,Bubble Disappear,BubbleDisappear.aiff,"23G83__iPhone18,2/System/Library/CoreServices/VoiceOverTouch.app/Sounds/BubbleDisappear.aiff","23G83__iPhone18,2/System/Library/CoreServices/VoiceOverTouch.app/Sounds",0,3a86d9aad3363dda94d7389fe9fb0085
Accessibility/VoiceOver,Capitals Mono.aiff,Capitals Mono,Capitals-mono.aiff,"23G83__iPhone18,2/System/Library/CoreServices/VoiceOverTouch.app/Sounds/Capitals-mono.aiff","23G83__iPhone18,2/System/Library/CoreServices/VoiceOverTouch.app/Sounds",0,fd7a5f15d4a208d3326f93a98aca93b4
Accessibility/VoiceOver,Capitals.aiff,Capitals,Capitals.aiff,"23G83__iPhone18,2/System/Library/CoreServices/VoiceOverTouch.app/Sounds/Capitals.aiff","23G83__iPhone18,2/System/Library/CoreServices/VoiceOverTouch.app/Sounds",0,907a74228215b0e15be84f3ae7dc52d0
Accessibility/VoiceOver,Collaboration Occurred Mono.aiff,Collaboration Occurred Mono,CollaborationOccurred-mono.aiff,"23G83__iPhone18,2/System/Library/CoreServices/VoiceOverTouch.app/Sounds/CollaborationOccurred-mono.aiff","23G83__iPhone18,2/System/Library/CoreServices/VoiceOverTouch.app/Sounds",0,599e2299042d9167962e9ac4297f0ff4
Accessibility/VoiceOver,Collaboration Occurred.aiff,Collaboration Occurred,CollaborationOccurred.aiff,"23G83__iPhone18,2/System/Library/CoreServices/VoiceOverTouch.app/Sounds/CollaborationOccurred.aiff","23G83__iPhone18,2/System/Library/CoreServices/VoiceOverTouch.app/Sounds",0,9d0ca94f3cc9d0951910146392d8a95c
Accessibility/VoiceOver,Container Touch Mono.aiff,Container Touch Mono,ContainerTouch-mono.aiff,"23G83__iPhone18,2/System/Library/CoreServices/VoiceOverTouch.app/Sounds/ContainerTouch-mono.aiff","23G83__iPhone18,2/System/Library/CoreServices/VoiceOverTouch.app/Sounds",0,153f7b280be18947270216fbb5d8e209
Accessibility/VoiceOver,Container Touch.aiff,Container Touch,ContainerTouch.aiff,"23G83__iPhone18,2/System/Library/CoreServices/VoiceOverTouch.app/Sounds/ContainerTouch.aiff","23G83__iPhone18,2/System/Library/CoreServices/VoiceOverTouch.app/Sounds",0,ca5dcf4316733bd6b1b55c7acff16b95
Accessibility/VoiceOver,Deletion Feedback Mono.aiff,Deletion Feedback Mono,DeletionFeedback-mono.aiff,"23G83__iPhone18,2/System/Library/CoreServices/VoiceOverTouch.app/Sounds/DeletionFeedback-mono.aiff","23G83__iPhone18,2/System/Library/CoreServices/VoiceOverTouch.app/Sounds",0,f2975b1851ac346fa4207ce79704584b
Accessibility/VoiceOver,Deletion Feedback.aiff,Deletion Feedback,DeletionFeedback.aiff,"23G83__iPhone18,2/System/Library/CoreServices/VoiceOverTouch.app/Sounds/DeletionFeedback.aiff","23G83__iPhone18,2/System/Library/CoreServices/VoiceOverTouch.app/Sounds",0,d1dbd880a2fdda4589c4d1438012c0ab
Accessibility/VoiceOver,Did Recognize ML Content Mono.aiff,Did Recognize ML Content Mono,DidRecognizeMLContent-mono.aiff,"23G83__iPhone18,2/System/Library/CoreServices/VoiceOverTouch.app/Sounds/DidRecognizeMLContent-mono.aiff","23G83__iPhone18,2/System/Library/CoreServices/VoiceOverTouch.app/Sounds",0,1b912f1f5cb3ffda1922bcde8c8f973a
Accessibility/VoiceOver,Did Recognize ML Content.aiff,Did Recognize ML Content,DidRecognizeMLContent.aiff,"23G83__iPhone18,2/System/Library/CoreServices/VoiceOverTouch.app/Sounds/DidRecognizeMLContent.aiff","23G83__iPhone18,2/System/Library/CoreServices/VoiceOverTouch.app/Sounds",0,b31024b03d72f0d4d80f4a367d27a4af
Accessibility/VoiceOver,Did Switch App Mono.aiff,Did Switch App Mono,DidSwitchApp-mono.aiff,"23G83__iPhone18,2/System/Library/CoreServices/VoiceOverTouch.app/Sounds/DidSwitchApp-mono.aiff","23G83__iPhone18,2/System/Library/CoreServices/VoiceOverTouch.app/Sounds",0,ae2c47f86d459499a89071f893c64fe1
Accessibility/VoiceOver,Did Switch App.aiff,Did Switch App,DidSwitchApp.aiff,"23G83__iPhone18,2/System/Library/CoreServices/VoiceOverTouch.app/Sounds/DidSwitchApp.aiff","23G83__iPhone18,2/System/Library/CoreServices/VoiceOverTouch.app/Sounds",0,2f6d1777a6ec2f8c98a57b86a4f73018
Accessibility/VoiceOver,Drawer Closing Mono.aiff,Drawer Closing Mono,DrawerClosing-mono.aiff,"23G83__iPhone18,2/System/Library/CoreServices/VoiceOverTouch.app/Sounds/DrawerClosing-mono.aiff","23G83__iPhone18,2/System/Library/CoreServices/VoiceOverTouch.app/Sounds",0,9da2da85f65d70fcf751b2424f8cc991
Accessibility/VoiceOver,Drawer Closing.aiff,Drawer Closing,DrawerClosing.aiff,"23G83__iPhone18,2/System/Library/CoreServices/VoiceOverTouch.app/Sounds/DrawerClosing.aiff","23G83__iPhone18,2/System/Library/CoreServices/VoiceOverTouch.app/Sounds",0,49a55eb0e2a612925eb1797b26b798f6
Accessibility/VoiceOver,Drawer Opening Mono.aiff,Drawer Opening Mono,DrawerOpening-mono.aiff,"23G83__iPhone18,2/System/Library/CoreServices/VoiceOverTouch.app/Sounds/DrawerOpening-mono.aiff","23G83__iPhone18,2/System/Library/CoreServices/VoiceOverTouch.app/Sounds",0,f59ea9ff42d1cee5467ea9d0f8c135d0
Accessibility/VoiceOver,Drawer Opening.aiff,Drawer Opening,DrawerOpening.aiff,"23G83__iPhone18,2/System/Library/CoreServices/VoiceOverTouch.app/Sounds/DrawerOpening.aiff","23G83__iPhone18,2/System/Library/CoreServices/VoiceOverTouch.app/Sounds",0,3e0aff511c43ca63831c1c1940060a73
Accessibility/VoiceOver,Drill Mono.aiff,Drill Mono,Drill-mono.aiff,"23G83__iPhone18,2/System/Library/CoreServices/VoiceOverTouch.app/Sounds/Drill-mono.aiff","23G83__iPhone18,2/System/Library/CoreServices/VoiceOverTouch.app/Sounds",0,c4e68cc9702f3a9b760fc9ee6c16d02b
Accessibility/VoiceOver,Drill.aiff,Drill,Drill.aiff,"23G83__iPhone18,2/System/Library/CoreServices/VoiceOverTouch.app/Sounds/Drill.aiff","23G83__iPhone18,2/System/Library/CoreServices/VoiceOverTouch.app/Sounds",0,435b6a1fd63aebbc4766386629940489
Accessibility/VoiceOver,Edge Mono.aiff,Edge Mono,Edge-mono.aiff,"23G83__iPhone18,2/System/Library/CoreServices/VoiceOverTouch.app/Sounds/Edge-mono.aiff","23G83__iPhone18,2/System/Library/CoreServices/VoiceOverTouch.app/Sounds",0,6104e27d0dee1bdfa625dc26af926322
Accessibility/VoiceOver,Edge.aiff,Edge,Edge.aiff,"23G83__iPhone18,2/System/Library/CoreServices/VoiceOverTouch.app/Sounds/Edge.aiff","23G83__iPhone18,2/System/Library/CoreServices/VoiceOverTouch.app/Sounds",0,b0255eb23f104bdee16361139b68cd8c
Accessibility/VoiceOver,Element Border Mono.aiff,Element Border Mono,ElementBorder-mono.aiff,"23G83__iPhone18,2/System/Library/CoreServices/VoiceOverTouch.app/Sounds/ElementBorder-mono.aiff","23G83__iPhone18,2/System/Library/CoreServices/VoiceOverTouch.app/Sounds",0,1e157358a452f47db8c584dbdbfbcb73
Accessibility/VoiceOver,Element Border.aiff,Element Border,ElementBorder.aiff,"23G83__iPhone18,2/System/Library/CoreServices/VoiceOverTouch.app/Sounds/ElementBorder.aiff","23G83__iPhone18,2/System/Library/CoreServices/VoiceOverTouch.app/Sounds",0,c699372afa8574e4cf5c661afdb0b82a
Accessibility/VoiceOver,Element Border Screen Recognition Mono.aiff,Element Border Screen Recognition Mono,ElementBorderScreenRecognition-mono.aiff,"23G83__iPhone18,2/System/Library/CoreServices/VoiceOverTouch.app/Sounds/ElementBorderScreenRecognition-mono.aiff","23G83__iPhone18,2/System/Library/CoreServices/VoiceOverTouch.app/Sounds",0,81218e8826b6d1dc7d1730c5f7c158cb
Accessibility/VoiceOver,Element Border Screen Recognition.aiff,Element Border Screen Recognition,ElementBorderScreenRecognition.aiff,"23G83__iPhone18,2/System/Library/CoreServices/VoiceOverTouch.app/Sounds/ElementBorderScreenRecognition.aiff","23G83__iPhone18,2/System/Library/CoreServices/VoiceOverTouch.app/Sounds",0,0157729a38eb7d9dbef410142e843cb8
Accessibility/VoiceOver,Empty Space Mono.aiff,Empty Space Mono,EmptySpace-mono.aiff,"23G83__iPhone18,2/System/Library/CoreServices/VoiceOverTouch.app/Sounds/EmptySpace-mono.aiff","23G83__iPhone18,2/System/Library/CoreServices/VoiceOverTouch.app/Sounds",0,34ece298283ee57c30986fedd856f40d
Accessibility/VoiceOver,Empty Space.aiff,Empty Space,EmptySpace.aiff,"23G83__iPhone18,2/System/Library/CoreServices/VoiceOverTouch.app/Sounds/EmptySpace.aiff","23G83__iPhone18,2/System/Library/CoreServices/VoiceOverTouch.app/Sounds",0,10114bb47dda50abd1e0e872133104bb
Accessibility/VoiceOver,Focus Mono.aiff,Focus Mono,Focus-mono.aiff,"23G83__iPhone18,2/System/Library/CoreServices/VoiceOverTouch.app/Sounds/Focus-mono.aiff","23G83__iPhone18,2/System/Library/CoreServices/VoiceOverTouch.app/Sounds",0,43b470585a48d217d976a1d5c25822c7
Accessibility/VoiceOver,Focus.aiff,Focus,Focus.aiff,"23G83__iPhone18,2/System/Library/CoreServices/VoiceOverTouch.app/Sounds/Focus.aiff","23G83__iPhone18,2/System/Library/CoreServices/VoiceOverTouch.app/Sounds",0,bf0545d446f374a76bb0d5c5adac6942
Accessibility/VoiceOver,Folder Closed Mono.aiff,Folder Closed Mono,FolderClosed-mono.aiff,"23G83__iPhone18,2/System/Library/CoreServices/VoiceOverTouch.app/Sounds/FolderClosed-mono.aiff","23G83__iPhone18,2/System/Library/CoreServices/VoiceOverTouch.app/Sounds",0,b3b85946b7446f26eeef209a8262055d
Accessibility/VoiceOver,Folder Closed.aiff,Folder Closed,FolderClosed.aiff,"23G83__iPhone18,2/System/Library/CoreServices/VoiceOverTouch.app/Sounds/FolderClosed.aiff","23G83__iPhone18,2/System/Library/CoreServices/VoiceOverTouch.app/Sounds",0,d239fffe383defa69759f442a27e88c0
Accessibility/VoiceOver,Folder Opened Mono.aiff,Folder Opened Mono,FolderOpened-mono.aiff,"23G83__iPhone18,2/System/Library/CoreServices/VoiceOverTouch.app/Sounds/FolderOpened-mono.aiff","23G83__iPhone18,2/System/Library/CoreServices/VoiceOverTouch.app/Sounds",0,965e7df237234f16a9f497389e51fd96
Accessibility/VoiceOver,Folder Opened.aiff,Folder Opened,FolderOpened.aiff,"23G83__iPhone18,2/System/Library/CoreServices/VoiceOverTouch.app/Sounds/FolderOpened.aiff","23G83__iPhone18,2/System/Library/CoreServices/VoiceOverTouch.app/Sounds",0,16d0d9d7b99efaa93b03c4587f928e92
Accessibility/VoiceOver,Folder Opening Mono.aiff,Folder Opening Mono,FolderOpening-mono.aiff,"23G83__iPhone18,2/System/Library/CoreServices/VoiceOverTouch.app/Sounds/FolderOpening-mono.aiff","23G83__iPhone18,2/System/Library/CoreServices/VoiceOverTouch.app/Sounds",0,af38f8e567242af654ae6e0cb5ec5688
Accessibility/VoiceOver,Folder Opening.aiff,Folder Opening,FolderOpening.aiff,"23G83__iPhone18,2/System/Library/CoreServices/VoiceOverTouch.app/Sounds/FolderOpening.aiff","23G83__iPhone18,2/System/Library/CoreServices/VoiceOverTouch.app/Sounds",0,d2f49207eca24ac527939d5534919776
Accessibility/VoiceOver,Gaze Entered Scene Mono.aiff,Gaze Entered Scene Mono,GazeEnteredScene-mono.aiff,"23G83__iPhone18,2/System/Library/CoreServices/VoiceOverTouch.app/Sounds/GazeEnteredScene-mono.aiff","23G83__iPhone18,2/System/Library/CoreServices/VoiceOverTouch.app/Sounds",0,cab4f4d9cea0cabc26f337eaf504fbf5
Accessibility/VoiceOver,Gaze Entered Scene.aiff,Gaze Entered Scene,GazeEnteredScene.aiff,"23G83__iPhone18,2/System/Library/CoreServices/VoiceOverTouch.app/Sounds/GazeEnteredScene.aiff","23G83__iPhone18,2/System/Library/CoreServices/VoiceOverTouch.app/Sounds",0,14be73e9d4a0da860b71ce0cd960975d
Accessibility/VoiceOver,Gaze Left Scene Mono.aiff,Gaze Left Scene Mono,GazeLeftScene-mono.aiff,"23G83__iPhone18,2/System/Library/CoreServices/VoiceOverTouch.app/Sounds/GazeLeftScene-mono.aiff","23G83__iPhone18,2/System/Library/CoreServices/VoiceOverTouch.app/Sounds",0,b7250e73440fba252a2ecbbefc6a8a7c
Accessibility/VoiceOver,Gaze Left Scene.aiff,Gaze Left Scene,GazeLeftScene.aiff,"23G83__iPhone18,2/System/Library/CoreServices/VoiceOverTouch.app/Sounds/GazeLeftScene.aiff","23G83__iPhone18,2/System/Library/CoreServices/VoiceOverTouch.app/Sounds",0,1cec74adcf001064100aecb3ecb1d941
Accessibility/VoiceOver,Hands Active Mono.aiff,Hands Active Mono,HandsActive-mono.aiff,"23G83__iPhone18,2/System/Library/CoreServices/VoiceOverTouch.app/Sounds/HandsActive-mono.aiff","23G83__iPhone18,2/System/Library/CoreServices/VoiceOverTouch.app/Sounds",0,52af4136aa354c46aac5387971faf73e
Accessibility/VoiceOver,Hands Active.aiff,Hands Active,HandsActive.aiff,"23G83__iPhone18,2/System/Library/CoreServices/VoiceOverTouch.app/Sounds/HandsActive.aiff","23G83__iPhone18,2/System/Library/CoreServices/VoiceOverTouch.app/Sounds",0,e600c32770d935b9b023e3eb1102d3ba
Accessibility/VoiceOver,Hands Inactive Mono.aiff,Hands Inactive Mono,HandsInactive-mono.aiff,"23G83__iPhone18,2/System/Library/CoreServices/VoiceOverTouch.app/Sounds/HandsInactive-mono.aiff","23G83__iPhone18,2/System/Library/CoreServices/VoiceOverTouch.app/Sounds",0,73cacc55294773c9e90a48345fd14aa8
Accessibility/VoiceOver,Hands Inactive.aiff,Hands Inactive,HandsInactive.aiff,"23G83__iPhone18,2/System/Library/CoreServices/VoiceOverTouch.app/Sounds/HandsInactive.aiff","23G83__iPhone18,2/System/Library/CoreServices/VoiceOverTouch.app/Sounds",0,0d6586de10d77d6a054d20c7ab91687e
Accessibility/VoiceOver,Insertion Point Mono.aiff,Insertion Point Mono,InsertionPoint-mono.aiff,"23G83__iPhone18,2/System/Library/CoreServices/VoiceOverTouch.app/Sounds/InsertionPoint-mono.aiff","23G83__iPhone18,2/System/Library/CoreServices/VoiceOverTouch.app/Sounds",0,dd0d173ca99773799bf81e74e46829f9
Accessibility/VoiceOver,Insertion Point.aiff,Insertion Point,InsertionPoint.aiff,"23G83__iPhone18,2/System/Library/CoreServices/VoiceOverTouch.app/Sounds/InsertionPoint.aiff","23G83__iPhone18,2/System/Library/CoreServices/VoiceOverTouch.app/Sounds",0,dce4fc07566d3315a7398c8237707831
Accessibility/VoiceOver,Interact In Mono.aiff,Interact In Mono,InteractIn-mono.aiff,"23G83__iPhone18,2/System/Library/CoreServices/VoiceOverTouch.app/Sounds/InteractIn-mono.aiff","23G83__iPhone18,2/System/Library/CoreServices/VoiceOverTouch.app/Sounds",0,abc34840a189af86b19e3225f6b61cc1
Accessibility/VoiceOver,Interact In.aiff,Interact In,InteractIn.aiff,"23G83__iPhone18,2/System/Library/CoreServices/VoiceOverTouch.app/Sounds/InteractIn.aiff","23G83__iPhone18,2/System/Library/CoreServices/VoiceOverTouch.app/Sounds",0,5430af45cfe17ddf472991957d227567
Accessibility/VoiceOver,Interact Out Mono.aiff,Interact Out Mono,InteractOut-mono.aiff,"23G83__iPhone18,2/System/Library/CoreServices/VoiceOverTouch.app/Sounds/InteractOut-mono.aiff","23G83__iPhone18,2/System/Library/CoreServices/VoiceOverTouch.app/Sounds",0,70af06026787879bb8d7e5316a2961a3
Accessibility/VoiceOver,Interact Out.aiff,Interact Out,InteractOut.aiff,"23G83__iPhone18,2/System/Library/CoreServices/VoiceOverTouch.app/Sounds/InteractOut.aiff","23G83__iPhone18,2/System/Library/CoreServices/VoiceOverTouch.app/Sounds",0,0904e17c3a23b0eff3054bec794ccd8b
Accessibility/VoiceOver,Interactable Mono.aiff,Interactable Mono,Interactable-mono.aiff,"23G83__iPhone18,2/System/Library/CoreServices/VoiceOverTouch.app/Sounds/Interactable-mono.aiff","23G83__iPhone18,2/System/Library/CoreServices/VoiceOverTouch.app/Sounds",0,783b9decb4af6126c85e45ed53e50608
Accessibility/VoiceOver,Interactable.aiff,Interactable,Interactable.aiff,"23G83__iPhone18,2/System/Library/CoreServices/VoiceOverTouch.app/Sounds/Interactable.aiff","23G83__iPhone18,2/System/Library/CoreServices/VoiceOverTouch.app/Sounds",0,561ea54276adf5107b107ab96dfd9626
Accessibility/VoiceOver,Item Chooser Close Mono.aiff,Item Chooser Close Mono,ItemChooserClose-mono.aiff,"23G83__iPhone18,2/System/Library/CoreServices/VoiceOverTouch.app/Sounds/ItemChooserClose-mono.aiff","23G83__iPhone18,2/System/Library/CoreServices/VoiceOverTouch.app/Sounds",0,dcb203b42d7f5b59d41980431227a18a
Accessibility/VoiceOver,Item Chooser Close.aiff,Item Chooser Close,ItemChooserClose.aiff,"23G83__iPhone18,2/System/Library/CoreServices/VoiceOverTouch.app/Sounds/ItemChooserClose.aiff","23G83__iPhone18,2/System/Library/CoreServices/VoiceOverTouch.app/Sounds",0,6879b3ae22a83ce2382df5634de0ea4f
Accessibility/VoiceOver,Keyboard Down Mono.aiff,Keyboard Down Mono,KeyboardDown-mono.aiff,"23G83__iPhone18,2/System/Library/CoreServices/VoiceOverTouch.app/Sounds/KeyboardDown-mono.aiff","23G83__iPhone18,2/System/Library/CoreServices/VoiceOverTouch.app/Sounds",0,ba3dbd0a6a9bc9b11270030f87b296e7
Accessibility/VoiceOver,Keyboard Down.aiff,Keyboard Down,KeyboardDown.aiff,"23G83__iPhone18,2/System/Library/CoreServices/VoiceOverTouch.app/Sounds/KeyboardDown.aiff","23G83__iPhone18,2/System/Library/CoreServices/VoiceOverTouch.app/Sounds",0,70a7df0fa4d45a0b67f2184a309ea0b3
Accessibility/VoiceOver,Keyboard Up Mono.aiff,Keyboard Up Mono,KeyboardUp-mono.aiff,"23G83__iPhone18,2/System/Library/CoreServices/VoiceOverTouch.app/Sounds/KeyboardUp-mono.aiff","23G83__iPhone18,2/System/Library/CoreServices/VoiceOverTouch.app/Sounds",0,eb926ce16d4c4f40bc2e7ddade7b2978
Accessibility/VoiceOver,Keyboard Up.aiff,Keyboard Up,KeyboardUp.aiff,"23G83__iPhone18,2/System/Library/CoreServices/VoiceOverTouch.app/Sounds/KeyboardUp.aiff","23G83__iPhone18,2/System/Library/CoreServices/VoiceOverTouch.app/Sounds",0,ad74025cf7ade0d70f5916ac050548a4
Accessibility/VoiceOver,Link Begin Mono.aiff,Link Begin Mono,LinkBegin-mono.aiff,"23G83__iPhone18,2/System/Library/CoreServices/VoiceOverTouch.app/Sounds/LinkBegin-mono.aiff","23G83__iPhone18,2/System/Library/CoreServices/VoiceOverTouch.app/Sounds",0,d879476db52dc6f1b011e84375c545f3
Accessibility/VoiceOver,Link Begin.aiff,Link Begin,LinkBegin.aiff,"23G83__iPhone18,2/System/Library/CoreServices/VoiceOverTouch.app/Sounds/LinkBegin.aiff","23G83__iPhone18,2/System/Library/CoreServices/VoiceOverTouch.app/Sounds",0,1735a640d250b3def4752d9d290c64b9
Accessibility/VoiceOver,Lock Screen Touch ID Authenticated Mono.aiff,Lock Screen Touch ID Authenticated Mono,LockScreenTouchIDAuthenticated-mono.aiff,"23G83__iPhone18,2/System/Library/CoreServices/VoiceOverTouch.app/Sounds/LockScreenTouchIDAuthenticated-mono.aiff","23G83__iPhone18,2/System/Library/CoreServices/VoiceOverTouch.app/Sounds",0,b3144b80e9411e0647b9370673cb991e
Accessibility/VoiceOver,Lock Screen Touch ID Authenticated.aiff,Lock Screen Touch ID Authenticated,LockScreenTouchIDAuthenticated.aiff,"23G83__iPhone18,2/System/Library/CoreServices/VoiceOverTouch.app/Sounds/LockScreenTouchIDAuthenticated.aiff","23G83__iPhone18,2/System/Library/CoreServices/VoiceOverTouch.app/Sounds",0,a4d7dfb177d389835263fd7a45918a53
Accessibility/VoiceOver,More Content Available Mono.aiff,More Content Available Mono,MoreContentAvailable-mono.aiff,"23G83__iPhone18,2/System/Library/CoreServices/VoiceOverTouch.app/Sounds/MoreContentAvailable-mono.aiff","23G83__iPhone18,2/System/Library/CoreServices/VoiceOverTouch.app/Sounds",0,a7600f7a9df6c4fc40b46fb449c478a9
Accessibility/VoiceOver,More Content Available.aiff,More Content Available,MoreContentAvailable.aiff,"23G83__iPhone18,2/System/Library/CoreServices/VoiceOverTouch.app/Sounds/MoreContentAvailable.aiff","23G83__iPhone18,2/System/Library/CoreServices/VoiceOverTouch.app/Sounds",0,a90eaff7c19bf57c2e0a0be0bdc2c2f0
Accessibility/VoiceOver,Not Found Mono.aiff,Not Found Mono,NotFound-mono.aiff,"23G83__iPhone18,2/System/Library/CoreServices/VoiceOverTouch.app/Sounds/NotFound-mono.aiff","23G83__iPhone18,2/System/Library/CoreServices/VoiceOverTouch.app/Sounds",0,b054b2b3b0634ee7c183b45a9c2be6eb
Accessibility/VoiceOver,Not Found.aiff,Not Found,NotFound.aiff,"23G83__iPhone18,2/System/Library/CoreServices/VoiceOverTouch.app/Sounds/NotFound.aiff","23G83__iPhone18,2/System/Library/CoreServices/VoiceOverTouch.app/Sounds",0,bc75fbc4729fa7d0bbbaecface5c0a0e
Accessibility/VoiceOver,Popup Appeared Mono.aiff,Popup Appeared Mono,PopupAppeared-mono.aiff,"23G83__iPhone18,2/System/Library/CoreServices/VoiceOverTouch.app/Sounds/PopupAppeared-mono.aiff","23G83__iPhone18,2/System/Library/CoreServices/VoiceOverTouch.app/Sounds",0,44715cafa42ca7b8ba51c93c74572920
Accessibility/VoiceOver,Popup Appeared.aiff,Popup Appeared,PopupAppeared.aiff,"23G83__iPhone18,2/System/Library/CoreServices/VoiceOverTouch.app/Sounds/PopupAppeared.aiff","23G83__iPhone18,2/System/Library/CoreServices/VoiceOverTouch.app/Sounds",0,35c1b81616366e8e25e8ab7e9582976d
Accessibility/VoiceOver,Reachability Disabled Mono.aiff,Reachability Disabled Mono,ReachabilityDisabled-mono.aiff,"23G83__iPhone18,2/System/Library/CoreServices/VoiceOverTouch.app/Sounds/ReachabilityDisabled-mono.aiff","23G83__iPhone18,2/System/Library/CoreServices/VoiceOverTouch.app/Sounds",0,2ec656e4d768a23cb88c8ebac5b8ddb5
Accessibility/VoiceOver,Reachability Disabled.aiff,Reachability Disabled,ReachabilityDisabled.aiff,"23G83__iPhone18,2/System/Library/CoreServices/VoiceOverTouch.app/Sounds/ReachabilityDisabled.aiff","23G83__iPhone18,2/System/Library/CoreServices/VoiceOverTouch.app/Sounds",0,74c5c7bd5799e16e9d0237d4c3e2ae56
Accessibility/VoiceOver,Reachability Enabled Mono.aiff,Reachability Enabled Mono,ReachabilityEnabled-mono.aiff,"23G83__iPhone18,2/System/Library/CoreServices/VoiceOverTouch.app/Sounds/ReachabilityEnabled-mono.aiff","23G83__iPhone18,2/System/Library/CoreServices/VoiceOverTouch.app/Sounds",0,e1f6153ce3a262da92fc5c6c9fd25785
Accessibility/VoiceOver,Reachability Enabled.aiff,Reachability Enabled,ReachabilityEnabled.aiff,"23G83__iPhone18,2/System/Library/CoreServices/VoiceOverTouch.app/Sounds/ReachabilityEnabled.aiff","23G83__iPhone18,2/System/Library/CoreServices/VoiceOverTouch.app/Sounds",0,af633b560cda7abf030a951955e30d3a
Accessibility/VoiceOver,Reorder Mono.aiff,Reorder Mono,Reorder-mono.aiff,"23G83__iPhone18,2/System/Library/CoreServices/VoiceOverTouch.app/Sounds/Reorder-mono.aiff","23G83__iPhone18,2/System/Library/CoreServices/VoiceOverTouch.app/Sounds",0,a41663e6221c125264fb710719ef4dee
Accessibility/VoiceOver,Road Walking Mono.aiff,Road Walking Mono,RoadWalking-mono.aiff,"23G83__iPhone18,2/System/Library/CoreServices/VoiceOverTouch.app/Sounds/RoadWalking-mono.aiff","23G83__iPhone18,2/System/Library/CoreServices/VoiceOverTouch.app/Sounds",0,21750d27a16feaed72c400a474061d02
Accessibility/VoiceOver,Road Walking.aiff,Road Walking,RoadWalking.aiff,"23G83__iPhone18,2/System/Library/CoreServices/VoiceOverTouch.app/Sounds/RoadWalking.aiff","23G83__iPhone18,2/System/Library/CoreServices/VoiceOverTouch.app/Sounds",0,4f89d87cfb89e00dbdff102b4be2d151
Accessibility/VoiceOver,Road Walking Near Border Mono.aiff,Road Walking Near Border Mono,RoadWalkingNearBorder-mono.aiff,"23G83__iPhone18,2/System/Library/CoreServices/VoiceOverTouch.app/Sounds/RoadWalkingNearBorder-mono.aiff","23G83__iPhone18,2/System/Library/CoreServices/VoiceOverTouch.app/Sounds",0,aec3e33d1cbb92999115e685baf116da
Accessibility/VoiceOver,Road Walking Near Border.aiff,Road Walking Near Border,RoadWalkingNearBorder.aiff,"23G83__iPhone18,2/System/Library/CoreServices/VoiceOverTouch.app/Sounds/RoadWalkingNearBorder.aiff","23G83__iPhone18,2/System/Library/CoreServices/VoiceOverTouch.app/Sounds",0,efa4a783c0de5b1b515b57cde0cadb68
Accessibility/VoiceOver,Rotor Left Mono.aiff,Rotor Left Mono,RotorLeft-mono.aiff,"23G83__iPhone18,2/System/Library/CoreServices/VoiceOverTouch.app/Sounds/RotorLeft-mono.aiff","23G83__iPhone18,2/System/Library/CoreServices/VoiceOverTouch.app/Sounds",0,543849b2acf2b2c6fdd8cee916f378fb
Accessibility/VoiceOver,Rotor Left.aiff,Rotor Left,RotorLeft.aiff,"23G83__iPhone18,2/System/Library/CoreServices/VoiceOverTouch.app/Sounds/RotorLeft.aiff","23G83__iPhone18,2/System/Library/CoreServices/VoiceOverTouch.app/Sounds",0,e177d71bcd60c579094ed4c99de1191e
Accessibility/VoiceOver,Rotor Right Mono.aiff,Rotor Right Mono,RotorRight-mono.aiff,"23G83__iPhone18,2/System/Library/CoreServices/VoiceOverTouch.app/Sounds/RotorRight-mono.aiff","23G83__iPhone18,2/System/Library/CoreServices/VoiceOverTouch.app/Sounds",0,7afb8275874af25b3c7e095226b4c5b1
Accessibility/VoiceOver,Rotor Right.aiff,Rotor Right,RotorRight.aiff,"23G83__iPhone18,2/System/Library/CoreServices/VoiceOverTouch.app/Sounds/RotorRight.aiff","23G83__iPhone18,2/System/Library/CoreServices/VoiceOverTouch.app/Sounds",0,e0acaab4adfdf4d5ccd569f030b3b76d
Accessibility/VoiceOver,Screen Change Mono.aiff,Screen Change Mono,ScreenChange-mono.aiff,"23G83__iPhone18,2/System/Library/CoreServices/VoiceOverTouch.app/Sounds/ScreenChange-mono.aiff","23G83__iPhone18,2/System/Library/CoreServices/VoiceOverTouch.app/Sounds",1,ca6c11053d96320f7eb6c1eabe33571c
Accessibility/VoiceOver,Screen Change.aiff,Screen Change,ScreenChange.aiff,"23G83__iPhone18,2/System/Library/CoreServices/VoiceOverTouch.app/Sounds/ScreenChange.aiff","23G83__iPhone18,2/System/Library/CoreServices/VoiceOverTouch.app/Sounds",1,90a56198febacd6c293f3baf978ae212
Accessibility/VoiceOver,Screen Off Mono.aiff,Screen Off Mono,ScreenOff-mono.aiff,"23G83__iPhone18,2/System/Library/CoreServices/VoiceOverTouch.app/Sounds/ScreenOff-mono.aiff","23G83__iPhone18,2/System/Library/CoreServices/VoiceOverTouch.app/Sounds",0,34b92c8d4fc7971732e9df236a37897e
Accessibility/VoiceOver,Screen Off.aiff,Screen Off,ScreenOff.aiff,"23G83__iPhone18,2/System/Library/CoreServices/VoiceOverTouch.app/Sounds/ScreenOff.aiff","23G83__iPhone18,2/System/Library/CoreServices/VoiceOverTouch.app/Sounds",0,f89ddbb1a054e5b338ab3dd288b841aa
Accessibility/VoiceOver,Scroll Page Mono.aiff,Scroll Page Mono,ScrollPage-mono.aiff,"23G83__iPhone18,2/System/Library/CoreServices/VoiceOverTouch.app/Sounds/ScrollPage-mono.aiff","23G83__iPhone18,2/System/Library/CoreServices/VoiceOverTouch.app/Sounds",0,8d1c691eb2198e0fceb1a2cbe32f4177
Accessibility/VoiceOver,Scroll Page.aiff,Scroll Page,ScrollPage.aiff,"23G83__iPhone18,2/System/Library/CoreServices/VoiceOverTouch.app/Sounds/ScrollPage.aiff","23G83__iPhone18,2/System/Library/CoreServices/VoiceOverTouch.app/Sounds",0,a5db9b6631fd2d33bb805c10fad27560
Accessibility/VoiceOver,Secure Character Mono.aiff,Secure Character Mono,SecureCharacter-mono.aiff,"23G83__iPhone18,2/System/Library/CoreServices/VoiceOverTouch.app/Sounds/SecureCharacter-mono.aiff","23G83__iPhone18,2/System/Library/CoreServices/VoiceOverTouch.app/Sounds",0,fb543592970afc295ab130658757b07b
Accessibility/VoiceOver,Secure Character.aiff,Secure Character,SecureCharacter.aiff,"23G83__iPhone18,2/System/Library/CoreServices/VoiceOverTouch.app/Sounds/SecureCharacter.aiff","23G83__iPhone18,2/System/Library/CoreServices/VoiceOverTouch.app/Sounds",0,ed5b6f26ba7d1e8d2cfe6c2b63465a4e
Accessibility/VoiceOver,Select Mono.aiff,Select Mono,Select-mono.aiff,"23G83__iPhone18,2/System/Library/CoreServices/VoiceOverTouch.app/Sounds/Select-mono.aiff","23G83__iPhone18,2/System/Library/CoreServices/VoiceOverTouch.app/Sounds",0,849519b3447f44fb8b10d847bcb9b649
Accessibility/VoiceOver,Select.aiff,Select,Select.aiff,"23G83__iPhone18,2/System/Library/CoreServices/VoiceOverTouch.app/Sounds/Select.aiff","23G83__iPhone18,2/System/Library/CoreServices/VoiceOverTouch.app/Sounds",0,b0b07c4e7784d6bed3e21e1318d016f5
Accessibility/VoiceOver,Selection Direction Change Mono.aiff,Selection Direction Change Mono,SelectionDirectionChange-mono.aiff,"23G83__iPhone18,2/System/Library/CoreServices/VoiceOverTouch.app/Sounds/SelectionDirectionChange-mono.aiff","23G83__iPhone18,2/System/Library/CoreServices/VoiceOverTouch.app/Sounds",0,3ce63fa5f6dcd58c25b204610b0f4f8c
Accessibility/VoiceOver,Selection Direction Change.aiff,Selection Direction Change,SelectionDirectionChange.aiff,"23G83__iPhone18,2/System/Library/CoreServices/VoiceOverTouch.app/Sounds/SelectionDirectionChange.aiff","23G83__iPhone18,2/System/Library/CoreServices/VoiceOverTouch.app/Sounds",0,31dfa8150fa004ae421a085f738cff25
Accessibility/VoiceOver,Sensitive Content Mono.aiff,Sensitive Content Mono,SensitiveContent-mono.aiff,"23G83__iPhone18,2/System/Library/CoreServices/VoiceOverTouch.app/Sounds/SensitiveContent-mono.aiff","23G83__iPhone18,2/System/Library/CoreServices/VoiceOverTouch.app/Sounds",0,eada76db8cbf79304b65a32cb40871e0
Accessibility/VoiceOver,Sensitive Content.aiff,Sensitive Content,SensitiveContent.aiff,"23G83__iPhone18,2/System/Library/CoreServices/VoiceOverTouch.app/Sounds/SensitiveContent.aiff","23G83__iPhone18,2/System/Library/CoreServices/VoiceOverTouch.app/Sounds",0,c20931f43aafea45dd45be97666448e4
Accessibility/VoiceOver,Stack Shot Mono.aiff,Stack Shot Mono,StackShot-mono.aiff,"23G83__iPhone18,2/System/Library/CoreServices/VoiceOverTouch.app/Sounds/StackShot-mono.aiff","23G83__iPhone18,2/System/Library/CoreServices/VoiceOverTouch.app/Sounds",0,e115df65a7d3632a348e02e5abdbbe1c
Accessibility/VoiceOver,Stack Shot.aiff,Stack Shot,StackShot.aiff,"23G83__iPhone18,2/System/Library/CoreServices/VoiceOverTouch.app/Sounds/StackShot.aiff","23G83__iPhone18,2/System/Library/CoreServices/VoiceOverTouch.app/Sounds",0,a75650be4718e1c631889841aa30cc3c
Accessibility/VoiceOver,Start Gaze Exploration Mono.aiff,Start Gaze Exploration Mono,StartGazeExploration-mono.aiff,"23G83__iPhone18,2/System/Library/CoreServices/VoiceOverTouch.app/Sounds/StartGazeExploration-mono.aiff","23G83__iPhone18,2/System/Library/CoreServices/VoiceOverTouch.app/Sounds",0,6f44d5a1ed9f90e728b340c563ba2092
Accessibility/VoiceOver,Start Gaze Exploration.aiff,Start Gaze Exploration,StartGazeExploration.aiff,"23G83__iPhone18,2/System/Library/CoreServices/VoiceOverTouch.app/Sounds/StartGazeExploration.aiff","23G83__iPhone18,2/System/Library/CoreServices/VoiceOverTouch.app/Sounds",0,8d2c5e553dfa70214a562e07e44e43fe
Accessibility/VoiceOver,Tracking Off Mono.aiff,Tracking Off Mono,TrackingOff-mono.aiff,"23G83__iPhone18,2/System/Library/CoreServices/VoiceOverTouch.app/Sounds/TrackingOff-mono.aiff","23G83__iPhone18,2/System/Library/CoreServices/VoiceOverTouch.app/Sounds",0,acdc218d3397d0aebbc962a8641a36cc
Accessibility/VoiceOver,Tracking On Mono.aiff,Tracking On Mono,TrackingOn-mono.aiff,"23G83__iPhone18,2/System/Library/CoreServices/VoiceOverTouch.app/Sounds/TrackingOn-mono.aiff","23G83__iPhone18,2/System/Library/CoreServices/VoiceOverTouch.app/Sounds",0,7f1ade34eeace421f599a0f65104ca88
Accessibility/VoiceOver,Trigger Sound Off Mono.aiff,Trigger Sound Off Mono,TriggerSoundOff-mono.aiff,"23G83__iPhone18,2/System/Library/CoreServices/VoiceOverTouch.app/Sounds/TriggerSoundOff-mono.aiff","23G83__iPhone18,2/System/Library/CoreServices/VoiceOverTouch.app/Sounds",0,a8d43c9a6407025e997f6bb2a82010fb
Accessibility/VoiceOver,Trigger Sound Off.aiff,Trigger Sound Off,TriggerSoundOff.aiff,"23G83__iPhone18,2/System/Library/CoreServices/VoiceOverTouch.app/Sounds/TriggerSoundOff.aiff","23G83__iPhone18,2/System/Library/CoreServices/VoiceOverTouch.app/Sounds",0,c4367c623a55a50da2a0ff0095002b14
Accessibility/VoiceOver,Trigger Sound On Mono.aiff,Trigger Sound On Mono,TriggerSoundOn-mono.aiff,"23G83__iPhone18,2/System/Library/CoreServices/VoiceOverTouch.app/Sounds/TriggerSoundOn-mono.aiff","23G83__iPhone18,2/System/Library/CoreServices/VoiceOverTouch.app/Sounds",0,aee225a24ac109615b7c8fae84fc9044
Accessibility/VoiceOver,Trigger Sound On.aiff,Trigger Sound On,TriggerSoundOn.aiff,"23G83__iPhone18,2/System/Library/CoreServices/VoiceOverTouch.app/Sounds/TriggerSoundOn.aiff","23G83__iPhone18,2/System/Library/CoreServices/VoiceOverTouch.app/Sounds",0,4f1d98f7f314520bed95a148ba207083
Accessibility/VoiceOver,Triple Click Mono.aiff,Triple Click Mono,TripleClick-mono.aiff,"23G83__iPhone18,2/System/Library/CoreServices/VoiceOverTouch.app/Sounds/TripleClick-mono.aiff","23G83__iPhone18,2/System/Library/CoreServices/VoiceOverTouch.app/Sounds",0,38d2ba5e41a818b3c68d3f221606eb96
Accessibility/VoiceOver,Triple Click.aiff,Triple Click,TripleClick.aiff,"23G83__iPhone18,2/System/Library/CoreServices/VoiceOverTouch.app/Sounds/TripleClick.aiff","23G83__iPhone18,2/System/Library/CoreServices/VoiceOverTouch.app/Sounds",0,cb86d103bdaa1592fac14686cf2fcc62
Accessibility/VoiceOver,Tutorial Magic Tap Start Mono.aiff,Tutorial Magic Tap Start Mono,TutorialMagicTapStart-mono.aiff,"23G83__iPhone18,2/System/Library/CoreServices/VoiceOverTouch.app/Sounds/TutorialMagicTapStart-mono.aiff","23G83__iPhone18,2/System/Library/CoreServices/VoiceOverTouch.app/Sounds",0,809468e2cffad6d41b12e2005252676b
Accessibility/VoiceOver,Tutorial Magic Tap Start.aiff,Tutorial Magic Tap Start,TutorialMagicTapStart.aiff,"23G83__iPhone18,2/System/Library/CoreServices/VoiceOverTouch.app/Sounds/TutorialMagicTapStart.aiff","23G83__iPhone18,2/System/Library/CoreServices/VoiceOverTouch.app/Sounds",0,b478518251a55f402ec9884effc99100
Accessibility/VoiceOver,Tutorial Magic Tap Stop Mono.aiff,Tutorial Magic Tap Stop Mono,TutorialMagicTapStop-mono.aiff,"23G83__iPhone18,2/System/Library/CoreServices/VoiceOverTouch.app/Sounds/TutorialMagicTapStop-mono.aiff","23G83__iPhone18,2/System/Library/CoreServices/VoiceOverTouch.app/Sounds",0,ad0bf0928a0ce47105254461b32b6af4
Accessibility/VoiceOver,Tutorial Magic Tap Stop.aiff,Tutorial Magic Tap Stop,TutorialMagicTapStop.aiff,"23G83__iPhone18,2/System/Library/CoreServices/VoiceOverTouch.app/Sounds/TutorialMagicTapStop.aiff","23G83__iPhone18,2/System/Library/CoreServices/VoiceOverTouch.app/Sounds",0,23f03f6e574eec67f1070f2ea1126e88
Accessibility/VoiceOver,Tutorial Success Mono.aiff,Tutorial Success Mono,TutorialSuccess-mono.aiff,"23G83__iPhone18,2/System/Library/CoreServices/VoiceOverTouch.app/Sounds/TutorialSuccess-mono.aiff","23G83__iPhone18,2/System/Library/CoreServices/VoiceOverTouch.app/Sounds",0,52db849c4109befb59f5113ccf694113
Accessibility/VoiceOver,Tutorial Success.aiff,Tutorial Success,TutorialSuccess.aiff,"23G83__iPhone18,2/System/Library/CoreServices/VoiceOverTouch.app/Sounds/TutorialSuccess.aiff","23G83__iPhone18,2/System/Library/CoreServices/VoiceOverTouch.app/Sounds",0,94c5e4b2f89124f4b3d1662d1dd1c76f
Accessibility/VoiceOver,Unsupported Command Error Mono.aiff,Unsupported Command Error Mono,UnsupportedCommandError-mono.aiff,"23G83__iPhone18,2/System/Library/CoreServices/VoiceOverTouch.app/Sounds/UnsupportedCommandError-mono.aiff","23G83__iPhone18,2/System/Library/CoreServices/VoiceOverTouch.app/Sounds",0,33bfdc5d3d238b653af54fb34e8f769c
Accessibility/VoiceOver,Unsupported Command Error.aiff,Unsupported Command Error,UnsupportedCommandError.aiff,"23G83__iPhone18,2/System/Library/CoreServices/VoiceOverTouch.app/Sounds/UnsupportedCommandError.aiff","23G83__iPhone18,2/System/Library/CoreServices/VoiceOverTouch.app/Sounds",0,74e201204f8002da7b20e976994edcad
Accessibility/VoiceOver,VOT Orb Sound 1 Orb HW Mono.aiff,VOT Orb Sound 1 Orb HW Mono,VOTOrbSound1-OrbHW-mono.aiff,"23G83__iPhone18,2/System/Library/CoreServices/VoiceOverTouch.app/Sounds/VOTOrbSound1-OrbHW-mono.aiff","23G83__iPhone18,2/System/Library/CoreServices/VoiceOverTouch.app/Sounds",0,4854def9c7bd24078ec05021edfabad9
Accessibility/VoiceOver,VOT Orb Sound 1 Orb HW.aiff,VOT Orb Sound 1 Orb HW,VOTOrbSound1-OrbHW.aiff,"23G83__iPhone18,2/System/Library/CoreServices/VoiceOverTouch.app/Sounds/VOTOrbSound1-OrbHW.aiff","23G83__iPhone18,2/System/Library/CoreServices/VoiceOverTouch.app/Sounds",0,17bdfbd5259f0731ece85c3f8ab36fb2
Accessibility/VoiceOver,VOT Orb Sound 2 Orb HW Mono.aiff,VOT Orb Sound 2 Orb HW Mono,VOTOrbSound2-OrbHW-mono.aiff,"23G83__iPhone18,2/System/Library/CoreServices/VoiceOverTouch.app/Sounds/VOTOrbSound2-OrbHW-mono.aiff","23G83__iPhone18,2/System/Library/CoreServices/VoiceOverTouch.app/Sounds",0,9312444cd7ee665d78780da9fd9ff86a
Accessibility/VoiceOver,VOT Orb Sound 2 Orb HW.aiff,VOT Orb Sound 2 Orb HW,VOTOrbSound2-OrbHW.aiff,"23G83__iPhone18,2/System/Library/CoreServices/VoiceOverTouch.app/Sounds/VOTOrbSound2-OrbHW.aiff","23G83__iPhone18,2/System/Library/CoreServices/VoiceOverTouch.app/Sounds",0,8eff96e8f214f0e46d1b717019f7e671
Accessibility/VoiceOver,VOT Orb Sound 3 Orb HW Mono.aiff,VOT Orb Sound 3 Orb HW Mono,VOTOrbSound3-OrbHW-mono.aiff,"23G83__iPhone18,2/System/Library/CoreServices/VoiceOverTouch.app/Sounds/VOTOrbSound3-OrbHW-mono.aiff","23G83__iPhone18,2/System/Library/CoreServices/VoiceOverTouch.app/Sounds",0,fa0ccd5591d50e823635a58a9262312c
Accessibility/VoiceOver,VOT Orb Sound 3 Orb HW.aiff,VOT Orb Sound 3 Orb HW,VOTOrbSound3-OrbHW.aiff,"23G83__iPhone18,2/System/Library/CoreServices/VoiceOverTouch.app/Sounds/VOTOrbSound3-OrbHW.aiff","23G83__iPhone18,2/System/Library/CoreServices/VoiceOverTouch.app/Sounds",0,3004ffd124a41ce9ae0041e44ce5aead
Accessibility/VoiceOver,VOT Orb Sound 4 Orb HW Mono.aiff,VOT Orb Sound 4 Orb HW Mono,VOTOrbSound4-OrbHW-mono.aiff,"23G83__iPhone18,2/System/Library/CoreServices/VoiceOverTouch.app/Sounds/VOTOrbSound4-OrbHW-mono.aiff","23G83__iPhone18,2/System/Library/CoreServices/VoiceOverTouch.app/Sounds",0,625f30c4a598b9a7f2e4ca4bfb1b21cc
Accessibility/VoiceOver,VOT Orb Sound 4 Orb HW.aiff,VOT Orb Sound 4 Orb HW,VOTOrbSound4-OrbHW.aiff,"23G83__iPhone18,2/System/Library/CoreServices/VoiceOverTouch.app/Sounds/VOTOrbSound4-OrbHW.aiff","23G83__iPhone18,2/System/Library/CoreServices/VoiceOverTouch.app/Sounds",0,48ce1dec323d5f0a0b262b1def7fc0fe
Accessibility/VoiceOver,Volume Mono.aiff,Volume Mono,Volume-mono.aiff,"23G83__iPhone18,2/System/Library/CoreServices/VoiceOverTouch.app/Sounds/Volume-mono.aiff","23G83__iPhone18,2/System/Library/CoreServices/VoiceOverTouch.app/Sounds",0,0fece176884fcf2bf45804aeae4db470
Accessibility/VoiceOver,Volume.aiff,Volume,Volume.aiff,"23G83__iPhone18,2/System/Library/CoreServices/VoiceOverTouch.app/Sounds/Volume.aiff","23G83__iPhone18,2/System/Library/CoreServices/VoiceOverTouch.app/Sounds",0,dd1627269f1ade9f4bc0dae6aec71b75
Accessibility/VoiceOver,Web Page Loaded Alternate Mono.aiff,Web Page Loaded Alternate Mono,WebPageLoaded-Alternate-mono.aiff,"23G83__iPhone18,2/System/Library/CoreServices/VoiceOverTouch.app/Sounds/WebPageLoaded-Alternate-mono.aiff","23G83__iPhone18,2/System/Library/CoreServices/VoiceOverTouch.app/Sounds",0,a6d82f4c0a6033396b14e5b50bd79234
Accessibility/VoiceOver,Web Page Loaded Alternate.aiff,Web Page Loaded Alternate,WebPageLoaded-Alternate.aiff,"23G83__iPhone18,2/System/Library/CoreServices/VoiceOverTouch.app/Sounds/WebPageLoaded-Alternate.aiff","23G83__iPhone18,2/System/Library/CoreServices/VoiceOverTouch.app/Sounds",0,4943e3e61fe02a145dc9d7c5684186f9
Accessibility/VoiceOver,Web Page Loading In Progress Mono.aiff,Web Page Loading In Progress Mono,WebPageLoadingInProgress-mono.aiff,"23G83__iPhone18,2/System/Library/CoreServices/VoiceOverTouch.app/Sounds/WebPageLoadingInProgress-mono.aiff","23G83__iPhone18,2/System/Library/CoreServices/VoiceOverTouch.app/Sounds",0,5c61a409bba058b110815935bbd4b93d
Accessibility/VoiceOver,Web Page Loading In Progress.aiff,Web Page Loading In Progress,WebPageLoadingInProgress.aiff,"23G83__iPhone18,2/System/Library/CoreServices/VoiceOverTouch.app/Sounds/WebPageLoadingInProgress.aiff","23G83__iPhone18,2/System/Library/CoreServices/VoiceOverTouch.app/Sounds",0,9cbb47a46d7849e083c1a45cdda42ed5
Accessibility/VoiceOver,Wrap Back Louder Mono.aiff,Wrap Back Louder Mono,WrapBack-Louder-mono.aiff,"23G83__iPhone18,2/System/Library/CoreServices/VoiceOverTouch.app/Sounds/WrapBack-Louder-mono.aiff","23G83__iPhone18,2/System/Library/CoreServices/VoiceOverTouch.app/Sounds",0,f3634a246c6dd5f467184bda14718a0e
Accessibility/VoiceOver,Wrap Back Louder.aiff,Wrap Back Louder,WrapBack-Louder.aiff,"23G83__iPhone18,2/System/Library/CoreServices/VoiceOverTouch.app/Sounds/WrapBack-Louder.aiff","23G83__iPhone18,2/System/Library/CoreServices/VoiceOverTouch.app/Sounds",0,69e4dc34dfe4f16e001fa89d5bf9cfcb
Accessibility/VoiceOver,Wrap Back Mono.aiff,Wrap Back Mono,WrapBack-mono.aiff,"23G83__iPhone18,2/System/Library/CoreServices/VoiceOverTouch.app/Sounds/WrapBack-mono.aiff","23G83__iPhone18,2/System/Library/CoreServices/VoiceOverTouch.app/Sounds",0,ecc65fa03eb8f3dbe3e8712d2009bf5d
Accessibility/VoiceOver,Wrap Back.aiff,Wrap Back,WrapBack.aiff,"23G83__iPhone18,2/System/Library/CoreServices/VoiceOverTouch.app/Sounds/WrapBack.aiff","23G83__iPhone18,2/System/Library/CoreServices/VoiceOverTouch.app/Sounds",0,f0f375882c7defa67b7634e09a71e8a9
Accessibility/VoiceOver,Wrap Boundary Alternate Mono.aiff,Wrap Boundary Alternate Mono,WrapBoundary-Alternate-mono.aiff,"23G83__iPhone18,2/System/Library/CoreServices/VoiceOverTouch.app/Sounds/WrapBoundary-Alternate-mono.aiff","23G83__iPhone18,2/System/Library/CoreServices/VoiceOverTouch.app/Sounds",0,55cb08e7fe65b55e1355076e0d255a6f
Accessibility/VoiceOver,Wrap Boundary Alternate.aiff,Wrap Boundary Alternate,WrapBoundary-Alternate.aiff,"23G83__iPhone18,2/System/Library/CoreServices/VoiceOverTouch.app/Sounds/WrapBoundary-Alternate.aiff","23G83__iPhone18,2/System/Library/CoreServices/VoiceOverTouch.app/Sounds",0,dc8799a14f73d40a83421a2f4b5f9ec8
Accessibility/VoiceOver,Wrap Boundary Mono.aiff,Wrap Boundary Mono,WrapBoundary-mono.aiff,"23G83__iPhone18,2/System/Library/CoreServices/VoiceOverTouch.app/Sounds/WrapBoundary-mono.aiff","23G83__iPhone18,2/System/Library/CoreServices/VoiceOverTouch.app/Sounds",0,1b0c0586f8683abe2abe5c1812e1e831
Accessibility/VoiceOver,Wrap Boundary.aiff,Wrap Boundary,WrapBoundary.aiff,"23G83__iPhone18,2/System/Library/CoreServices/VoiceOverTouch.app/Sounds/WrapBoundary.aiff","23G83__iPhone18,2/System/Library/CoreServices/VoiceOverTouch.app/Sounds",0,db7ce3a9d03c3f4bf86ac5ec40e71c1d
Accessibility/VoiceOver,Wrap Forward Louder Mono.aiff,Wrap Forward Louder Mono,WrapForward-Louder-mono.aiff,"23G83__iPhone18,2/System/Library/CoreServices/VoiceOverTouch.app/Sounds/WrapForward-Louder-mono.aiff","23G83__iPhone18,2/System/Library/CoreServices/VoiceOverTouch.app/Sounds",0,5390256088186d2c9b59891647d8d103
Accessibility/VoiceOver,Wrap Forward Louder.aiff,Wrap Forward Louder,WrapForward-Louder.aiff,"23G83__iPhone18,2/System/Library/CoreServices/VoiceOverTouch.app/Sounds/WrapForward-Louder.aiff","23G83__iPhone18,2/System/Library/CoreServices/VoiceOverTouch.app/Sounds",0,eb9afe996a49c5693148e42cfc2bc52d
Accessibility/VoiceOver,Wrap Forward Mono.aiff,Wrap Forward Mono,WrapForward-mono.aiff,"23G83__iPhone18,2/System/Library/CoreServices/VoiceOverTouch.app/Sounds/WrapForward-mono.aiff","23G83__iPhone18,2/System/Library/CoreServices/VoiceOverTouch.app/Sounds",0,a0b5596244d59d87a1bd6c3cc34836d7
Accessibility/VoiceOver,Wrap Forward.aiff,Wrap Forward,WrapForward.aiff,"23G83__iPhone18,2/System/Library/CoreServices/VoiceOverTouch.app/Sounds/WrapForward.aiff","23G83__iPhone18,2/System/Library/CoreServices/VoiceOverTouch.app/Sounds",0,4bf5385b51ab65684dd0d35e1acbd460
Accessibility/VoiceOver,IOSScreen Off Mono.aiff,IOSScreen Off Mono,iOSScreenOff-mono.aiff,"23G83__iPhone18,2/System/Library/CoreServices/VoiceOverTouch.app/Sounds/iOSScreenOff-mono.aiff","23G83__iPhone18,2/System/Library/CoreServices/VoiceOverTouch.app/Sounds",0,b557891c28be3acd00a64fb6f1f44f12
Accessibility/VoiceOver,IOSScreen Off.aiff,IOSScreen Off,iOSScreenOff.aiff,"23G83__iPhone18,2/System/Library/CoreServices/VoiceOverTouch.app/Sounds/iOSScreenOff.aiff","23G83__iPhone18,2/System/Library/CoreServices/VoiceOverTouch.app/Sounds",0,2f8eb5e1a2b8d58108a47649c22b8547
Audio & Headphones,Drum Loop 24 48 Mono.wav,Drum Loop 24 48 Mono,DrumLoop_24_48_Mono.wav,"23G83__iPhone18,2/System/Library/Frameworks/PHASE.framework/DrumLoop_24_48_Mono.wav","23G83__iPhone18,2/System/Library/Frameworks/PHASE.framework | 23G83__iPhone18,2/System/Library/PrivateFrameworks/DiagnosticExtensions.framework/PlugIns/AudioDiagnosticExtension.appex",1,29183e24a0237ac5d914d1e6ff160bb6
System Frameworks/Reality Kit Swift UI,1 Scan Loop.wav,1 Scan Loop,1_scan_loop.wav,"23G83__iPhone18,2/System/Library/Frameworks/_RealityKit_SwiftUI.framework/1_scan_loop.wav","23G83__iPhone18,2/System/Library/Frameworks/_RealityKit_SwiftUI.framework",0,b1b71060f602670e24e19d34d9d6891c
System Frameworks/Reality Kit Swift UI,2 Scan Loop.wav,2 Scan Loop,2_scan_loop.wav,"23G83__iPhone18,2/System/Library/Frameworks/_RealityKit_SwiftUI.framework/2_scan_loop.wav","23G83__iPhone18,2/System/Library/Frameworks/_RealityKit_SwiftUI.framework",0,93ff8596feacb8fb6ad03df3bbb7cf15
System Frameworks/Reality Kit Swift UI,3 Scan Loop.wav,3 Scan Loop,3_scan_loop.wav,"23G83__iPhone18,2/System/Library/Frameworks/_RealityKit_SwiftUI.framework/3_scan_loop.wav","23G83__iPhone18,2/System/Library/Frameworks/_RealityKit_SwiftUI.framework",0,e0cf3a03f844d2948df90817cf2722e9
System Frameworks/Reality Kit Swift UI,Open Scan.wav,Open Scan,open_scan.wav,"23G83__iPhone18,2/System/Library/Frameworks/_RealityKit_SwiftUI.framework/open_scan.wav","23G83__iPhone18,2/System/Library/Frameworks/_RealityKit_SwiftUI.framework",0,9fff00fb47cc2cc1e5b7290f62bf98c1
System Frameworks/Reality Kit Swift UI,Pulse.wav,Pulse,pulse.wav,"23G83__iPhone18,2/System/Library/Frameworks/_RealityKit_SwiftUI.framework/pulse.wav","23G83__iPhone18,2/System/Library/Frameworks/_RealityKit_SwiftUI.framework",0,1004ff6b7902735e7c90cea89553bdf9
System Frameworks/Reality Kit Swift UI,Scan Complete.wav,Scan Complete,scan_complete.wav,"23G83__iPhone18,2/System/Library/Frameworks/_RealityKit_SwiftUI.framework/scan_complete.wav","23G83__iPhone18,2/System/Library/Frameworks/_RealityKit_SwiftUI.framework",0,2ecb4625968a5213d676d7500c1abe76
Photos Memories/Misc,18f501e0-4e5d-4af0-95ba-7ad429ee44d8.m4a,18f501e0-4e5d-4af0-95ba-7ad429ee44d8,18f501e0-4e5d-4af0-95ba-7ad429ee44d8.m4a,"23G83__iPhone18,2/System/Library/Photos/Resources/FlexAudio/18f501e0-4e5d-4af0-95ba-7ad429ee44d8.smsbundle/18f501e0-4e5d-4af0-95ba-7ad429ee44d8.m4a","23G83__iPhone18,2/System/Library/Photos/Resources/FlexAudio/18f501e0-4e5d-4af0-95ba-7ad429ee44d8.smsbundle",0,c78278ad03529c11db73c07775fd61f8
Photos Memories/MEM2/Body,MEM2 Body0a.m4a,MEM2 Body0a,MEM2_Body0a.m4a,"23G83__iPhone18,2/System/Library/Photos/Resources/FlexAudio/5F39145D-BCF7-42F1-921A-0FAF214F8A88.smsbundle/BODY/MEM2_Body0a.m4a","23G83__iPhone18,2/System/Library/Photos/Resources/FlexAudio/5F39145D-BCF7-42F1-921A-0FAF214F8A88.smsbundle/BODY",0,e3fa953d8d62a1af5ec5d06c185670a0
Photos Memories/MEM2/Body,MEM2 Body0b.m4a,MEM2 Body0b,MEM2_Body0b.m4a,"23G83__iPhone18,2/System/Library/Photos/Resources/FlexAudio/5F39145D-BCF7-42F1-921A-0FAF214F8A88.smsbundle/BODY/MEM2_Body0b.m4a","23G83__iPhone18,2/System/Library/Photos/Resources/FlexAudio/5F39145D-BCF7-42F1-921A-0FAF214F8A88.smsbundle/BODY",0,a17c2c4081dafd29ed6fdb34766eb5d0
Photos Memories/MEM2/Body,MEM2 Body1a.m4a,MEM2 Body1a,MEM2_Body1a.m4a,"23G83__iPhone18,2/System/Library/Photos/Resources/FlexAudio/5F39145D-BCF7-42F1-921A-0FAF214F8A88.smsbundle/BODY/MEM2_Body1a.m4a","23G83__iPhone18,2/System/Library/Photos/Resources/FlexAudio/5F39145D-BCF7-42F1-921A-0FAF214F8A88.smsbundle/BODY",0,ee94b0011cea34c9bac344ebf6d9021d
Photos Memories/MEM2/Body,MEM2 Body1b.m4a,MEM2 Body1b,MEM2_Body1b.m4a,"23G83__iPhone18,2/System/Library/Photos/Resources/FlexAudio/5F39145D-BCF7-42F1-921A-0FAF214F8A88.smsbundle/BODY/MEM2_Body1b.m4a","23G83__iPhone18,2/System/Library/Photos/Resources/FlexAudio/5F39145D-BCF7-42F1-921A-0FAF214F8A88.smsbundle/BODY",0,baabe7d8fcbff551b90dce8baafbd1c1
Photos Memories/MEM2/Body,MEM2 Body1c.m4a,MEM2 Body1c,MEM2_Body1c.m4a,"23G83__iPhone18,2/System/Library/Photos/Resources/FlexAudio/5F39145D-BCF7-42F1-921A-0FAF214F8A88.smsbundle/BODY/MEM2_Body1c.m4a","23G83__iPhone18,2/System/Library/Photos/Resources/FlexAudio/5F39145D-BCF7-42F1-921A-0FAF214F8A88.smsbundle/BODY",0,43e2780f718d0d2da91573ee3aa86332
Photos Memories/MEM2/Body,MEM2 Body2a.m4a,MEM2 Body2a,MEM2_Body2a.m4a,"23G83__iPhone18,2/System/Library/Photos/Resources/FlexAudio/5F39145D-BCF7-42F1-921A-0FAF214F8A88.smsbundle/BODY/MEM2_Body2a.m4a","23G83__iPhone18,2/System/Library/Photos/Resources/FlexAudio/5F39145D-BCF7-42F1-921A-0FAF214F8A88.smsbundle/BODY",0,5d34f3c0c8caf0e31ba252c7f3394581
Photos Memories/MEM2/Body,MEM2 Body2b.m4a,MEM2 Body2b,MEM2_Body2b.m4a,"23G83__iPhone18,2/System/Library/Photos/Resources/FlexAudio/5F39145D-BCF7-42F1-921A-0FAF214F8A88.smsbundle/BODY/MEM2_Body2b.m4a","23G83__iPhone18,2/System/Library/Photos/Resources/FlexAudio/5F39145D-BCF7-42F1-921A-0FAF214F8A88.smsbundle/BODY",0,ea63e612fbcc6346c1fcdaabcf5e6504
Photos Memories/MEM2/Body,MEM2 Body3a.m4a,MEM2 Body3a,MEM2_Body3a.m4a,"23G83__iPhone18,2/System/Library/Photos/Resources/FlexAudio/5F39145D-BCF7-42F1-921A-0FAF214F8A88.smsbundle/BODY/MEM2_Body3a.m4a","23G83__iPhone18,2/System/Library/Photos/Resources/FlexAudio/5F39145D-BCF7-42F1-921A-0FAF214F8A88.smsbundle/BODY",0,9d43da94e1b497cd2b3b4d7c0744d7c0
Photos Memories/MEM2/Body,MEM2 Body3b.m4a,MEM2 Body3b,MEM2_Body3b.m4a,"23G83__iPhone18,2/System/Library/Photos/Resources/FlexAudio/5F39145D-BCF7-42F1-921A-0FAF214F8A88.smsbundle/BODY/MEM2_Body3b.m4a","23G83__iPhone18,2/System/Library/Photos/Resources/FlexAudio/5F39145D-BCF7-42F1-921A-0FAF214F8A88.smsbundle/BODY",0,8eb3fc482c0f0f787ebfdd9a54459f34
Photos Memories/MEM2/Body,MEM2 Body3c.m4a,MEM2 Body3c,MEM2_Body3c.m4a,"23G83__iPhone18,2/System/Library/Photos/Resources/FlexAudio/5F39145D-BCF7-42F1-921A-0FAF214F8A88.smsbundle/BODY/MEM2_Body3c.m4a","23G83__iPhone18,2/System/Library/Photos/Resources/FlexAudio/5F39145D-BCF7-42F1-921A-0FAF214F8A88.smsbundle/BODY",0,82fe383d9eca89c86249449b21f61fbf
Photos Memories/MEM2/Body,MEM2 Body3d.m4a,MEM2 Body3d,MEM2_Body3d.m4a,"23G83__iPhone18,2/System/Library/Photos/Resources/FlexAudio/5F39145D-BCF7-42F1-921A-0FAF214F8A88.smsbundle/BODY/MEM2_Body3d.m4a","23G83__iPhone18,2/System/Library/Photos/Resources/FlexAudio/5F39145D-BCF7-42F1-921A-0FAF214F8A88.smsbundle/BODY",0,0c16bee048a87402ca5ecf4940584f16
Photos Memories/MEM2/Body,MEM2 Body4a.m4a,MEM2 Body4a,MEM2_Body4a.m4a,"23G83__iPhone18,2/System/Library/Photos/Resources/FlexAudio/5F39145D-BCF7-42F1-921A-0FAF214F8A88.smsbundle/BODY/MEM2_Body4a.m4a","23G83__iPhone18,2/System/Library/Photos/Resources/FlexAudio/5F39145D-BCF7-42F1-921A-0FAF214F8A88.smsbundle/BODY",0,27322174abfb5f21125406a2ce53421d
Photos Memories/MEM2/Body,MEM2 Body4b.m4a,MEM2 Body4b,MEM2_Body4b.m4a,"23G83__iPhone18,2/System/Library/Photos/Resources/FlexAudio/5F39145D-BCF7-42F1-921A-0FAF214F8A88.smsbundle/BODY/MEM2_Body4b.m4a","23G83__iPhone18,2/System/Library/Photos/Resources/FlexAudio/5F39145D-BCF7-42F1-921A-0FAF214F8A88.smsbundle/BODY",0,0f3d9edbab421176963d785ba5a8570b
Photos Memories/MEM2/Body,MEM2 Body5a.m4a,MEM2 Body5a,MEM2_Body5a.m4a,"23G83__iPhone18,2/System/Library/Photos/Resources/FlexAudio/5F39145D-BCF7-42F1-921A-0FAF214F8A88.smsbundle/BODY/MEM2_Body5a.m4a","23G83__iPhone18,2/System/Library/Photos/Resources/FlexAudio/5F39145D-BCF7-42F1-921A-0FAF214F8A88.smsbundle/BODY",0,5cc0345c539a5f77974d168b5b68cc49
Photos Memories/MEM2/Body,MEM2 Body5b.m4a,MEM2 Body5b,MEM2_Body5b.m4a,"23G83__iPhone18,2/System/Library/Photos/Resources/FlexAudio/5F39145D-BCF7-42F1-921A-0FAF214F8A88.smsbundle/BODY/MEM2_Body5b.m4a","23G83__iPhone18,2/System/Library/Photos/Resources/FlexAudio/5F39145D-BCF7-42F1-921A-0FAF214F8A88.smsbundle/BODY",0,d628b76620ff6d27ac684a5aedfa5028
Photos Memories/MEM2/Body,MEM2 Body5c.m4a,MEM2 Body5c,MEM2_Body5c.m4a,"23G83__iPhone18,2/System/Library/Photos/Resources/FlexAudio/5F39145D-BCF7-42F1-921A-0FAF214F8A88.smsbundle/BODY/MEM2_Body5c.m4a","23G83__iPhone18,2/System/Library/Photos/Resources/FlexAudio/5F39145D-BCF7-42F1-921A-0FAF214F8A88.smsbundle/BODY",0,9b37b018c8461525bc4fcc80fb1b3abe
Photos Memories/MEM2/Body,MEM2 Body6.m4a,MEM2 Body6,MEM2_Body6.m4a,"23G83__iPhone18,2/System/Library/Photos/Resources/FlexAudio/5F39145D-BCF7-42F1-921A-0FAF214F8A88.smsbundle/BODY/MEM2_Body6.m4a","23G83__iPhone18,2/System/Library/Photos/Resources/FlexAudio/5F39145D-BCF7-42F1-921A-0FAF214F8A88.smsbundle/BODY",0,bc7b278fa50cb9a945e9240ee42fbafe
Photos Memories/MEM2/Body,MEM2 Body7.m4a,MEM2 Body7,MEM2_Body7.m4a,"23G83__iPhone18,2/System/Library/Photos/Resources/FlexAudio/5F39145D-BCF7-42F1-921A-0FAF214F8A88.smsbundle/BODY/MEM2_Body7.m4a","23G83__iPhone18,2/System/Library/Photos/Resources/FlexAudio/5F39145D-BCF7-42F1-921A-0FAF214F8A88.smsbundle/BODY",0,33e2c91124f95a22f680d0edf464f4dc
Photos Memories/MEM2/Body,MEM2 Body8a.m4a,MEM2 Body8a,MEM2_Body8a.m4a,"23G83__iPhone18,2/System/Library/Photos/Resources/FlexAudio/5F39145D-BCF7-42F1-921A-0FAF214F8A88.smsbundle/BODY/MEM2_Body8a.m4a","23G83__iPhone18,2/System/Library/Photos/Resources/FlexAudio/5F39145D-BCF7-42F1-921A-0FAF214F8A88.smsbundle/BODY",0,3e7ddc590dc73a4a4243869a4e0584d3
Photos Memories/MEM2/Body,MEM2 Body8b.m4a,MEM2 Body8b,MEM2_Body8b.m4a,"23G83__iPhone18,2/System/Library/Photos/Resources/FlexAudio/5F39145D-BCF7-42F1-921A-0FAF214F8A88.smsbundle/BODY/MEM2_Body8b.m4a","23G83__iPhone18,2/System/Library/Photos/Resources/FlexAudio/5F39145D-BCF7-42F1-921A-0FAF214F8A88.smsbundle/BODY",0,017b1db63aa6f258a12651ce46e8225f
Photos Memories/MEM2/Intro,MEM2 In0.m4a,MEM2 In0,MEM2_In0.m4a,"23G83__iPhone18,2/System/Library/Photos/Resources/FlexAudio/5F39145D-BCF7-42F1-921A-0FAF214F8A88.smsbundle/INTRO/MEM2_In0.m4a","23G83__iPhone18,2/System/Library/Photos/Resources/FlexAudio/5F39145D-BCF7-42F1-921A-0FAF214F8A88.smsbundle/INTRO",0,11af83fa1667976b94c4a589f6350f65
Photos Memories/MEM2/Intro,MEM2 In1.m4a,MEM2 In1,MEM2_In1.m4a,"23G83__iPhone18,2/System/Library/Photos/Resources/FlexAudio/5F39145D-BCF7-42F1-921A-0FAF214F8A88.smsbundle/INTRO/MEM2_In1.m4a","23G83__iPhone18,2/System/Library/Photos/Resources/FlexAudio/5F39145D-BCF7-42F1-921A-0FAF214F8A88.smsbundle/INTRO",0,f8b82d0d18518d7657a18a1de01c43e7
Photos Memories/MEM2/Intro,MEM2 In2.m4a,MEM2 In2,MEM2_In2.m4a,"23G83__iPhone18,2/System/Library/Photos/Resources/FlexAudio/5F39145D-BCF7-42F1-921A-0FAF214F8A88.smsbundle/INTRO/MEM2_In2.m4a","23G83__iPhone18,2/System/Library/Photos/Resources/FlexAudio/5F39145D-BCF7-42F1-921A-0FAF214F8A88.smsbundle/INTRO",0,b8759af22d81c1ade10453a0d80c7696
Photos Memories/MEM2/Intro,MEM2 In3.m4a,MEM2 In3,MEM2_In3.m4a,"23G83__iPhone18,2/System/Library/Photos/Resources/FlexAudio/5F39145D-BCF7-42F1-921A-0FAF214F8A88.smsbundle/INTRO/MEM2_In3.m4a","23G83__iPhone18,2/System/Library/Photos/Resources/FlexAudio/5F39145D-BCF7-42F1-921A-0FAF214F8A88.smsbundle/INTRO",0,2473fab0bc70f876020999054a23609b
Photos Memories/MEM2/Intro,MEM2 In4.m4a,MEM2 In4,MEM2_In4.m4a,"23G83__iPhone18,2/System/Library/Photos/Resources/FlexAudio/5F39145D-BCF7-42F1-921A-0FAF214F8A88.smsbundle/INTRO/MEM2_In4.m4a","23G83__iPhone18,2/System/Library/Photos/Resources/FlexAudio/5F39145D-BCF7-42F1-921A-0FAF214F8A88.smsbundle/INTRO",0,d89b6b33e9fc0411f43555cbe64c34e8
Photos Memories/MEM2/Intro,MEM2 In5.m4a,MEM2 In5,MEM2_In5.m4a,"23G83__iPhone18,2/System/Library/Photos/Resources/FlexAudio/5F39145D-BCF7-42F1-921A-0FAF214F8A88.smsbundle/INTRO/MEM2_In5.m4a","23G83__iPhone18,2/System/Library/Photos/Resources/FlexAudio/5F39145D-BCF7-42F1-921A-0FAF214F8A88.smsbundle/INTRO",0,ce1ed205bee3f7b9abd5205ad498cb35
Photos Memories/MEM2/Outro,MEM2 Out1.m4a,MEM2 Out1,MEM2_Out1.m4a,"23G83__iPhone18,2/System/Library/Photos/Resources/FlexAudio/5F39145D-BCF7-42F1-921A-0FAF214F8A88.smsbundle/OUTRO/MEM2_Out1.m4a","23G83__iPhone18,2/System/Library/Photos/Resources/FlexAudio/5F39145D-BCF7-42F1-921A-0FAF214F8A88.smsbundle/OUTRO",0,7feadc80a00a76995bdd88980fc1430f
Photos Memories/MEM2/Outro,MEM2 Out2.m4a,MEM2 Out2,MEM2_Out2.m4a,"23G83__iPhone18,2/System/Library/Photos/Resources/FlexAudio/5F39145D-BCF7-42F1-921A-0FAF214F8A88.smsbundle/OUTRO/MEM2_Out2.m4a","23G83__iPhone18,2/System/Library/Photos/Resources/FlexAudio/5F39145D-BCF7-42F1-921A-0FAF214F8A88.smsbundle/OUTRO",0,0b904b9229f0519984f29ee598301e84
Photos Memories/MEM2/Outro,MEM2 Out3.m4a,MEM2 Out3,MEM2_Out3.m4a,"23G83__iPhone18,2/System/Library/Photos/Resources/FlexAudio/5F39145D-BCF7-42F1-921A-0FAF214F8A88.smsbundle/OUTRO/MEM2_Out3.m4a","23G83__iPhone18,2/System/Library/Photos/Resources/FlexAudio/5F39145D-BCF7-42F1-921A-0FAF214F8A88.smsbundle/OUTRO",0,332ac2b99b4aa85e9c7110187625b257
Photos Memories/MEM2/Outro,MEM2 Out4.m4a,MEM2 Out4,MEM2_Out4.m4a,"23G83__iPhone18,2/System/Library/Photos/Resources/FlexAudio/5F39145D-BCF7-42F1-921A-0FAF214F8A88.smsbundle/OUTRO/MEM2_Out4.m4a","23G83__iPhone18,2/System/Library/Photos/Resources/FlexAudio/5F39145D-BCF7-42F1-921A-0FAF214F8A88.smsbundle/OUTRO",0,aade6a9bd0fd40a819e820f2481723d3
Photos Memories/MEM2/Outro,MEM2 Out5.m4a,MEM2 Out5,MEM2_Out5.m4a,"23G83__iPhone18,2/System/Library/Photos/Resources/FlexAudio/5F39145D-BCF7-42F1-921A-0FAF214F8A88.smsbundle/OUTRO/MEM2_Out5.m4a","23G83__iPhone18,2/System/Library/Photos/Resources/FlexAudio/5F39145D-BCF7-42F1-921A-0FAF214F8A88.smsbundle/OUTRO",0,0abfe1cdae6a62d01a5212228420b6ed
Photos Memories/MEM2/Outro,MEM2 Out6.m4a,MEM2 Out6,MEM2_Out6.m4a,"23G83__iPhone18,2/System/Library/Photos/Resources/FlexAudio/5F39145D-BCF7-42F1-921A-0FAF214F8A88.smsbundle/OUTRO/MEM2_Out6.m4a","23G83__iPhone18,2/System/Library/Photos/Resources/FlexAudio/5F39145D-BCF7-42F1-921A-0FAF214F8A88.smsbundle/OUTRO",0,c9f429afdc43aaa5c905d57d36a67415
Photos Memories/MEM2/Outro,MEM2 Out7.m4a,MEM2 Out7,MEM2_Out7.m4a,"23G83__iPhone18,2/System/Library/Photos/Resources/FlexAudio/5F39145D-BCF7-42F1-921A-0FAF214F8A88.smsbundle/OUTRO/MEM2_Out7.m4a","23G83__iPhone18,2/System/Library/Photos/Resources/FlexAudio/5F39145D-BCF7-42F1-921A-0FAF214F8A88.smsbundle/OUTRO",0,19d85e024c8942c9718baa571ed759db
Photos Memories/MEM2/Transition,MEM2 Trans3to6.m4a,MEM2 Trans3to6,MEM2_Trans3to6.m4a,"23G83__iPhone18,2/System/Library/Photos/Resources/FlexAudio/5F39145D-BCF7-42F1-921A-0FAF214F8A88.smsbundle/TRANS/MEM2_Trans3to6.m4a","23G83__iPhone18,2/System/Library/Photos/Resources/FlexAudio/5F39145D-BCF7-42F1-921A-0FAF214F8A88.smsbundle/TRANS",0,d779542a3b831a6bc53793505feb0d5d
Photos Memories/MEM2/Transition,MEM2 Trans4to6.m4a,MEM2 Trans4to6,MEM2_Trans4to6.m4a,"23G83__iPhone18,2/System/Library/Photos/Resources/FlexAudio/5F39145D-BCF7-42F1-921A-0FAF214F8A88.smsbundle/TRANS/MEM2_Trans4to6.m4a","23G83__iPhone18,2/System/Library/Photos/Resources/FlexAudio/5F39145D-BCF7-42F1-921A-0FAF214F8A88.smsbundle/TRANS",0,2619ca1da19589f84dc68bd16805a276
Photos Memories/MEM2/Transition,MEM2 Trans4to7.m4a,MEM2 Trans4to7,MEM2_Trans4to7.m4a,"23G83__iPhone18,2/System/Library/Photos/Resources/FlexAudio/5F39145D-BCF7-42F1-921A-0FAF214F8A88.smsbundle/TRANS/MEM2_Trans4to7.m4a","23G83__iPhone18,2/System/Library/Photos/Resources/FlexAudio/5F39145D-BCF7-42F1-921A-0FAF214F8A88.smsbundle/TRANS",0,6088efe8d8d5d3da750de2e29301b70b
Photos Memories/GWB/Body,GWB Body10a.m4a,GWB Body10a,GWB_Body10a.m4a,"23G83__iPhone18,2/System/Library/Photos/Resources/FlexAudio/6AB8CCB9-B173-4B48-82DB-0C3D46339BF9.smsbundle/BODY/GWB_Body10a.m4a","23G83__iPhone18,2/System/Library/Photos/Resources/FlexAudio/6AB8CCB9-B173-4B48-82DB-0C3D46339BF9.smsbundle/BODY",0,3b673a1e23b149a47df708eda37c1cb0
Photos Memories/GWB/Body,GWB Body12a.m4a,GWB Body12a,GWB_Body12a.m4a,"23G83__iPhone18,2/System/Library/Photos/Resources/FlexAudio/6AB8CCB9-B173-4B48-82DB-0C3D46339BF9.smsbundle/BODY/GWB_Body12a.m4a","23G83__iPhone18,2/System/Library/Photos/Resources/FlexAudio/6AB8CCB9-B173-4B48-82DB-0C3D46339BF9.smsbundle/BODY",0,f92c590cdbcd86d7758e6062dd05cd91
Photos Memories/GWB/Body,GWB Body14a.m4a,GWB Body14a,GWB_Body14a.m4a,"23G83__iPhone18,2/System/Library/Photos/Resources/FlexAudio/6AB8CCB9-B173-4B48-82DB-0C3D46339BF9.smsbundle/BODY/GWB_Body14a.m4a","23G83__iPhone18,2/System/Library/Photos/Resources/FlexAudio/6AB8CCB9-B173-4B48-82DB-0C3D46339BF9.smsbundle/BODY",0,8d23e100dfccaab19b6bd0e32884e009
Photos Memories/GWB/Body,GWB Body16a.m4a,GWB Body16a,GWB_Body16a.m4a,"23G83__iPhone18,2/System/Library/Photos/Resources/FlexAudio/6AB8CCB9-B173-4B48-82DB-0C3D46339BF9.smsbundle/BODY/GWB_Body16a.m4a","23G83__iPhone18,2/System/Library/Photos/Resources/FlexAudio/6AB8CCB9-B173-4B48-82DB-0C3D46339BF9.smsbundle/BODY",0,b3017f9240fff9aade2732976b8d9a22
Photos Memories/GWB/Body,GWB Body17a.m4a,GWB Body17a,GWB_Body17a.m4a,"23G83__iPhone18,2/System/Library/Photos/Resources/FlexAudio/6AB8CCB9-B173-4B48-82DB-0C3D46339BF9.smsbundle/BODY/GWB_Body17a.m4a","23G83__iPhone18,2/System/Library/Photos/Resources/FlexAudio/6AB8CCB9-B173-4B48-82DB-0C3D46339BF9.smsbundle/BODY",0,6abc6bc316713fd82331534f0d34edba
Photos Memories/GWB/Body,GWB Body18a.m4a,GWB Body18a,GWB_Body18a.m4a,"23G83__iPhone18,2/System/Library/Photos/Resources/FlexAudio/6AB8CCB9-B173-4B48-82DB-0C3D46339BF9.smsbundle/BODY/GWB_Body18a.m4a","23G83__iPhone18,2/System/Library/Photos/Resources/FlexAudio/6AB8CCB9-B173-4B48-82DB-0C3D46339BF9.smsbundle/BODY",0,8fbec16751713df0ba161c0f175a4f72
Photos Memories/GWB/Body,GWB Body20a.m4a,GWB Body20a,GWB_Body20a.m4a,"23G83__iPhone18,2/System/Library/Photos/Resources/FlexAudio/6AB8CCB9-B173-4B48-82DB-0C3D46339BF9.smsbundle/BODY/GWB_Body20a.m4a","23G83__iPhone18,2/System/Library/Photos/Resources/FlexAudio/6AB8CCB9-B173-4B48-82DB-0C3D46339BF9.smsbundle/BODY",0,044d107459e67b514501de7a81a1b7a0
Photos Memories/GWB/Body,GWB Body20b.m4a,GWB Body20b,GWB_Body20b.m4a,"23G83__iPhone18,2/System/Library/Photos/Resources/FlexAudio/6AB8CCB9-B173-4B48-82DB-0C3D46339BF9.smsbundle/BODY/GWB_Body20b.m4a","23G83__iPhone18,2/System/Library/Photos/Resources/FlexAudio/6AB8CCB9-B173-4B48-82DB-0C3D46339BF9.smsbundle/BODY",0,29b5e4deb13cb6b094c837ab03b0c4a1
Photos Memories/GWB/Body,GWB Body20c.m4a,GWB Body20c,GWB_Body20c.m4a,"23G83__iPhone18,2/System/Library/Photos/Resources/FlexAudio/6AB8CCB9-B173-4B48-82DB-0C3D46339BF9.smsbundle/BODY/GWB_Body20c.m4a","23G83__iPhone18,2/System/Library/Photos/Resources/FlexAudio/6AB8CCB9-B173-4B48-82DB-0C3D46339BF9.smsbundle/BODY",0,cc881d00dcc06868df0ef7022e2cd654
Photos Memories/GWB/Body,GWB Body20d.m4a,GWB Body20d,GWB_Body20d.m4a,"23G83__iPhone18,2/System/Library/Photos/Resources/FlexAudio/6AB8CCB9-B173-4B48-82DB-0C3D46339BF9.smsbundle/BODY/GWB_Body20d.m4a","23G83__iPhone18,2/System/Library/Photos/Resources/FlexAudio/6AB8CCB9-B173-4B48-82DB-0C3D46339BF9.smsbundle/BODY",0,3eca4066e4ccd6d67f6e2c23db28ba31
Photos Memories/GWB/Body,GWB Body20e.m4a,GWB Body20e,GWB_Body20e.m4a,"23G83__iPhone18,2/System/Library/Photos/Resources/FlexAudio/6AB8CCB9-B173-4B48-82DB-0C3D46339BF9.smsbundle/BODY/GWB_Body20e.m4a","23G83__iPhone18,2/System/Library/Photos/Resources/FlexAudio/6AB8CCB9-B173-4B48-82DB-0C3D46339BF9.smsbundle/BODY",0,3ec011ecbc171861c8b9040b204618af
Photos Memories/GWB/Body,GWB Body20f.m4a,GWB Body20f,GWB_Body20f.m4a,"23G83__iPhone18,2/System/Library/Photos/Resources/FlexAudio/6AB8CCB9-B173-4B48-82DB-0C3D46339BF9.smsbundle/BODY/GWB_Body20f.m4a","23G83__iPhone18,2/System/Library/Photos/Resources/FlexAudio/6AB8CCB9-B173-4B48-82DB-0C3D46339BF9.smsbundle/BODY",0,24575e39c523df6067b1906ebfc21d2d
Photos Memories/GWB/Body,GWB Body20g.m4a,GWB Body20g,GWB_Body20g.m4a,"23G83__iPhone18,2/System/Library/Photos/Resources/FlexAudio/6AB8CCB9-B173-4B48-82DB-0C3D46339BF9.smsbundle/BODY/GWB_Body20g.m4a","23G83__iPhone18,2/System/Library/Photos/Resources/FlexAudio/6AB8CCB9-B173-4B48-82DB-0C3D46339BF9.smsbundle/BODY",0,45492db43fb88bd7faca4c9986048c22
Photos Memories/GWB/Body,GWB Body20h.m4a,GWB Body20h,GWB_Body20h.m4a,"23G83__iPhone18,2/System/Library/Photos/Resources/FlexAudio/6AB8CCB9-B173-4B48-82DB-0C3D46339BF9.smsbundle/BODY/GWB_Body20h.m4a","23G83__iPhone18,2/System/Library/Photos/Resources/FlexAudio/6AB8CCB9-B173-4B48-82DB-0C3D46339BF9.smsbundle/BODY",0,69a7cd018ef473fa1560155787244e19
Photos Memories/GWB/Body,GWB Body20i.m4a,GWB Body20i,GWB_Body20i.m4a,"23G83__iPhone18,2/System/Library/Photos/Resources/FlexAudio/6AB8CCB9-B173-4B48-82DB-0C3D46339BF9.smsbundle/BODY/GWB_Body20i.m4a","23G83__iPhone18,2/System/Library/Photos/Resources/FlexAudio/6AB8CCB9-B173-4B48-82DB-0C3D46339BF9.smsbundle/BODY",0,b31575802aa18c6ced9aca7946e69433
Photos Memories/GWB/Body,GWB Body20j.m4a,GWB Body20j,GWB_Body20j.m4a,"23G83__iPhone18,2/System/Library/Photos/Resources/FlexAudio/6AB8CCB9-B173-4B48-82DB-0C3D46339BF9.smsbundle/BODY/GWB_Body20j.m4a","23G83__iPhone18,2/System/Library/Photos/Resources/FlexAudio/6AB8CCB9-B173-4B48-82DB-0C3D46339BF9.smsbundle/BODY",0,bc19e2ed1203675b4c28f8e5c57f0507
Photos Memories/GWB/Body,GWB Body20k.m4a,GWB Body20k,GWB_Body20k.m4a,"23G83__iPhone18,2/System/Library/Photos/Resources/FlexAudio/6AB8CCB9-B173-4B48-82DB-0C3D46339BF9.smsbundle/BODY/GWB_Body20k.m4a","23G83__iPhone18,2/System/Library/Photos/Resources/FlexAudio/6AB8CCB9-B173-4B48-82DB-0C3D46339BF9.smsbundle/BODY",0,37f0843f3e2ddd551c266ba5389b708d
Photos Memories/GWB/Body,GWB Body20l.m4a,GWB Body20l,GWB_Body20l.m4a,"23G83__iPhone18,2/System/Library/Photos/Resources/FlexAudio/6AB8CCB9-B173-4B48-82DB-0C3D46339BF9.smsbundle/BODY/GWB_Body20l.m4a","23G83__iPhone18,2/System/Library/Photos/Resources/FlexAudio/6AB8CCB9-B173-4B48-82DB-0C3D46339BF9.smsbundle/BODY",0,a36f3124d138024ecbe988a359eeb742
Photos Memories/GWB/Body,GWB Body35a.m4a,GWB Body35a,GWB_Body35a.m4a,"23G83__iPhone18,2/System/Library/Photos/Resources/FlexAudio/6AB8CCB9-B173-4B48-82DB-0C3D46339BF9.smsbundle/BODY/GWB_Body35a.m4a","23G83__iPhone18,2/System/Library/Photos/Resources/FlexAudio/6AB8CCB9-B173-4B48-82DB-0C3D46339BF9.smsbundle/BODY",0,ba56ceebb2c5a8669805b3eb0601a0aa
Photos Memories/GWB/Body,GWB Body35b.m4a,GWB Body35b,GWB_Body35b.m4a,"23G83__iPhone18,2/System/Library/Photos/Resources/FlexAudio/6AB8CCB9-B173-4B48-82DB-0C3D46339BF9.smsbundle/BODY/GWB_Body35b.m4a","23G83__iPhone18,2/System/Library/Photos/Resources/FlexAudio/6AB8CCB9-B173-4B48-82DB-0C3D46339BF9.smsbundle/BODY",0,9aa1d31839ce15236c9a8201086b9b0f
Photos Memories/GWB/Body,GWB Body35c.m4a,GWB Body35c,GWB_Body35c.m4a,"23G83__iPhone18,2/System/Library/Photos/Resources/FlexAudio/6AB8CCB9-B173-4B48-82DB-0C3D46339BF9.smsbundle/BODY/GWB_Body35c.m4a","23G83__iPhone18,2/System/Library/Photos/Resources/FlexAudio/6AB8CCB9-B173-4B48-82DB-0C3D46339BF9.smsbundle/BODY",0,ae934b9a202e562f53a86864ca7929de
Photos Memories/GWB/Body,GWB Body35d.m4a,GWB Body35d,GWB_Body35d.m4a,"23G83__iPhone18,2/System/Library/Photos/Resources/FlexAudio/6AB8CCB9-B173-4B48-82DB-0C3D46339BF9.smsbundle/BODY/GWB_Body35d.m4a","23G83__iPhone18,2/System/Library/Photos/Resources/FlexAudio/6AB8CCB9-B173-4B48-82DB-0C3D46339BF9.smsbundle/BODY",0,d6f8fdc39e0d1399445bf2644b2baebc
Photos Memories/GWB/Body,GWB Body35e.m4a,GWB Body35e,GWB_Body35e.m4a,"23G83__iPhone18,2/System/Library/Photos/Resources/FlexAudio/6AB8CCB9-B173-4B48-82DB-0C3D46339BF9.smsbundle/BODY/GWB_Body35e.m4a","23G83__iPhone18,2/System/Library/Photos/Resources/FlexAudio/6AB8CCB9-B173-4B48-82DB-0C3D46339BF9.smsbundle/BODY",0,3726365296cdfc8afa963a30be764f63
Photos Memories/GWB/Body,GWB Body35f.m4a,GWB Body35f,GWB_Body35f.m4a,"23G83__iPhone18,2/System/Library/Photos/Resources/FlexAudio/6AB8CCB9-B173-4B48-82DB-0C3D46339BF9.smsbundle/BODY/GWB_Body35f.m4a","23G83__iPhone18,2/System/Library/Photos/Resources/FlexAudio/6AB8CCB9-B173-4B48-82DB-0C3D46339BF9.smsbundle/BODY",0,d161bf59ec5b1979da55bf432ce4ed3d
Photos Memories/GWB/Body,GWB Body35g.m4a,GWB Body35g,GWB_Body35g.m4a,"23G83__iPhone18,2/System/Library/Photos/Resources/FlexAudio/6AB8CCB9-B173-4B48-82DB-0C3D46339BF9.smsbundle/BODY/GWB_Body35g.m4a","23G83__iPhone18,2/System/Library/Photos/Resources/FlexAudio/6AB8CCB9-B173-4B48-82DB-0C3D46339BF9.smsbundle/BODY",0,b8014e44a9166c469ed554c2b11cff04
Photos Memories/GWB/Body,GWB Body35h.m4a,GWB Body35h,GWB_Body35h.m4a,"23G83__iPhone18,2/System/Library/Photos/Resources/FlexAudio/6AB8CCB9-B173-4B48-82DB-0C3D46339BF9.smsbundle/BODY/GWB_Body35h.m4a","23G83__iPhone18,2/System/Library/Photos/Resources/FlexAudio/6AB8CCB9-B173-4B48-82DB-0C3D46339BF9.smsbundle/BODY",0,8f28b5d0a6f8ca0b5ad83bd2b1839a48
Photos Memories/GWB/Body,GWB Body40a.m4a,GWB Body40a,GWB_Body40a.m4a,"23G83__iPhone18,2/System/Library/Photos/Resources/FlexAudio/6AB8CCB9-B173-4B48-82DB-0C3D46339BF9.smsbundle/BODY/GWB_Body40a.m4a","23G83__iPhone18,2/System/Library/Photos/Resources/FlexAudio/6AB8CCB9-B173-4B48-82DB-0C3D46339BF9.smsbundle/BODY",0,5a5b27940d553f7f46ee395b6d1b60ab
Photos Memories/GWB/Body,GWB Body40b.m4a,GWB Body40b,GWB_Body40b.m4a,"23G83__iPhone18,2/System/Library/Photos/Resources/FlexAudio/6AB8CCB9-B173-4B48-82DB-0C3D46339BF9.smsbundle/BODY/GWB_Body40b.m4a","23G83__iPhone18,2/System/Library/Photos/Resources/FlexAudio/6AB8CCB9-B173-4B48-82DB-0C3D46339BF9.smsbundle/BODY",0,c863c9236608b4eff810da984b34ef60
Photos Memories/GWB/Body,GWB Body40c.m4a,GWB Body40c,GWB_Body40c.m4a,"23G83__iPhone18,2/System/Library/Photos/Resources/FlexAudio/6AB8CCB9-B173-4B48-82DB-0C3D46339BF9.smsbundle/BODY/GWB_Body40c.m4a","23G83__iPhone18,2/System/Library/Photos/Resources/FlexAudio/6AB8CCB9-B173-4B48-82DB-0C3D46339BF9.smsbundle/BODY",0,70017017faeca11b9ee2694c7db0f55c
Photos Memories/GWB/Body,GWB Body40d.m4a,GWB Body40d,GWB_Body40d.m4a,"23G83__iPhone18,2/System/Library/Photos/Resources/FlexAudio/6AB8CCB9-B173-4B48-82DB-0C3D46339BF9.smsbundle/BODY/GWB_Body40d.m4a","23G83__iPhone18,2/System/Library/Photos/Resources/FlexAudio/6AB8CCB9-B173-4B48-82DB-0C3D46339BF9.smsbundle/BODY",0,8be1078f3e16999ea1a497b29dde8a9d
Photos Memories/GWB/Body,GWB Body40e.m4a,GWB Body40e,GWB_Body40e.m4a,"23G83__iPhone18,2/System/Library/Photos/Resources/FlexAudio/6AB8CCB9-B173-4B48-82DB-0C3D46339BF9.smsbundle/BODY/GWB_Body40e.m4a","23G83__iPhone18,2/System/Library/Photos/Resources/FlexAudio/6AB8CCB9-B173-4B48-82DB-0C3D46339BF9.smsbundle/BODY",0,147ed911bff8b3f166514b5c6d167c7f
Photos Memories/GWB/Body,GWB Body40f.m4a,GWB Body40f,GWB_Body40f.m4a,"23G83__iPhone18,2/System/Library/Photos/Resources/FlexAudio/6AB8CCB9-B173-4B48-82DB-0C3D46339BF9.smsbundle/BODY/GWB_Body40f.m4a","23G83__iPhone18,2/System/Library/Photos/Resources/FlexAudio/6AB8CCB9-B173-4B48-82DB-0C3D46339BF9.smsbundle/BODY",0,a9fce5e8165ffbcc9fff4b2e78b46f4e
Photos Memories/GWB/Body,GWB Body40g.m4a,GWB Body40g,GWB_Body40g.m4a,"23G83__iPhone18,2/System/Library/Photos/Resources/FlexAudio/6AB8CCB9-B173-4B48-82DB-0C3D46339BF9.smsbundle/BODY/GWB_Body40g.m4a","23G83__iPhone18,2/System/Library/Photos/Resources/FlexAudio/6AB8CCB9-B173-4B48-82DB-0C3D46339BF9.smsbundle/BODY",0,a8e0abfba6da4f40cf16ebfb30e73178
Photos Memories/GWB/Body,GWB Body40h.m4a,GWB Body40h,GWB_Body40h.m4a,"23G83__iPhone18,2/System/Library/Photos/Resources/FlexAudio/6AB8CCB9-B173-4B48-82DB-0C3D46339BF9.smsbundle/BODY/GWB_Body40h.m4a","23G83__iPhone18,2/System/Library/Photos/Resources/FlexAudio/6AB8CCB9-B173-4B48-82DB-0C3D46339BF9.smsbundle/BODY",0,6c6d77989a96c1deeac400d0e3da588e
Photos Memories/GWB/Body,GWB Body50a.m4a,GWB Body50a,GWB_Body50a.m4a,"23G83__iPhone18,2/System/Library/Photos/Resources/FlexAudio/6AB8CCB9-B173-4B48-82DB-0C3D46339BF9.smsbundle/BODY/GWB_Body50a.m4a","23G83__iPhone18,2/System/Library/Photos/Resources/FlexAudio/6AB8CCB9-B173-4B48-82DB-0C3D46339BF9.smsbundle/BODY",0,c10df5a98769c51ac341f3ff46279d77
Photos Memories/GWB/Body,GWB Body50b.m4a,GWB Body50b,GWB_Body50b.m4a,"23G83__iPhone18,2/System/Library/Photos/Resources/FlexAudio/6AB8CCB9-B173-4B48-82DB-0C3D46339BF9.smsbundle/BODY/GWB_Body50b.m4a","23G83__iPhone18,2/System/Library/Photos/Resources/FlexAudio/6AB8CCB9-B173-4B48-82DB-0C3D46339BF9.smsbundle/BODY",0,cc7bccde195fce31097603d06653c0d2
Photos Memories/GWB/Body,GWB Body50c.m4a,GWB Body50c,GWB_Body50c.m4a,"23G83__iPhone18,2/System/Library/Photos/Resources/FlexAudio/6AB8CCB9-B173-4B48-82DB-0C3D46339BF9.smsbundle/BODY/GWB_Body50c.m4a","23G83__iPhone18,2/System/Library/Photos/Resources/FlexAudio/6AB8CCB9-B173-4B48-82DB-0C3D46339BF9.smsbundle/BODY",0,518d514ff9a051b8202097080b24a2ee
Photos Memories/GWB/Body,GWB Body50d.m4a,GWB Body50d,GWB_Body50d.m4a,"23G83__iPhone18,2/System/Library/Photos/Resources/FlexAudio/6AB8CCB9-B173-4B48-82DB-0C3D46339BF9.smsbundle/BODY/GWB_Body50d.m4a","23G83__iPhone18,2/System/Library/Photos/Resources/FlexAudio/6AB8CCB9-B173-4B48-82DB-0C3D46339BF9.smsbundle/BODY",0,a24a42b700760be3e2b8042e55eee6bb
Photos Memories/GWB/Body,GWB Body50e.m4a,GWB Body50e,GWB_Body50e.m4a,"23G83__iPhone18,2/System/Library/Photos/Resources/FlexAudio/6AB8CCB9-B173-4B48-82DB-0C3D46339BF9.smsbundle/BODY/GWB_Body50e.m4a","23G83__iPhone18,2/System/Library/Photos/Resources/FlexAudio/6AB8CCB9-B173-4B48-82DB-0C3D46339BF9.smsbundle/BODY",0,4a7452f9a36754a84b0df1e88c947eef
Photos Memories/GWB/Body,GWB Body50f.m4a,GWB Body50f,GWB_Body50f.m4a,"23G83__iPhone18,2/System/Library/Photos/Resources/FlexAudio/6AB8CCB9-B173-4B48-82DB-0C3D46339BF9.smsbundle/BODY/GWB_Body50f.m4a","23G83__iPhone18,2/System/Library/Photos/Resources/FlexAudio/6AB8CCB9-B173-4B48-82DB-0C3D46339BF9.smsbundle/BODY",0,0d7c1db81cbae1d42ce7787a1ed2f785
Photos Memories/GWB/Body,GWB Body50g.m4a,GWB Body50g,GWB_Body50g.m4a,"23G83__iPhone18,2/System/Library/Photos/Resources/FlexAudio/6AB8CCB9-B173-4B48-82DB-0C3D46339BF9.smsbundle/BODY/GWB_Body50g.m4a","23G83__iPhone18,2/System/Library/Photos/Resources/FlexAudio/6AB8CCB9-B173-4B48-82DB-0C3D46339BF9.smsbundle/BODY",0,96c12f44ad025faf6285aa57e1c1b29c
Photos Memories/GWB/Body,GWB Body50h.m4a,GWB Body50h,GWB_Body50h.m4a,"23G83__iPhone18,2/System/Library/Photos/Resources/FlexAudio/6AB8CCB9-B173-4B48-82DB-0C3D46339BF9.smsbundle/BODY/GWB_Body50h.m4a","23G83__iPhone18,2/System/Library/Photos/Resources/FlexAudio/6AB8CCB9-B173-4B48-82DB-0C3D46339BF9.smsbundle/BODY",0,d41ebec6a21ed4227b44375ce353dfe1
Photos Memories/GWB/Body,GWB Body50i.m4a,GWB Body50i,GWB_Body50i.m4a,"23G83__iPhone18,2/System/Library/Photos/Resources/FlexAudio/6AB8CCB9-B173-4B48-82DB-0C3D46339BF9.smsbundle/BODY/GWB_Body50i.m4a","23G83__iPhone18,2/System/Library/Photos/Resources/FlexAudio/6AB8CCB9-B173-4B48-82DB-0C3D46339BF9.smsbundle/BODY",0,8074f3100137a2209a8960eb3ca63801
Photos Memories/GWB/Body,GWB Body50j.m4a,GWB Body50j,GWB_Body50j.m4a,"23G83__iPhone18,2/System/Library/Photos/Resources/FlexAudio/6AB8CCB9-B173-4B48-82DB-0C3D46339BF9.smsbundle/BODY/GWB_Body50j.m4a","23G83__iPhone18,2/System/Library/Photos/Resources/FlexAudio/6AB8CCB9-B173-4B48-82DB-0C3D46339BF9.smsbundle/BODY",0,cc844673707e3689342d648dc44c3d59
Photos Memories/GWB/Body,GWB Body5a.m4a,GWB Body5a,GWB_Body5a.m4a,"23G83__iPhone18,2/System/Library/Photos/Resources/FlexAudio/6AB8CCB9-B173-4B48-82DB-0C3D46339BF9.smsbundle/BODY/GWB_Body5a.m4a","23G83__iPhone18,2/System/Library/Photos/Resources/FlexAudio/6AB8CCB9-B173-4B48-82DB-0C3D46339BF9.smsbundle/BODY",0,66fc1020594fc1ecba838ac2300012eb
Photos Memories/GWB/Body,GWB Body60a.m4a,GWB Body60a,GWB_Body60a.m4a,"23G83__iPhone18,2/System/Library/Photos/Resources/FlexAudio/6AB8CCB9-B173-4B48-82DB-0C3D46339BF9.smsbundle/BODY/GWB_Body60a.m4a","23G83__iPhone18,2/System/Library/Photos/Resources/FlexAudio/6AB8CCB9-B173-4B48-82DB-0C3D46339BF9.smsbundle/BODY",0,2b4331ba256cbc60f5dfb3712c9ce16e
Photos Memories/GWB/Body,GWB Body6a.m4a,GWB Body6a,GWB_Body6a.m4a,"23G83__iPhone18,2/System/Library/Photos/Resources/FlexAudio/6AB8CCB9-B173-4B48-82DB-0C3D46339BF9.smsbundle/BODY/GWB_Body6a.m4a","23G83__iPhone18,2/System/Library/Photos/Resources/FlexAudio/6AB8CCB9-B173-4B48-82DB-0C3D46339BF9.smsbundle/BODY",0,d8661e6fbfad16643e57191a8bde5123
Photos Memories/GWB/Body,GWB Body8a.m4a,GWB Body8a,GWB_Body8a.m4a,"23G83__iPhone18,2/System/Library/Photos/Resources/FlexAudio/6AB8CCB9-B173-4B48-82DB-0C3D46339BF9.smsbundle/BODY/GWB_Body8a.m4a","23G83__iPhone18,2/System/Library/Photos/Resources/FlexAudio/6AB8CCB9-B173-4B48-82DB-0C3D46339BF9.smsbundle/BODY",0,12ba8cde085d35c15247509b58256ee8
Photos Memories/GWB/Intro,GWB In0a.m4a,GWB In0a,GWB_In0a.m4a,"23G83__iPhone18,2/System/Library/Photos/Resources/FlexAudio/6AB8CCB9-B173-4B48-82DB-0C3D46339BF9.smsbundle/INTRO/GWB_In0a.m4a","23G83__iPhone18,2/System/Library/Photos/Resources/FlexAudio/6AB8CCB9-B173-4B48-82DB-0C3D46339BF9.smsbundle/INTRO",0,2e60fcad352a037271f1160b7c9c9482
Photos Memories/GWB/Intro,GWB In5a1294.m4a,GWB In5a1294,GWB_In5a1294.m4a,"23G83__iPhone18,2/System/Library/Photos/Resources/FlexAudio/6AB8CCB9-B173-4B48-82DB-0C3D46339BF9.smsbundle/INTRO/GWB_In5a1294.m4a","23G83__iPhone18,2/System/Library/Photos/Resources/FlexAudio/6AB8CCB9-B173-4B48-82DB-0C3D46339BF9.smsbundle/INTRO",0,619d31d8e1da403906fc34abf0ecb615
Photos Memories/GWB/Intro,GWB In5a161.m4a,GWB In5a161,GWB_In5a161.m4a,"23G83__iPhone18,2/System/Library/Photos/Resources/FlexAudio/6AB8CCB9-B173-4B48-82DB-0C3D46339BF9.smsbundle/INTRO/GWB_In5a161.m4a","23G83__iPhone18,2/System/Library/Photos/Resources/FlexAudio/6AB8CCB9-B173-4B48-82DB-0C3D46339BF9.smsbundle/INTRO",0,3b1a170b24cd361351ea704627c05ac2
Photos Memories/GWB/Intro,GWB In5a1617.m4a,GWB In5a1617,GWB_In5a1617.m4a,"23G83__iPhone18,2/System/Library/Photos/Resources/FlexAudio/6AB8CCB9-B173-4B48-82DB-0C3D46339BF9.smsbundle/INTRO/GWB_In5a1617.m4a","23G83__iPhone18,2/System/Library/Photos/Resources/FlexAudio/6AB8CCB9-B173-4B48-82DB-0C3D46339BF9.smsbundle/INTRO",0,b2510d723101f27141806cef657f8de6
Photos Memories/GWB/Intro,GWB In5a1941.m4a,GWB In5a1941,GWB_In5a1941.m4a,"23G83__iPhone18,2/System/Library/Photos/Resources/FlexAudio/6AB8CCB9-B173-4B48-82DB-0C3D46339BF9.smsbundle/INTRO/GWB_In5a1941.m4a","23G83__iPhone18,2/System/Library/Photos/Resources/FlexAudio/6AB8CCB9-B173-4B48-82DB-0C3D46339BF9.smsbundle/INTRO",0,991a0d03fc8c6f1a9597bb86cb3efc0d
Photos Memories/GWB/Intro,GWB In5a323.m4a,GWB In5a323,GWB_In5a323.m4a,"23G83__iPhone18,2/System/Library/Photos/Resources/FlexAudio/6AB8CCB9-B173-4B48-82DB-0C3D46339BF9.smsbundle/INTRO/GWB_In5a323.m4a","23G83__iPhone18,2/System/Library/Photos/Resources/FlexAudio/6AB8CCB9-B173-4B48-82DB-0C3D46339BF9.smsbundle/INTRO",0,0c15880567c21a459e078a03376d14b7
Photos Memories/GWB/Intro,GWB In5a485.m4a,GWB In5a485,GWB_In5a485.m4a,"23G83__iPhone18,2/System/Library/Photos/Resources/FlexAudio/6AB8CCB9-B173-4B48-82DB-0C3D46339BF9.smsbundle/INTRO/GWB_In5a485.m4a","23G83__iPhone18,2/System/Library/Photos/Resources/FlexAudio/6AB8CCB9-B173-4B48-82DB-0C3D46339BF9.smsbundle/INTRO",0,7f1a47b5c86f8c37e4464674e09a317d
Photos Memories/GWB/Intro,GWB In5a647.m4a,GWB In5a647,GWB_In5a647.m4a,"23G83__iPhone18,2/System/Library/Photos/Resources/FlexAudio/6AB8CCB9-B173-4B48-82DB-0C3D46339BF9.smsbundle/INTRO/GWB_In5a647.m4a","23G83__iPhone18,2/System/Library/Photos/Resources/FlexAudio/6AB8CCB9-B173-4B48-82DB-0C3D46339BF9.smsbundle/INTRO",0,96f0d2a3f3700005a5ddaf9320912f61
Photos Memories/GWB/Intro,GWB In5a970.m4a,GWB In5a970,GWB_In5a970.m4a,"23G83__iPhone18,2/System/Library/Photos/Resources/FlexAudio/6AB8CCB9-B173-4B48-82DB-0C3D46339BF9.smsbundle/INTRO/GWB_In5a970.m4a","23G83__iPhone18,2/System/Library/Photos/Resources/FlexAudio/6AB8CCB9-B173-4B48-82DB-0C3D46339BF9.smsbundle/INTRO",0,d113443f2d5ea97232e58ca66f49011f
Photos Memories/GWB/Outro,GWB Out10a.m4a,GWB Out10a,GWB_Out10a.m4a,"23G83__iPhone18,2/System/Library/Photos/Resources/FlexAudio/6AB8CCB9-B173-4B48-82DB-0C3D46339BF9.smsbundle/OUTRO/GWB_Out10a.m4a","23G83__iPhone18,2/System/Library/Photos/Resources/FlexAudio/6AB8CCB9-B173-4B48-82DB-0C3D46339BF9.smsbundle/OUTRO",0,80d4173c41acadc29913196288236f15
Photos Memories/GWB/Outro,GWB Out10aab.m4a,GWB Out10aab,GWB_Out10aab.m4a,"23G83__iPhone18,2/System/Library/Photos/Resources/FlexAudio/6AB8CCB9-B173-4B48-82DB-0C3D46339BF9.smsbundle/OUTRO/GWB_Out10aab.m4a","23G83__iPhone18,2/System/Library/Photos/Resources/FlexAudio/6AB8CCB9-B173-4B48-82DB-0C3D46339BF9.smsbundle/OUTRO",0,598b34ace03cd6233f323cc488e73129
Photos Memories/GWB/Outro,GWB Out12a.m4a,GWB Out12a,GWB_Out12a.m4a,"23G83__iPhone18,2/System/Library/Photos/Resources/FlexAudio/6AB8CCB9-B173-4B48-82DB-0C3D46339BF9.smsbundle/OUTRO/GWB_Out12a.m4a","23G83__iPhone18,2/System/Library/Photos/Resources/FlexAudio/6AB8CCB9-B173-4B48-82DB-0C3D46339BF9.smsbundle/OUTRO",0,4aac1ce0f38c6d2c590e08e290d94efe
Photos Memories/GWB/Outro,GWB Out14a.m4a,GWB Out14a,GWB_Out14a.m4a,"23G83__iPhone18,2/System/Library/Photos/Resources/FlexAudio/6AB8CCB9-B173-4B48-82DB-0C3D46339BF9.smsbundle/OUTRO/GWB_Out14a.m4a","23G83__iPhone18,2/System/Library/Photos/Resources/FlexAudio/6AB8CCB9-B173-4B48-82DB-0C3D46339BF9.smsbundle/OUTRO",0,d763c79e98e03112194bd0e5ebcad0cd
Photos Memories/GWB/Outro,GWB Out16a.m4a,GWB Out16a,GWB_Out16a.m4a,"23G83__iPhone18,2/System/Library/Photos/Resources/FlexAudio/6AB8CCB9-B173-4B48-82DB-0C3D46339BF9.smsbundle/OUTRO/GWB_Out16a.m4a","23G83__iPhone18,2/System/Library/Photos/Resources/FlexAudio/6AB8CCB9-B173-4B48-82DB-0C3D46339BF9.smsbundle/OUTRO",0,2fb5e31450455019b0434f34dd986058
Photos Memories/GWB/Outro,GWB Out20j.m4a,GWB Out20j,GWB_Out20j.m4a,"23G83__iPhone18,2/System/Library/Photos/Resources/FlexAudio/6AB8CCB9-B173-4B48-82DB-0C3D46339BF9.smsbundle/OUTRO/GWB_Out20j.m4a","23G83__iPhone18,2/System/Library/Photos/Resources/FlexAudio/6AB8CCB9-B173-4B48-82DB-0C3D46339BF9.smsbundle/OUTRO",0,77cab6b4b3021d57e2a26b3d4d9e9284
Photos Memories/GWB/Outro,GWB Out20k.m4a,GWB Out20k,GWB_Out20k.m4a,"23G83__iPhone18,2/System/Library/Photos/Resources/FlexAudio/6AB8CCB9-B173-4B48-82DB-0C3D46339BF9.smsbundle/OUTRO/GWB_Out20k.m4a","23G83__iPhone18,2/System/Library/Photos/Resources/FlexAudio/6AB8CCB9-B173-4B48-82DB-0C3D46339BF9.smsbundle/OUTRO",0,7921e44be149a2b61b9ccb02509acf3f
Photos Memories/GWB/Outro,GWB Out20l.m4a,GWB Out20l,GWB_Out20l.m4a,"23G83__iPhone18,2/System/Library/Photos/Resources/FlexAudio/6AB8CCB9-B173-4B48-82DB-0C3D46339BF9.smsbundle/OUTRO/GWB_Out20l.m4a","23G83__iPhone18,2/System/Library/Photos/Resources/FlexAudio/6AB8CCB9-B173-4B48-82DB-0C3D46339BF9.smsbundle/OUTRO",0,af939335ea535335335bb795e0dfc288
Photos Memories/GWB/Outro,GWB Out40b.m4a,GWB Out40b,GWB_Out40b.m4a,"23G83__iPhone18,2/System/Library/Photos/Resources/FlexAudio/6AB8CCB9-B173-4B48-82DB-0C3D46339BF9.smsbundle/OUTRO/GWB_Out40b.m4a","23G83__iPhone18,2/System/Library/Photos/Resources/FlexAudio/6AB8CCB9-B173-4B48-82DB-0C3D46339BF9.smsbundle/OUTRO",0,5012f5fb4cebd12fbe9f340b724f68d7
Photos Memories/GWB/Outro,GWB Out40f.m4a,GWB Out40f,GWB_Out40f.m4a,"23G83__iPhone18,2/System/Library/Photos/Resources/FlexAudio/6AB8CCB9-B173-4B48-82DB-0C3D46339BF9.smsbundle/OUTRO/GWB_Out40f.m4a","23G83__iPhone18,2/System/Library/Photos/Resources/FlexAudio/6AB8CCB9-B173-4B48-82DB-0C3D46339BF9.smsbundle/OUTRO",0,1885f793818e04ad308e4b7d6b7a6045
Photos Memories/GWB/Outro,GWB Out40g.m4a,GWB Out40g,GWB_Out40g.m4a,"23G83__iPhone18,2/System/Library/Photos/Resources/FlexAudio/6AB8CCB9-B173-4B48-82DB-0C3D46339BF9.smsbundle/OUTRO/GWB_Out40g.m4a","23G83__iPhone18,2/System/Library/Photos/Resources/FlexAudio/6AB8CCB9-B173-4B48-82DB-0C3D46339BF9.smsbundle/OUTRO",0,5bfb6417142170ff4afa681640616345
Photos Memories/GWB/Outro,GWB Out40h.m4a,GWB Out40h,GWB_Out40h.m4a,"23G83__iPhone18,2/System/Library/Photos/Resources/FlexAudio/6AB8CCB9-B173-4B48-82DB-0C3D46339BF9.smsbundle/OUTRO/GWB_Out40h.m4a","23G83__iPhone18,2/System/Library/Photos/Resources/FlexAudio/6AB8CCB9-B173-4B48-82DB-0C3D46339BF9.smsbundle/OUTRO",0,3c1b5be64dfe41b667314d3198b70cdc
Photos Memories/GWB/Outro,GWB Out50a.m4a,GWB Out50a,GWB_Out50a.m4a,"23G83__iPhone18,2/System/Library/Photos/Resources/FlexAudio/6AB8CCB9-B173-4B48-82DB-0C3D46339BF9.smsbundle/OUTRO/GWB_Out50a.m4a","23G83__iPhone18,2/System/Library/Photos/Resources/FlexAudio/6AB8CCB9-B173-4B48-82DB-0C3D46339BF9.smsbundle/OUTRO",0,25123b6e06a829362046770aa6bcd350
Photos Memories/GWB/Outro,GWB Out50b.m4a,GWB Out50b,GWB_Out50b.m4a,"23G83__iPhone18,2/System/Library/Photos/Resources/FlexAudio/6AB8CCB9-B173-4B48-82DB-0C3D46339BF9.smsbundle/OUTRO/GWB_Out50b.m4a","23G83__iPhone18,2/System/Library/Photos/Resources/FlexAudio/6AB8CCB9-B173-4B48-82DB-0C3D46339BF9.smsbundle/OUTRO",0,f9913aa6570b327370cc6393ec710c1e
Photos Memories/GWB/Outro,GWB Out50c.m4a,GWB Out50c,GWB_Out50c.m4a,"23G83__iPhone18,2/System/Library/Photos/Resources/FlexAudio/6AB8CCB9-B173-4B48-82DB-0C3D46339BF9.smsbundle/OUTRO/GWB_Out50c.m4a","23G83__iPhone18,2/System/Library/Photos/Resources/FlexAudio/6AB8CCB9-B173-4B48-82DB-0C3D46339BF9.smsbundle/OUTRO",0,303a775b317408643bef1d3f6814bba7
Photos Memories/GWB/Outro,GWB Out50d.m4a,GWB Out50d,GWB_Out50d.m4a,"23G83__iPhone18,2/System/Library/Photos/Resources/FlexAudio/6AB8CCB9-B173-4B48-82DB-0C3D46339BF9.smsbundle/OUTRO/GWB_Out50d.m4a","23G83__iPhone18,2/System/Library/Photos/Resources/FlexAudio/6AB8CCB9-B173-4B48-82DB-0C3D46339BF9.smsbundle/OUTRO",0,09a799cd171d632c954adc9fd24dff5d
Photos Memories/GWB/Outro,GWB Out50e.m4a,GWB Out50e,GWB_Out50e.m4a,"23G83__iPhone18,2/System/Library/Photos/Resources/FlexAudio/6AB8CCB9-B173-4B48-82DB-0C3D46339BF9.smsbundle/OUTRO/GWB_Out50e.m4a","23G83__iPhone18,2/System/Library/Photos/Resources/FlexAudio/6AB8CCB9-B173-4B48-82DB-0C3D46339BF9.smsbundle/OUTRO",0,aca9b5ebe29a830172fbd6e39a2e16f7
Photos Memories/GWB/Outro,GWB Out50f.m4a,GWB Out50f,GWB_Out50f.m4a,"23G83__iPhone18,2/System/Library/Photos/Resources/FlexAudio/6AB8CCB9-B173-4B48-82DB-0C3D46339BF9.smsbundle/OUTRO/GWB_Out50f.m4a","23G83__iPhone18,2/System/Library/Photos/Resources/FlexAudio/6AB8CCB9-B173-4B48-82DB-0C3D46339BF9.smsbundle/OUTRO",0,7bafcc3dd7c6c6704dbd71ce6ce0f40a
Photos Memories/GWB/Outro,GWB Out50g.m4a,GWB Out50g,GWB_Out50g.m4a,"23G83__iPhone18,2/System/Library/Photos/Resources/FlexAudio/6AB8CCB9-B173-4B48-82DB-0C3D46339BF9.smsbundle/OUTRO/GWB_Out50g.m4a","23G83__iPhone18,2/System/Library/Photos/Resources/FlexAudio/6AB8CCB9-B173-4B48-82DB-0C3D46339BF9.smsbundle/OUTRO",0,a718031da64b332bb1bcefc9c1e8f7b0
Photos Memories/GWB/Outro,GWB Out50h.m4a,GWB Out50h,GWB_Out50h.m4a,"23G83__iPhone18,2/System/Library/Photos/Resources/FlexAudio/6AB8CCB9-B173-4B48-82DB-0C3D46339BF9.smsbundle/OUTRO/GWB_Out50h.m4a","23G83__iPhone18,2/System/Library/Photos/Resources/FlexAudio/6AB8CCB9-B173-4B48-82DB-0C3D46339BF9.smsbundle/OUTRO",0,64ca65c32e455f3dd3ec33a3687c6641
Photos Memories/GWB/Outro,GWB Out50i.m4a,GWB Out50i,GWB_Out50i.m4a,"23G83__iPhone18,2/System/Library/Photos/Resources/FlexAudio/6AB8CCB9-B173-4B48-82DB-0C3D46339BF9.smsbundle/OUTRO/GWB_Out50i.m4a","23G83__iPhone18,2/System/Library/Photos/Resources/FlexAudio/6AB8CCB9-B173-4B48-82DB-0C3D46339BF9.smsbundle/OUTRO",0,bd92e91b376b8410f59d3c025f28f50a
Photos Memories/GWB/Outro,GWB Out50j.m4a,GWB Out50j,GWB_Out50j.m4a,"23G83__iPhone18,2/System/Library/Photos/Resources/FlexAudio/6AB8CCB9-B173-4B48-82DB-0C3D46339BF9.smsbundle/OUTRO/GWB_Out50j.m4a","23G83__iPhone18,2/System/Library/Photos/Resources/FlexAudio/6AB8CCB9-B173-4B48-82DB-0C3D46339BF9.smsbundle/OUTRO",0,701073581142eb9ff3693c7821d13b6a
Photos Memories/GWB/Outro,GWB Out5a.m4a,GWB Out5a,GWB_Out5a.m4a,"23G83__iPhone18,2/System/Library/Photos/Resources/FlexAudio/6AB8CCB9-B173-4B48-82DB-0C3D46339BF9.smsbundle/OUTRO/GWB_Out5a.m4a","23G83__iPhone18,2/System/Library/Photos/Resources/FlexAudio/6AB8CCB9-B173-4B48-82DB-0C3D46339BF9.smsbundle/OUTRO",0,cea90be56d924ad06e27fd2b875944be
Photos Memories/GWB/Outro,GWB Out60aa.m4a,GWB Out60aa,GWB_Out60aa.m4a,"23G83__iPhone18,2/System/Library/Photos/Resources/FlexAudio/6AB8CCB9-B173-4B48-82DB-0C3D46339BF9.smsbundle/OUTRO/GWB_Out60aa.m4a","23G83__iPhone18,2/System/Library/Photos/Resources/FlexAudio/6AB8CCB9-B173-4B48-82DB-0C3D46339BF9.smsbundle/OUTRO",0,aaf51c280a00a65f51539d30bde42f12
Photos Memories/GWB/Outro,GWB Out60ac.m4a,GWB Out60ac,GWB_Out60ac.m4a,"23G83__iPhone18,2/System/Library/Photos/Resources/FlexAudio/6AB8CCB9-B173-4B48-82DB-0C3D46339BF9.smsbundle/OUTRO/GWB_Out60ac.m4a","23G83__iPhone18,2/System/Library/Photos/Resources/FlexAudio/6AB8CCB9-B173-4B48-82DB-0C3D46339BF9.smsbundle/OUTRO",0,9b3dd2fae8d04a9750606834fc4d818b
Photos Memories/GWB/Outro,GWB Out6a.m4a,GWB Out6a,GWB_Out6a.m4a,"23G83__iPhone18,2/System/Library/Photos/Resources/FlexAudio/6AB8CCB9-B173-4B48-82DB-0C3D46339BF9.smsbundle/OUTRO/GWB_Out6a.m4a","23G83__iPhone18,2/System/Library/Photos/Resources/FlexAudio/6AB8CCB9-B173-4B48-82DB-0C3D46339BF9.smsbundle/OUTRO",0,f0ac7d65b6e5c390702cacb0eccbcdfb
Photos Memories/GWB/Outro,GWB Out8a.m4a,GWB Out8a,GWB_Out8a.m4a,"23G83__iPhone18,2/System/Library/Photos/Resources/FlexAudio/6AB8CCB9-B173-4B48-82DB-0C3D46339BF9.smsbundle/OUTRO/GWB_Out8a.m4a","23G83__iPhone18,2/System/Library/Photos/Resources/FlexAudio/6AB8CCB9-B173-4B48-82DB-0C3D46339BF9.smsbundle/OUTRO",0,36b3c857193b2cfb9df570a1ee683bac
Photos Memories/GWB/Transition,GWB Trans14to35.m4a,GWB Trans14to35,GWB_Trans14to35.m4a,"23G83__iPhone18,2/System/Library/Photos/Resources/FlexAudio/6AB8CCB9-B173-4B48-82DB-0C3D46339BF9.smsbundle/TRANS/GWB_Trans14to35.m4a","23G83__iPhone18,2/System/Library/Photos/Resources/FlexAudio/6AB8CCB9-B173-4B48-82DB-0C3D46339BF9.smsbundle/TRANS",1,00a84a4e96a3ce5158d22c736e9d099c
Photos Memories/GWB/Transition,GWB Trans16to50.m4a,GWB Trans16to50,GWB_Trans16to50.m4a,"23G83__iPhone18,2/System/Library/Photos/Resources/FlexAudio/6AB8CCB9-B173-4B48-82DB-0C3D46339BF9.smsbundle/TRANS/GWB_Trans16to50.m4a","23G83__iPhone18,2/System/Library/Photos/Resources/FlexAudio/6AB8CCB9-B173-4B48-82DB-0C3D46339BF9.smsbundle/TRANS",0,a3fdc78c1c1fb5bab5dcc8f6726e6e90
Photos Memories/GWB/Transition,GWB Trans16to60.m4a,GWB Trans16to60,GWB_Trans16to60.m4a,"23G83__iPhone18,2/System/Library/Photos/Resources/FlexAudio/6AB8CCB9-B173-4B48-82DB-0C3D46339BF9.smsbundle/TRANS/GWB_Trans16to60.m4a","23G83__iPhone18,2/System/Library/Photos/Resources/FlexAudio/6AB8CCB9-B173-4B48-82DB-0C3D46339BF9.smsbundle/TRANS",0,a2f912309b953868a732e97d36ecde47
Photos Memories/Misc,9048dcfa-a2b8-4cfb-a5d6-7bc70c3722c2.m4a,9048dcfa-a2b8-4cfb-a5d6-7bc70c3722c2,9048dcfa-a2b8-4cfb-a5d6-7bc70c3722c2.m4a,"23G83__iPhone18,2/System/Library/Photos/Resources/FlexAudio/9048dcfa-a2b8-4cfb-a5d6-7bc70c3722c2.smsbundle/9048dcfa-a2b8-4cfb-a5d6-7bc70c3722c2.m4a","23G83__iPhone18,2/System/Library/Photos/Resources/FlexAudio/9048dcfa-a2b8-4cfb-a5d6-7bc70c3722c2.smsbundle",0,8a064d0f61671b9aa3fb22199f8e9bd8
Photos Memories/FT/Body,FT Body12a.m4a,FT Body12a,FT_Body12a.m4a,"23G83__iPhone18,2/System/Library/Photos/Resources/FlexAudio/97F859C4-9F58-4CF3-927B-0F58FBDC386F.smsbundle/BODY/FT_Body12a.m4a","23G83__iPhone18,2/System/Library/Photos/Resources/FlexAudio/97F859C4-9F58-4CF3-927B-0F58FBDC386F.smsbundle/BODY",0,94773031503edeb7eab39f1c6ea80dd1
Photos Memories/FT/Body,FT Body13a.m4a,FT Body13a,FT_Body13a.m4a,"23G83__iPhone18,2/System/Library/Photos/Resources/FlexAudio/97F859C4-9F58-4CF3-927B-0F58FBDC386F.smsbundle/BODY/FT_Body13a.m4a","23G83__iPhone18,2/System/Library/Photos/Resources/FlexAudio/97F859C4-9F58-4CF3-927B-0F58FBDC386F.smsbundle/BODY",0,101665d5dd60e8ca4e2d94e3aaaecd91
Photos Memories/FT/Body,FT Body14a.m4a,FT Body14a,FT_Body14a.m4a,"23G83__iPhone18,2/System/Library/Photos/Resources/FlexAudio/97F859C4-9F58-4CF3-927B-0F58FBDC386F.smsbundle/BODY/FT_Body14a.m4a","23G83__iPhone18,2/System/Library/Photos/Resources/FlexAudio/97F859C4-9F58-4CF3-927B-0F58FBDC386F.smsbundle/BODY",0,fa612445cd36e4609d747aec81c28128
Photos Memories/FT/Body,FT Body16a.m4a,FT Body16a,FT_Body16a.m4a,"23G83__iPhone18,2/System/Library/Photos/Resources/FlexAudio/97F859C4-9F58-4CF3-927B-0F58FBDC386F.smsbundle/BODY/FT_Body16a.m4a","23G83__iPhone18,2/System/Library/Photos/Resources/FlexAudio/97F859C4-9F58-4CF3-927B-0F58FBDC386F.smsbundle/BODY",0,9adb9177ab283532a1d7f96675c147ad
Photos Memories/FT/Body,FT Body18a.m4a,FT Body18a,FT_Body18a.m4a,"23G83__iPhone18,2/System/Library/Photos/Resources/FlexAudio/97F859C4-9F58-4CF3-927B-0F58FBDC386F.smsbundle/BODY/FT_Body18a.m4a","23G83__iPhone18,2/System/Library/Photos/Resources/FlexAudio/97F859C4-9F58-4CF3-927B-0F58FBDC386F.smsbundle/BODY",0,ab12f41417173c1dbba474abdb8630bc
Photos Memories/FT/Body,FT Body20a.m4a,FT Body20a,FT_Body20a.m4a,"23G83__iPhone18,2/System/Library/Photos/Resources/FlexAudio/97F859C4-9F58-4CF3-927B-0F58FBDC386F.smsbundle/BODY/FT_Body20a.m4a","23G83__iPhone18,2/System/Library/Photos/Resources/FlexAudio/97F859C4-9F58-4CF3-927B-0F58FBDC386F.smsbundle/BODY",0,2867bec513744d5cbeea84842f7d95fe
Photos Memories/FT/Body,FT Body26a.m4a,FT Body26a,FT_Body26a.m4a,"23G83__iPhone18,2/System/Library/Photos/Resources/FlexAudio/97F859C4-9F58-4CF3-927B-0F58FBDC386F.smsbundle/BODY/FT_Body26a.m4a","23G83__iPhone18,2/System/Library/Photos/Resources/FlexAudio/97F859C4-9F58-4CF3-927B-0F58FBDC386F.smsbundle/BODY",0,ac988ce416581c48b35cb6b1a9a52f84
Photos Memories/FT/Body,FT Body27a.m4a,FT Body27a,FT_Body27a.m4a,"23G83__iPhone18,2/System/Library/Photos/Resources/FlexAudio/97F859C4-9F58-4CF3-927B-0F58FBDC386F.smsbundle/BODY/FT_Body27a.m4a","23G83__iPhone18,2/System/Library/Photos/Resources/FlexAudio/97F859C4-9F58-4CF3-927B-0F58FBDC386F.smsbundle/BODY",0,81854b795099634b4bbce76c72b80bd9
Photos Memories/FT/Body,FT Body28a.m4a,FT Body28a,FT_Body28a.m4a,"23G83__iPhone18,2/System/Library/Photos/Resources/FlexAudio/97F859C4-9F58-4CF3-927B-0F58FBDC386F.smsbundle/BODY/FT_Body28a.m4a","23G83__iPhone18,2/System/Library/Photos/Resources/FlexAudio/97F859C4-9F58-4CF3-927B-0F58FBDC386F.smsbundle/BODY",0,e13cb194d170dfd0dd66ef7efeffe421
Photos Memories/FT/Body,FT Body2a.m4a,FT Body2a,FT_Body2a.m4a,"23G83__iPhone18,2/System/Library/Photos/Resources/FlexAudio/97F859C4-9F58-4CF3-927B-0F58FBDC386F.smsbundle/BODY/FT_Body2a.m4a","23G83__iPhone18,2/System/Library/Photos/Resources/FlexAudio/97F859C4-9F58-4CF3-927B-0F58FBDC386F.smsbundle/BODY",0,60951d159fd60f069c71e19742df71e2
Photos Memories/FT/Body,FT Body30a.m4a,FT Body30a,FT_Body30a.m4a,"23G83__iPhone18,2/System/Library/Photos/Resources/FlexAudio/97F859C4-9F58-4CF3-927B-0F58FBDC386F.smsbundle/BODY/FT_Body30a.m4a","23G83__iPhone18,2/System/Library/Photos/Resources/FlexAudio/97F859C4-9F58-4CF3-927B-0F58FBDC386F.smsbundle/BODY",0,e2d96694d012aefc6a3129fddc256c4f
Photos Memories/FT/Body,FT Body35a.m4a,FT Body35a,FT_Body35a.m4a,"23G83__iPhone18,2/System/Library/Photos/Resources/FlexAudio/97F859C4-9F58-4CF3-927B-0F58FBDC386F.smsbundle/BODY/FT_Body35a.m4a","23G83__iPhone18,2/System/Library/Photos/Resources/FlexAudio/97F859C4-9F58-4CF3-927B-0F58FBDC386F.smsbundle/BODY",0,08136dd7d292f137cb96a3ceb1ecdcc4
Photos Memories/FT/Body,FT Body35b.m4a,FT Body35b,FT_Body35b.m4a,"23G83__iPhone18,2/System/Library/Photos/Resources/FlexAudio/97F859C4-9F58-4CF3-927B-0F58FBDC386F.smsbundle/BODY/FT_Body35b.m4a","23G83__iPhone18,2/System/Library/Photos/Resources/FlexAudio/97F859C4-9F58-4CF3-927B-0F58FBDC386F.smsbundle/BODY",0,f495c728c9e608eaa0491d1c7f02e00e
Photos Memories/FT/Body,FT Body35c.m4a,FT Body35c,FT_Body35c.m4a,"23G83__iPhone18,2/System/Library/Photos/Resources/FlexAudio/97F859C4-9F58-4CF3-927B-0F58FBDC386F.smsbundle/BODY/FT_Body35c.m4a","23G83__iPhone18,2/System/Library/Photos/Resources/FlexAudio/97F859C4-9F58-4CF3-927B-0F58FBDC386F.smsbundle/BODY",0,f469965a730775504bc35f415d2b0de4
Photos Memories/FT/Body,FT Body40a.m4a,FT Body40a,FT_Body40a.m4a,"23G83__iPhone18,2/System/Library/Photos/Resources/FlexAudio/97F859C4-9F58-4CF3-927B-0F58FBDC386F.smsbundle/BODY/FT_Body40a.m4a","23G83__iPhone18,2/System/Library/Photos/Resources/FlexAudio/97F859C4-9F58-4CF3-927B-0F58FBDC386F.smsbundle/BODY",0,9e46acd144a9fc74db185a7899787f5b
Photos Memories/FT/Body,FT Body40b.m4a,FT Body40b,FT_Body40b.m4a,"23G83__iPhone18,2/System/Library/Photos/Resources/FlexAudio/97F859C4-9F58-4CF3-927B-0F58FBDC386F.smsbundle/BODY/FT_Body40b.m4a","23G83__iPhone18,2/System/Library/Photos/Resources/FlexAudio/97F859C4-9F58-4CF3-927B-0F58FBDC386F.smsbundle/BODY",0,29e38d1a589fbad69a8f5465ac8608bb
Photos Memories/FT/Body,FT Body40c.m4a,FT Body40c,FT_Body40c.m4a,"23G83__iPhone18,2/System/Library/Photos/Resources/FlexAudio/97F859C4-9F58-4CF3-927B-0F58FBDC386F.smsbundle/BODY/FT_Body40c.m4a","23G83__iPhone18,2/System/Library/Photos/Resources/FlexAudio/97F859C4-9F58-4CF3-927B-0F58FBDC386F.smsbundle/BODY",0,7ef356c31c37260627c0ffd68e01664c
Photos Memories/FT/Body,FT Body40d.m4a,FT Body40d,FT_Body40d.m4a,"23G83__iPhone18,2/System/Library/Photos/Resources/FlexAudio/97F859C4-9F58-4CF3-927B-0F58FBDC386F.smsbundle/BODY/FT_Body40d.m4a","23G83__iPhone18,2/System/Library/Photos/Resources/FlexAudio/97F859C4-9F58-4CF3-927B-0F58FBDC386F.smsbundle/BODY",0,283a039204de26e7471693b2a6a7229d
Photos Memories/FT/Body,FT Body42a.m4a,FT Body42a,FT_Body42a.m4a,"23G83__iPhone18,2/System/Library/Photos/Resources/FlexAudio/97F859C4-9F58-4CF3-927B-0F58FBDC386F.smsbundle/BODY/FT_Body42a.m4a","23G83__iPhone18,2/System/Library/Photos/Resources/FlexAudio/97F859C4-9F58-4CF3-927B-0F58FBDC386F.smsbundle/BODY",0,a0be531d802a52378600900ab3502b7e
Photos Memories/FT/Body,FT Body45a.m4a,FT Body45a,FT_Body45a.m4a,"23G83__iPhone18,2/System/Library/Photos/Resources/FlexAudio/97F859C4-9F58-4CF3-927B-0F58FBDC386F.smsbundle/BODY/FT_Body45a.m4a","23G83__iPhone18,2/System/Library/Photos/Resources/FlexAudio/97F859C4-9F58-4CF3-927B-0F58FBDC386F.smsbundle/BODY",0,25073583c280f41d751897c8f14906e7
Photos Memories/FT/Body,FT Body5a.m4a,FT Body5a,FT_Body5a.m4a,"23G83__iPhone18,2/System/Library/Photos/Resources/FlexAudio/97F859C4-9F58-4CF3-927B-0F58FBDC386F.smsbundle/BODY/FT_Body5a.m4a","23G83__iPhone18,2/System/Library/Photos/Resources/FlexAudio/97F859C4-9F58-4CF3-927B-0F58FBDC386F.smsbundle/BODY",0,cb9f250d3c4904634068848ab8b4bb3d
Photos Memories/FT/Body,FT Body65a.m4a,FT Body65a,FT_Body65a.m4a,"23G83__iPhone18,2/System/Library/Photos/Resources/FlexAudio/97F859C4-9F58-4CF3-927B-0F58FBDC386F.smsbundle/BODY/FT_Body65a.m4a","23G83__iPhone18,2/System/Library/Photos/Resources/FlexAudio/97F859C4-9F58-4CF3-927B-0F58FBDC386F.smsbundle/BODY",0,a4d9b555a0161f351cb520c7c78f720f
Photos Memories/FT/Body,FT Body65b.m4a,FT Body65b,FT_Body65b.m4a,"23G83__iPhone18,2/System/Library/Photos/Resources/FlexAudio/97F859C4-9F58-4CF3-927B-0F58FBDC386F.smsbundle/BODY/FT_Body65b.m4a","23G83__iPhone18,2/System/Library/Photos/Resources/FlexAudio/97F859C4-9F58-4CF3-927B-0F58FBDC386F.smsbundle/BODY",0,02eb666ab12891d1730e4a174066cd03
Photos Memories/FT/Body,FT Body65c.m4a,FT Body65c,FT_Body65c.m4a,"23G83__iPhone18,2/System/Library/Photos/Resources/FlexAudio/97F859C4-9F58-4CF3-927B-0F58FBDC386F.smsbundle/BODY/FT_Body65c.m4a","23G83__iPhone18,2/System/Library/Photos/Resources/FlexAudio/97F859C4-9F58-4CF3-927B-0F58FBDC386F.smsbundle/BODY",0,889dc6026e4600d5d808e974eed1371b
Photos Memories/FT/Body,FT Body65d.m4a,FT Body65d,FT_Body65d.m4a,"23G83__iPhone18,2/System/Library/Photos/Resources/FlexAudio/97F859C4-9F58-4CF3-927B-0F58FBDC386F.smsbundle/BODY/FT_Body65d.m4a","23G83__iPhone18,2/System/Library/Photos/Resources/FlexAudio/97F859C4-9F58-4CF3-927B-0F58FBDC386F.smsbundle/BODY",0,f317cf5ccc1f6d43e64ee4e637b7dd95
Photos Memories/FT/Body,FT Body70a.m4a,FT Body70a,FT_Body70a.m4a,"23G83__iPhone18,2/System/Library/Photos/Resources/FlexAudio/97F859C4-9F58-4CF3-927B-0F58FBDC386F.smsbundle/BODY/FT_Body70a.m4a","23G83__iPhone18,2/System/Library/Photos/Resources/FlexAudio/97F859C4-9F58-4CF3-927B-0F58FBDC386F.smsbundle/BODY",0,c4b4abe95585f7b9f3c6b5d9a79a1074
Photos Memories/FT/Body,FT Body70b.m4a,FT Body70b,FT_Body70b.m4a,"23G83__iPhone18,2/System/Library/Photos/Resources/FlexAudio/97F859C4-9F58-4CF3-927B-0F58FBDC386F.smsbundle/BODY/FT_Body70b.m4a","23G83__iPhone18,2/System/Library/Photos/Resources/FlexAudio/97F859C4-9F58-4CF3-927B-0F58FBDC386F.smsbundle/BODY",0,a0655b3a406c52830c96d489092deb0d
Photos Memories/FT/Body,FT Body70c.m4a,FT Body70c,FT_Body70c.m4a,"23G83__iPhone18,2/System/Library/Photos/Resources/FlexAudio/97F859C4-9F58-4CF3-927B-0F58FBDC386F.smsbundle/BODY/FT_Body70c.m4a","23G83__iPhone18,2/System/Library/Photos/Resources/FlexAudio/97F859C4-9F58-4CF3-927B-0F58FBDC386F.smsbundle/BODY",0,6c264be51366bb7d5314ffc0be252b35
Photos Memories/FT/Body,FT Body70d.m4a,FT Body70d,FT_Body70d.m4a,"23G83__iPhone18,2/System/Library/Photos/Resources/FlexAudio/97F859C4-9F58-4CF3-927B-0F58FBDC386F.smsbundle/BODY/FT_Body70d.m4a","23G83__iPhone18,2/System/Library/Photos/Resources/FlexAudio/97F859C4-9F58-4CF3-927B-0F58FBDC386F.smsbundle/BODY",0,9f37b4ce39f41af3db683502be1ecd4a
Photos Memories/FT/Body,FT Body80a.m4a,FT Body80a,FT_Body80a.m4a,"23G83__iPhone18,2/System/Library/Photos/Resources/FlexAudio/97F859C4-9F58-4CF3-927B-0F58FBDC386F.smsbundle/BODY/FT_Body80a.m4a","23G83__iPhone18,2/System/Library/Photos/Resources/FlexAudio/97F859C4-9F58-4CF3-927B-0F58FBDC386F.smsbundle/BODY",0,7db413dd643a12d29e6b81720bea28a9
Photos Memories/FT/Body,FT Body80b.m4a,FT Body80b,FT_Body80b.m4a,"23G83__iPhone18,2/System/Library/Photos/Resources/FlexAudio/97F859C4-9F58-4CF3-927B-0F58FBDC386F.smsbundle/BODY/FT_Body80b.m4a","23G83__iPhone18,2/System/Library/Photos/Resources/FlexAudio/97F859C4-9F58-4CF3-927B-0F58FBDC386F.smsbundle/BODY",0,d8dee4edd9d39e81e41dcdf02607ad92
Photos Memories/FT/Body,FT Body90a.m4a,FT Body90a,FT_Body90a.m4a,"23G83__iPhone18,2/System/Library/Photos/Resources/FlexAudio/97F859C4-9F58-4CF3-927B-0F58FBDC386F.smsbundle/BODY/FT_Body90a.m4a","23G83__iPhone18,2/System/Library/Photos/Resources/FlexAudio/97F859C4-9F58-4CF3-927B-0F58FBDC386F.smsbundle/BODY",0,2bd6c28cbd9d861fafe8eedd06ab00d6
Photos Memories/FT/Body,FT Body90b.m4a,FT Body90b,FT_Body90b.m4a,"23G83__iPhone18,2/System/Library/Photos/Resources/FlexAudio/97F859C4-9F58-4CF3-927B-0F58FBDC386F.smsbundle/BODY/FT_Body90b.m4a","23G83__iPhone18,2/System/Library/Photos/Resources/FlexAudio/97F859C4-9F58-4CF3-927B-0F58FBDC386F.smsbundle/BODY",0,cbf262f126fbfdd970b9aa5dd78e61fc
Photos Memories/FT/Intro,FT In2015s.m4a,FT In2015s,FT_In2015s.m4a,"23G83__iPhone18,2/System/Library/Photos/Resources/FlexAudio/97F859C4-9F58-4CF3-927B-0F58FBDC386F.smsbundle/INTRO/FT_In2015s.m4a","23G83__iPhone18,2/System/Library/Photos/Resources/FlexAudio/97F859C4-9F58-4CF3-927B-0F58FBDC386F.smsbundle/INTRO",0,3ebc6535007b53cc9b0b567e3bced674
Photos Memories/FT/Intro,FT In20769.m4a,FT In20769,FT_In20769.m4a,"23G83__iPhone18,2/System/Library/Photos/Resources/FlexAudio/97F859C4-9F58-4CF3-927B-0F58FBDC386F.smsbundle/INTRO/FT_In20769.m4a","23G83__iPhone18,2/System/Library/Photos/Resources/FlexAudio/97F859C4-9F58-4CF3-927B-0F58FBDC386F.smsbundle/INTRO",0,f93f2805763a5039aa306d297885e71a
Photos Memories/FT/Intro,FT In20a1904.m4a,FT In20a1904,FT_In20a1904.m4a,"23G83__iPhone18,2/System/Library/Photos/Resources/FlexAudio/97F859C4-9F58-4CF3-927B-0F58FBDC386F.smsbundle/INTRO/FT_In20a1904.m4a","23G83__iPhone18,2/System/Library/Photos/Resources/FlexAudio/97F859C4-9F58-4CF3-927B-0F58FBDC386F.smsbundle/INTRO",0,9f26c4576dfabc56267b4a40a006eb96
Photos Memories/FT/Intro,FT In21a1190.m4a,FT In21a1190,FT_In21a1190.m4a,"23G83__iPhone18,2/System/Library/Photos/Resources/FlexAudio/97F859C4-9F58-4CF3-927B-0F58FBDC386F.smsbundle/INTRO/FT_In21a1190.m4a","23G83__iPhone18,2/System/Library/Photos/Resources/FlexAudio/97F859C4-9F58-4CF3-927B-0F58FBDC386F.smsbundle/INTRO",0,a88709939c4744a67893eaa7c58ba69e
Photos Memories/FT/Intro,FT In21a1547.m4a,FT In21a1547,FT_In21a1547.m4a,"23G83__iPhone18,2/System/Library/Photos/Resources/FlexAudio/97F859C4-9F58-4CF3-927B-0F58FBDC386F.smsbundle/INTRO/FT_In21a1547.m4a","23G83__iPhone18,2/System/Library/Photos/Resources/FlexAudio/97F859C4-9F58-4CF3-927B-0F58FBDC386F.smsbundle/INTRO",0,d03ab061b621ef280930a7afb92a2f01
Photos Memories/FT/Intro,FT In21a952.m4a,FT In21a952,FT_In21a952.m4a,"23G83__iPhone18,2/System/Library/Photos/Resources/FlexAudio/97F859C4-9F58-4CF3-927B-0F58FBDC386F.smsbundle/INTRO/FT_In21a952.m4a","23G83__iPhone18,2/System/Library/Photos/Resources/FlexAudio/97F859C4-9F58-4CF3-927B-0F58FBDC386F.smsbundle/INTRO",0,699ceed53378c640a959fb3986b303f9
Photos Memories/FT/Intro,FT In2a1190.m4a,FT In2a1190,FT_In2a1190.m4a,"23G83__iPhone18,2/System/Library/Photos/Resources/FlexAudio/97F859C4-9F58-4CF3-927B-0F58FBDC386F.smsbundle/INTRO/FT_In2a1190.m4a","23G83__iPhone18,2/System/Library/Photos/Resources/FlexAudio/97F859C4-9F58-4CF3-927B-0F58FBDC386F.smsbundle/INTRO",0,f0165c1043e4cea82074f00b40967780
Photos Memories/FT/Intro,FT In2a1547.m4a,FT In2a1547,FT_In2a1547.m4a,"23G83__iPhone18,2/System/Library/Photos/Resources/FlexAudio/97F859C4-9F58-4CF3-927B-0F58FBDC386F.smsbundle/INTRO/FT_In2a1547.m4a","23G83__iPhone18,2/System/Library/Photos/Resources/FlexAudio/97F859C4-9F58-4CF3-927B-0F58FBDC386F.smsbundle/INTRO",0,7f1cc112d2a87d3edd8ac4c1e1ee5c71
Photos Memories/FT/Intro,FT In2a1904.m4a,FT In2a1904,FT_In2a1904.m4a,"23G83__iPhone18,2/System/Library/Photos/Resources/FlexAudio/97F859C4-9F58-4CF3-927B-0F58FBDC386F.smsbundle/INTRO/FT_In2a1904.m4a","23G83__iPhone18,2/System/Library/Photos/Resources/FlexAudio/97F859C4-9F58-4CF3-927B-0F58FBDC386F.smsbundle/INTRO",0,7379137b95f209de60e69e3df3c0459d
Photos Memories/FT/Intro,FT In2a3837.m4a,FT In2a3837,FT_In2a3837.m4a,"23G83__iPhone18,2/System/Library/Photos/Resources/FlexAudio/97F859C4-9F58-4CF3-927B-0F58FBDC386F.smsbundle/INTRO/FT_In2a3837.m4a","23G83__iPhone18,2/System/Library/Photos/Resources/FlexAudio/97F859C4-9F58-4CF3-927B-0F58FBDC386F.smsbundle/INTRO",0,376020def3ed3c2404c57bce5cfbdd3e
Photos Memories/FT/Intro,FT In2a952.m4a,FT In2a952,FT_In2a952.m4a,"23G83__iPhone18,2/System/Library/Photos/Resources/FlexAudio/97F859C4-9F58-4CF3-927B-0F58FBDC386F.smsbundle/INTRO/FT_In2a952.m4a","23G83__iPhone18,2/System/Library/Photos/Resources/FlexAudio/97F859C4-9F58-4CF3-927B-0F58FBDC386F.smsbundle/INTRO",0,016132866d8a1268dd80e25f017d44b3
Photos Memories/FT/Intro,FT In90a1190.m4a,FT In90a1190,FT_In90a1190.m4a,"23G83__iPhone18,2/System/Library/Photos/Resources/FlexAudio/97F859C4-9F58-4CF3-927B-0F58FBDC386F.smsbundle/INTRO/FT_In90a1190.m4a","23G83__iPhone18,2/System/Library/Photos/Resources/FlexAudio/97F859C4-9F58-4CF3-927B-0F58FBDC386F.smsbundle/INTRO",0,d80f602fd11e35d4dbe14cd107ee4088
Photos Memories/FT/Intro,FT In90a1428.m4a,FT In90a1428,FT_In90a1428.m4a,"23G83__iPhone18,2/System/Library/Photos/Resources/FlexAudio/97F859C4-9F58-4CF3-927B-0F58FBDC386F.smsbundle/INTRO/FT_In90a1428.m4a","23G83__iPhone18,2/System/Library/Photos/Resources/FlexAudio/97F859C4-9F58-4CF3-927B-0F58FBDC386F.smsbundle/INTRO",0,111adbc4d361dfa0674831cf7faae03c
Photos Memories/FT/Intro,FT In90a952.m4a,FT In90a952,FT_In90a952.m4a,"23G83__iPhone18,2/System/Library/Photos/Resources/FlexAudio/97F859C4-9F58-4CF3-927B-0F58FBDC386F.smsbundle/INTRO/FT_In90a952.m4a","23G83__iPhone18,2/System/Library/Photos/Resources/FlexAudio/97F859C4-9F58-4CF3-927B-0F58FBDC386F.smsbundle/INTRO",0,8590c60715e02fc930bb633867c0aa3b
Photos Memories/FT/Intro,FT In911905.m4a,FT In911905,FT_In911905.m4a,"23G83__iPhone18,2/System/Library/Photos/Resources/FlexAudio/97F859C4-9F58-4CF3-927B-0F58FBDC386F.smsbundle/INTRO/FT_In911905.m4a","23G83__iPhone18,2/System/Library/Photos/Resources/FlexAudio/97F859C4-9F58-4CF3-927B-0F58FBDC386F.smsbundle/INTRO",0,defa56ebdca61e1745c8d894ceba11ad
Photos Memories/FT/Outro,FT Out5a.m4a,FT Out5a,FT_Out5a.m4a,"23G83__iPhone18,2/System/Library/Photos/Resources/FlexAudio/97F859C4-9F58-4CF3-927B-0F58FBDC386F.smsbundle/OUTRO/FT_Out5a.m4a","23G83__iPhone18,2/System/Library/Photos/Resources/FlexAudio/97F859C4-9F58-4CF3-927B-0F58FBDC386F.smsbundle/OUTRO",0,a5d4e2f86ceb3d1129ce4b86e2bd3911
Photos Memories/FT/Outro,FT Out80aa.m4a,FT Out80aa,FT_Out80aa.m4a,"23G83__iPhone18,2/System/Library/Photos/Resources/FlexAudio/97F859C4-9F58-4CF3-927B-0F58FBDC386F.smsbundle/OUTRO/FT_Out80aa.m4a","23G83__iPhone18,2/System/Library/Photos/Resources/FlexAudio/97F859C4-9F58-4CF3-927B-0F58FBDC386F.smsbundle/OUTRO",0,db8c51b95d8cd7b12cfb9070a0db5231
Photos Memories/FT/Outro,FT Out80ab.m4a,FT Out80ab,FT_Out80ab.m4a,"23G83__iPhone18,2/System/Library/Photos/Resources/FlexAudio/97F859C4-9F58-4CF3-927B-0F58FBDC386F.smsbundle/OUTRO/FT_Out80ab.m4a","23G83__iPhone18,2/System/Library/Photos/Resources/FlexAudio/97F859C4-9F58-4CF3-927B-0F58FBDC386F.smsbundle/OUTRO",0,48e7c868592a9739cffa8ea1509d170f
Photos Memories/FT/Outro,FT Out80abc.m4a,FT Out80abc,FT_Out80abc.m4a,"23G83__iPhone18,2/System/Library/Photos/Resources/FlexAudio/97F859C4-9F58-4CF3-927B-0F58FBDC386F.smsbundle/OUTRO/FT_Out80abc.m4a","23G83__iPhone18,2/System/Library/Photos/Resources/FlexAudio/97F859C4-9F58-4CF3-927B-0F58FBDC386F.smsbundle/OUTRO",0,3aad7cde43a6c05432a14e0b46e0aa99
Photos Memories/FT/Outro,FT Out90aa.m4a,FT Out90aa,FT_Out90aa.m4a,"23G83__iPhone18,2/System/Library/Photos/Resources/FlexAudio/97F859C4-9F58-4CF3-927B-0F58FBDC386F.smsbundle/OUTRO/FT_Out90aa.m4a","23G83__iPhone18,2/System/Library/Photos/Resources/FlexAudio/97F859C4-9F58-4CF3-927B-0F58FBDC386F.smsbundle/OUTRO",0,60d6d0893b7c1ee75636c3a687d9d571
Photos Memories/FT/Outro,FT Out90ab.m4a,FT Out90ab,FT_Out90ab.m4a,"23G83__iPhone18,2/System/Library/Photos/Resources/FlexAudio/97F859C4-9F58-4CF3-927B-0F58FBDC386F.smsbundle/OUTRO/FT_Out90ab.m4a","23G83__iPhone18,2/System/Library/Photos/Resources/FlexAudio/97F859C4-9F58-4CF3-927B-0F58FBDC386F.smsbundle/OUTRO",0,5b2d1d9cd476056775a03107fdf4a22c
Photos Memories/FT/Outro,FT Out90abc.m4a,FT Out90abc,FT_Out90abc.m4a,"23G83__iPhone18,2/System/Library/Photos/Resources/FlexAudio/97F859C4-9F58-4CF3-927B-0F58FBDC386F.smsbundle/OUTRO/FT_Out90abc.m4a","23G83__iPhone18,2/System/Library/Photos/Resources/FlexAudio/97F859C4-9F58-4CF3-927B-0F58FBDC386F.smsbundle/OUTRO",0,16127bd972fca6ccb794b71d144c646a
Photos Memories/FT/Transition,FT Trans18to80.m4a,FT Trans18to80,FT_Trans18to80.m4a,"23G83__iPhone18,2/System/Library/Photos/Resources/FlexAudio/97F859C4-9F58-4CF3-927B-0F58FBDC386F.smsbundle/TRANS/FT_Trans18to80.m4a","23G83__iPhone18,2/System/Library/Photos/Resources/FlexAudio/97F859C4-9F58-4CF3-927B-0F58FBDC386F.smsbundle/TRANS",0,2ddcc6a27f09c6a36476a490a16f2e43
Photos Memories/FT/Transition,FT Trans27to30.m4a,FT Trans27to30,FT_Trans27to30.m4a,"23G83__iPhone18,2/System/Library/Photos/Resources/FlexAudio/97F859C4-9F58-4CF3-927B-0F58FBDC386F.smsbundle/TRANS/FT_Trans27to30.m4a","23G83__iPhone18,2/System/Library/Photos/Resources/FlexAudio/97F859C4-9F58-4CF3-927B-0F58FBDC386F.smsbundle/TRANS",0,f26d8930520f76fe5ed825fd90036ef6
Photos Memories/FT/Transition,FT Trans27to35.m4a,FT Trans27to35,FT_Trans27to35.m4a,"23G83__iPhone18,2/System/Library/Photos/Resources/FlexAudio/97F859C4-9F58-4CF3-927B-0F58FBDC386F.smsbundle/TRANS/FT_Trans27to35.m4a","23G83__iPhone18,2/System/Library/Photos/Resources/FlexAudio/97F859C4-9F58-4CF3-927B-0F58FBDC386F.smsbundle/TRANS",0,cfe92a42e447967ed83d9cc5b257c0ca
Photos Memories/FT/Transition,FT Trans27to40.m4a,FT Trans27to40,FT_Trans27to40.m4a,"23G83__iPhone18,2/System/Library/Photos/Resources/FlexAudio/97F859C4-9F58-4CF3-927B-0F58FBDC386F.smsbundle/TRANS/FT_Trans27to40.m4a","23G83__iPhone18,2/System/Library/Photos/Resources/FlexAudio/97F859C4-9F58-4CF3-927B-0F58FBDC386F.smsbundle/TRANS",2,e9d041c2a53ffd46cc911ebb91a308ef
Photos Memories/FT/Transition,FT Trans27to45.m4a,FT Trans27to45,FT_Trans27to45.m4a,"23G83__iPhone18,2/System/Library/Photos/Resources/FlexAudio/97F859C4-9F58-4CF3-927B-0F58FBDC386F.smsbundle/TRANS/FT_Trans27to45.m4a","23G83__iPhone18,2/System/Library/Photos/Resources/FlexAudio/97F859C4-9F58-4CF3-927B-0F58FBDC386F.smsbundle/TRANS",0,2229760c58f7043cab4024a0981f3107
Photos Memories/FT/Transition,FT Trans27to65.m4a,FT Trans27to65,FT_Trans27to65.m4a,"23G83__iPhone18,2/System/Library/Photos/Resources/FlexAudio/97F859C4-9F58-4CF3-927B-0F58FBDC386F.smsbundle/TRANS/FT_Trans27to65.m4a","23G83__iPhone18,2/System/Library/Photos/Resources/FlexAudio/97F859C4-9F58-4CF3-927B-0F58FBDC386F.smsbundle/TRANS",0,f4a1e1229d26ecfb71c13865839d0877
Photos Memories/FT/Transition,FT Trans27to70.m4a,FT Trans27to70,FT_Trans27to70.m4a,"23G83__iPhone18,2/System/Library/Photos/Resources/FlexAudio/97F859C4-9F58-4CF3-927B-0F58FBDC386F.smsbundle/TRANS/FT_Trans27to70.m4a","23G83__iPhone18,2/System/Library/Photos/Resources/FlexAudio/97F859C4-9F58-4CF3-927B-0F58FBDC386F.smsbundle/TRANS",0,932914bab4c80dcf623aaa2904399372
Photos Memories/FT/Transition,FT Trans28to40.m4a,FT Trans28to40,FT_Trans28to40.m4a,"23G83__iPhone18,2/System/Library/Photos/Resources/FlexAudio/97F859C4-9F58-4CF3-927B-0F58FBDC386F.smsbundle/TRANS/FT_Trans28to40.m4a","23G83__iPhone18,2/System/Library/Photos/Resources/FlexAudio/97F859C4-9F58-4CF3-927B-0F58FBDC386F.smsbundle/TRANS",1,abc9eba580c9b56ff87ae5c6827bc333
Photos Memories/FT/Transition,FT Trans2to5.m4a,FT Trans2to5,FT_Trans2to5.m4a,"23G83__iPhone18,2/System/Library/Photos/Resources/FlexAudio/97F859C4-9F58-4CF3-927B-0F58FBDC386F.smsbundle/TRANS/FT_Trans2to5.m4a","23G83__iPhone18,2/System/Library/Photos/Resources/FlexAudio/97F859C4-9F58-4CF3-927B-0F58FBDC386F.smsbundle/TRANS",0,9b64fc25e0e49d7819916e69ac6cd08a
Photos Memories/FT/Transition,FT Trans30to40.m4a,FT Trans30to40,FT_Trans30to40.m4a,"23G83__iPhone18,2/System/Library/Photos/Resources/FlexAudio/97F859C4-9F58-4CF3-927B-0F58FBDC386F.smsbundle/TRANS/FT_Trans30to40.m4a","23G83__iPhone18,2/System/Library/Photos/Resources/FlexAudio/97F859C4-9F58-4CF3-927B-0F58FBDC386F.smsbundle/TRANS",1,a7fbbc9af3a983483a4370879c18d9ba
Photos Memories/FT/Transition,FT Trans35to80.m4a,FT Trans35to80,FT_Trans35to80.m4a,"23G83__iPhone18,2/System/Library/Photos/Resources/FlexAudio/97F859C4-9F58-4CF3-927B-0F58FBDC386F.smsbundle/TRANS/FT_Trans35to80.m4a","23G83__iPhone18,2/System/Library/Photos/Resources/FlexAudio/97F859C4-9F58-4CF3-927B-0F58FBDC386F.smsbundle/TRANS",0,dcbaefd3cdfacc7ff9a4ba033cfb5d38
Photos Memories/FT/Transition,FT Trans40to65.m4a,FT Trans40to65,FT_Trans40to65.m4a,"23G83__iPhone18,2/System/Library/Photos/Resources/FlexAudio/97F859C4-9F58-4CF3-927B-0F58FBDC386F.smsbundle/TRANS/FT_Trans40to65.m4a","23G83__iPhone18,2/System/Library/Photos/Resources/FlexAudio/97F859C4-9F58-4CF3-927B-0F58FBDC386F.smsbundle/TRANS",1,5165359ee162520c131f5d5e82630f60
Photos Memories/FT/Transition,FT Trans40to70.m4a,FT Trans40to70,FT_Trans40to70.m4a,"23G83__iPhone18,2/System/Library/Photos/Resources/FlexAudio/97F859C4-9F58-4CF3-927B-0F58FBDC386F.smsbundle/TRANS/FT_Trans40to70.m4a","23G83__iPhone18,2/System/Library/Photos/Resources/FlexAudio/97F859C4-9F58-4CF3-927B-0F58FBDC386F.smsbundle/TRANS",0,6fed6c72a6ede39ffc1df502d77fc2e9
Photos Memories/FT/Transition,FT Trans42to70.m4a,FT Trans42to70,FT_Trans42to70.m4a,"23G83__iPhone18,2/System/Library/Photos/Resources/FlexAudio/97F859C4-9F58-4CF3-927B-0F58FBDC386F.smsbundle/TRANS/FT_Trans42to70.m4a","23G83__iPhone18,2/System/Library/Photos/Resources/FlexAudio/97F859C4-9F58-4CF3-927B-0F58FBDC386F.smsbundle/TRANS",0,fdb9e217e14184f6f3903c1b4ec4931d
Photos Memories/FT/Transition,FT Trans45to70.m4a,FT Trans45to70,FT_Trans45to70.m4a,"23G83__iPhone18,2/System/Library/Photos/Resources/FlexAudio/97F859C4-9F58-4CF3-927B-0F58FBDC386F.smsbundle/TRANS/FT_Trans45to70.m4a","23G83__iPhone18,2/System/Library/Photos/Resources/FlexAudio/97F859C4-9F58-4CF3-927B-0F58FBDC386F.smsbundle/TRANS",0,d3a43fb6a71d6bb77381614f5628c333
Photos Memories/MU/Body,MU Body10a.m4a,MU Body10a,MU_Body10a.m4a,"23G83__iPhone18,2/System/Library/Photos/Resources/FlexAudio/A898E9C8-62FF-47EC-BA30-DBC80A0A84CB.smsbundle/BODY/MU_Body10a.m4a","23G83__iPhone18,2/System/Library/Photos/Resources/FlexAudio/A898E9C8-62FF-47EC-BA30-DBC80A0A84CB.smsbundle/BODY",0,58094e5c2bdb4c1254b0e1f846aa27d1
Photos Memories/MU/Body,MU Body12a.m4a,MU Body12a,MU_Body12a.m4a,"23G83__iPhone18,2/System/Library/Photos/Resources/FlexAudio/A898E9C8-62FF-47EC-BA30-DBC80A0A84CB.smsbundle/BODY/MU_Body12a.m4a","23G83__iPhone18,2/System/Library/Photos/Resources/FlexAudio/A898E9C8-62FF-47EC-BA30-DBC80A0A84CB.smsbundle/BODY",0,84ecab83f977e82e484b55742e04fe8c
Photos Memories/MU/Body,MU Body14a.m4a,MU Body14a,MU_Body14a.m4a,"23G83__iPhone18,2/System/Library/Photos/Resources/FlexAudio/A898E9C8-62FF-47EC-BA30-DBC80A0A84CB.smsbundle/BODY/MU_Body14a.m4a","23G83__iPhone18,2/System/Library/Photos/Resources/FlexAudio/A898E9C8-62FF-47EC-BA30-DBC80A0A84CB.smsbundle/BODY",0,7e5d5dcd170c25b9fb9c51619088587a
Photos Memories/MU/Body,MU Body16a.m4a,MU Body16a,MU_Body16a.m4a,"23G83__iPhone18,2/System/Library/Photos/Resources/FlexAudio/A898E9C8-62FF-47EC-BA30-DBC80A0A84CB.smsbundle/BODY/MU_Body16a.m4a","23G83__iPhone18,2/System/Library/Photos/Resources/FlexAudio/A898E9C8-62FF-47EC-BA30-DBC80A0A84CB.smsbundle/BODY",0,a9ff4419f0b12c4519ac441e8576c155
Photos Memories/MU/Body,MU Body18a.m4a,MU Body18a,MU_Body18a.m4a,"23G83__iPhone18,2/System/Library/Photos/Resources/FlexAudio/A898E9C8-62FF-47EC-BA30-DBC80A0A84CB.smsbundle/BODY/MU_Body18a.m4a","23G83__iPhone18,2/System/Library/Photos/Resources/FlexAudio/A898E9C8-62FF-47EC-BA30-DBC80A0A84CB.smsbundle/BODY",0,6e73abb9a47bdfc53fd175b40eabd026
Photos Memories/MU/Body,MU Body20a.m4a,MU Body20a,MU_Body20a.m4a,"23G83__iPhone18,2/System/Library/Photos/Resources/FlexAudio/A898E9C8-62FF-47EC-BA30-DBC80A0A84CB.smsbundle/BODY/MU_Body20a.m4a","23G83__iPhone18,2/System/Library/Photos/Resources/FlexAudio/A898E9C8-62FF-47EC-BA30-DBC80A0A84CB.smsbundle/BODY",0,f5f03c8a0ad21893d3bca0eb35b5e471
Photos Memories/MU/Body,MU Body22a.m4a,MU Body22a,MU_Body22a.m4a,"23G83__iPhone18,2/System/Library/Photos/Resources/FlexAudio/A898E9C8-62FF-47EC-BA30-DBC80A0A84CB.smsbundle/BODY/MU_Body22a.m4a","23G83__iPhone18,2/System/Library/Photos/Resources/FlexAudio/A898E9C8-62FF-47EC-BA30-DBC80A0A84CB.smsbundle/BODY",0,5ad8ccd43fd28e2387d349867b09eb6d
Photos Memories/MU/Body,MU Body23a.m4a,MU Body23a,MU_Body23a.m4a,"23G83__iPhone18,2/System/Library/Photos/Resources/FlexAudio/A898E9C8-62FF-47EC-BA30-DBC80A0A84CB.smsbundle/BODY/MU_Body23a.m4a","23G83__iPhone18,2/System/Library/Photos/Resources/FlexAudio/A898E9C8-62FF-47EC-BA30-DBC80A0A84CB.smsbundle/BODY",0,5b5bef44665d1a9f3d96a15c21ff3e31
Photos Memories/MU/Body,MU Body24a.m4a,MU Body24a,MU_Body24a.m4a,"23G83__iPhone18,2/System/Library/Photos/Resources/FlexAudio/A898E9C8-62FF-47EC-BA30-DBC80A0A84CB.smsbundle/BODY/MU_Body24a.m4a","23G83__iPhone18,2/System/Library/Photos/Resources/FlexAudio/A898E9C8-62FF-47EC-BA30-DBC80A0A84CB.smsbundle/BODY",0,bd92ed2269733d857559cc9bc30bd65b
Photos Memories/MU/Body,MU Body25a.m4a,MU Body25a,MU_Body25a.m4a,"23G83__iPhone18,2/System/Library/Photos/Resources/FlexAudio/A898E9C8-62FF-47EC-BA30-DBC80A0A84CB.smsbundle/BODY/MU_Body25a.m4a","23G83__iPhone18,2/System/Library/Photos/Resources/FlexAudio/A898E9C8-62FF-47EC-BA30-DBC80A0A84CB.smsbundle/BODY",0,f905e91c83f9bbc043524600f4fd3556
Photos Memories/MU/Body,MU Body26a.m4a,MU Body26a,MU_Body26a.m4a,"23G83__iPhone18,2/System/Library/Photos/Resources/FlexAudio/A898E9C8-62FF-47EC-BA30-DBC80A0A84CB.smsbundle/BODY/MU_Body26a.m4a","23G83__iPhone18,2/System/Library/Photos/Resources/FlexAudio/A898E9C8-62FF-47EC-BA30-DBC80A0A84CB.smsbundle/BODY",0,95aa1fb50f689695879aaed7a6236bd6
Photos Memories/MU/Body,MU Body28a.m4a,MU Body28a,MU_Body28a.m4a,"23G83__iPhone18,2/System/Library/Photos/Resources/FlexAudio/A898E9C8-62FF-47EC-BA30-DBC80A0A84CB.smsbundle/BODY/MU_Body28a.m4a","23G83__iPhone18,2/System/Library/Photos/Resources/FlexAudio/A898E9C8-62FF-47EC-BA30-DBC80A0A84CB.smsbundle/BODY",0,67a2ed8735c5606f6d23c1bf83f1ec98
Photos Memories/MU/Body,MU Body30a.m4a,MU Body30a,MU_Body30a.m4a,"23G83__iPhone18,2/System/Library/Photos/Resources/FlexAudio/A898E9C8-62FF-47EC-BA30-DBC80A0A84CB.smsbundle/BODY/MU_Body30a.m4a","23G83__iPhone18,2/System/Library/Photos/Resources/FlexAudio/A898E9C8-62FF-47EC-BA30-DBC80A0A84CB.smsbundle/BODY",0,548ff21ef00846ebbc66dcdd31e00ea1
Photos Memories/MU/Body,MU Body36a.m4a,MU Body36a,MU_Body36a.m4a,"23G83__iPhone18,2/System/Library/Photos/Resources/FlexAudio/A898E9C8-62FF-47EC-BA30-DBC80A0A84CB.smsbundle/BODY/MU_Body36a.m4a","23G83__iPhone18,2/System/Library/Photos/Resources/FlexAudio/A898E9C8-62FF-47EC-BA30-DBC80A0A84CB.smsbundle/BODY",0,798ee7df1a70894bcebd9450c6b87213
Photos Memories/MU/Body,MU Body37a.m4a,MU Body37a,MU_Body37a.m4a,"23G83__iPhone18,2/System/Library/Photos/Resources/FlexAudio/A898E9C8-62FF-47EC-BA30-DBC80A0A84CB.smsbundle/BODY/MU_Body37a.m4a","23G83__iPhone18,2/System/Library/Photos/Resources/FlexAudio/A898E9C8-62FF-47EC-BA30-DBC80A0A84CB.smsbundle/BODY",0,1295aef7bda62a4266b7d514f4008f70
Photos Memories/MU/Body,MU Body38a.m4a,MU Body38a,MU_Body38a.m4a,"23G83__iPhone18,2/System/Library/Photos/Resources/FlexAudio/A898E9C8-62FF-47EC-BA30-DBC80A0A84CB.smsbundle/BODY/MU_Body38a.m4a","23G83__iPhone18,2/System/Library/Photos/Resources/FlexAudio/A898E9C8-62FF-47EC-BA30-DBC80A0A84CB.smsbundle/BODY",0,e1f73c53e9f14e50d749f6ecc1f6fb70
Photos Memories/MU/Body,MU Body39a.m4a,MU Body39a,MU_Body39a.m4a,"23G83__iPhone18,2/System/Library/Photos/Resources/FlexAudio/A898E9C8-62FF-47EC-BA30-DBC80A0A84CB.smsbundle/BODY/MU_Body39a.m4a","23G83__iPhone18,2/System/Library/Photos/Resources/FlexAudio/A898E9C8-62FF-47EC-BA30-DBC80A0A84CB.smsbundle/BODY",0,d0af681e0a82902a5578b9883a9da6c4
Photos Memories/MU/Body,MU Body3a.m4a,MU Body3a,MU_Body3a.m4a,"23G83__iPhone18,2/System/Library/Photos/Resources/FlexAudio/A898E9C8-62FF-47EC-BA30-DBC80A0A84CB.smsbundle/BODY/MU_Body3a.m4a","23G83__iPhone18,2/System/Library/Photos/Resources/FlexAudio/A898E9C8-62FF-47EC-BA30-DBC80A0A84CB.smsbundle/BODY",0,4260874c8828a43ea370084267337390
Photos Memories/MU/Body,MU Body40a.m4a,MU Body40a,MU_Body40a.m4a,"23G83__iPhone18,2/System/Library/Photos/Resources/FlexAudio/A898E9C8-62FF-47EC-BA30-DBC80A0A84CB.smsbundle/BODY/MU_Body40a.m4a","23G83__iPhone18,2/System/Library/Photos/Resources/FlexAudio/A898E9C8-62FF-47EC-BA30-DBC80A0A84CB.smsbundle/BODY",0,1e898179338d2aa481ab38e2236a1cc7
Photos Memories/MU/Body,MU Body40b.m4a,MU Body40b,MU_Body40b.m4a,"23G83__iPhone18,2/System/Library/Photos/Resources/FlexAudio/A898E9C8-62FF-47EC-BA30-DBC80A0A84CB.smsbundle/BODY/MU_Body40b.m4a","23G83__iPhone18,2/System/Library/Photos/Resources/FlexAudio/A898E9C8-62FF-47EC-BA30-DBC80A0A84CB.smsbundle/BODY",0,ab9c4e7dc4bf1871afb88d08247f4ef9
Photos Memories/MU/Body,MU Body40c.m4a,MU Body40c,MU_Body40c.m4a,"23G83__iPhone18,2/System/Library/Photos/Resources/FlexAudio/A898E9C8-62FF-47EC-BA30-DBC80A0A84CB.smsbundle/BODY/MU_Body40c.m4a","23G83__iPhone18,2/System/Library/Photos/Resources/FlexAudio/A898E9C8-62FF-47EC-BA30-DBC80A0A84CB.smsbundle/BODY",0,8131ddd7fba41b0aa625170b76330598
Photos Memories/MU/Body,MU Body40d.m4a,MU Body40d,MU_Body40d.m4a,"23G83__iPhone18,2/System/Library/Photos/Resources/FlexAudio/A898E9C8-62FF-47EC-BA30-DBC80A0A84CB.smsbundle/BODY/MU_Body40d.m4a","23G83__iPhone18,2/System/Library/Photos/Resources/FlexAudio/A898E9C8-62FF-47EC-BA30-DBC80A0A84CB.smsbundle/BODY",0,7649089420baf230d2d7701b550afc6f
Photos Memories/MU/Body,MU Body40e.m4a,MU Body40e,MU_Body40e.m4a,"23G83__iPhone18,2/System/Library/Photos/Resources/FlexAudio/A898E9C8-62FF-47EC-BA30-DBC80A0A84CB.smsbundle/BODY/MU_Body40e.m4a","23G83__iPhone18,2/System/Library/Photos/Resources/FlexAudio/A898E9C8-62FF-47EC-BA30-DBC80A0A84CB.smsbundle/BODY",0,0b7ce7c48f8f54e944bc8dae5a72c98a
Photos Memories/MU/Body,MU Body40f.m4a,MU Body40f,MU_Body40f.m4a,"23G83__iPhone18,2/System/Library/Photos/Resources/FlexAudio/A898E9C8-62FF-47EC-BA30-DBC80A0A84CB.smsbundle/BODY/MU_Body40f.m4a","23G83__iPhone18,2/System/Library/Photos/Resources/FlexAudio/A898E9C8-62FF-47EC-BA30-DBC80A0A84CB.smsbundle/BODY",0,5841fa3f1415128eb693b4344568b52e
Photos Memories/MU/Body,MU Body40g.m4a,MU Body40g,MU_Body40g.m4a,"23G83__iPhone18,2/System/Library/Photos/Resources/FlexAudio/A898E9C8-62FF-47EC-BA30-DBC80A0A84CB.smsbundle/BODY/MU_Body40g.m4a","23G83__iPhone18,2/System/Library/Photos/Resources/FlexAudio/A898E9C8-62FF-47EC-BA30-DBC80A0A84CB.smsbundle/BODY",0,adeb57bd295cfa6d40bba0652984d81a
Photos Memories/MU/Body,MU Body55a.m4a,MU Body55a,MU_Body55a.m4a,"23G83__iPhone18,2/System/Library/Photos/Resources/FlexAudio/A898E9C8-62FF-47EC-BA30-DBC80A0A84CB.smsbundle/BODY/MU_Body55a.m4a","23G83__iPhone18,2/System/Library/Photos/Resources/FlexAudio/A898E9C8-62FF-47EC-BA30-DBC80A0A84CB.smsbundle/BODY",0,f99bfeffad59348c99923db0cc9cef44
Photos Memories/MU/Body,MU Body60a.m4a,MU Body60a,MU_Body60a.m4a,"23G83__iPhone18,2/System/Library/Photos/Resources/FlexAudio/A898E9C8-62FF-47EC-BA30-DBC80A0A84CB.smsbundle/BODY/MU_Body60a.m4a","23G83__iPhone18,2/System/Library/Photos/Resources/FlexAudio/A898E9C8-62FF-47EC-BA30-DBC80A0A84CB.smsbundle/BODY",0,24515e91108a0d319b6d66807f7693e6
Photos Memories/MU/Body,MU Body60b.m4a,MU Body60b,MU_Body60b.m4a,"23G83__iPhone18,2/System/Library/Photos/Resources/FlexAudio/A898E9C8-62FF-47EC-BA30-DBC80A0A84CB.smsbundle/BODY/MU_Body60b.m4a","23G83__iPhone18,2/System/Library/Photos/Resources/FlexAudio/A898E9C8-62FF-47EC-BA30-DBC80A0A84CB.smsbundle/BODY",0,0dd9a977bf438301cf006b700d0e0779
Photos Memories/MU/Body,MU Body60c.m4a,MU Body60c,MU_Body60c.m4a,"23G83__iPhone18,2/System/Library/Photos/Resources/FlexAudio/A898E9C8-62FF-47EC-BA30-DBC80A0A84CB.smsbundle/BODY/MU_Body60c.m4a","23G83__iPhone18,2/System/Library/Photos/Resources/FlexAudio/A898E9C8-62FF-47EC-BA30-DBC80A0A84CB.smsbundle/BODY",0,03d19dfd0861d4bb8fa61c9e1499b8ce
Photos Memories/MU/Body,MU Body60d.m4a,MU Body60d,MU_Body60d.m4a,"23G83__iPhone18,2/System/Library/Photos/Resources/FlexAudio/A898E9C8-62FF-47EC-BA30-DBC80A0A84CB.smsbundle/BODY/MU_Body60d.m4a","23G83__iPhone18,2/System/Library/Photos/Resources/FlexAudio/A898E9C8-62FF-47EC-BA30-DBC80A0A84CB.smsbundle/BODY",0,a0edcd3337f8290e47211aca0b58bb71
Photos Memories/MU/Body,MU Body60e.m4a,MU Body60e,MU_Body60e.m4a,"23G83__iPhone18,2/System/Library/Photos/Resources/FlexAudio/A898E9C8-62FF-47EC-BA30-DBC80A0A84CB.smsbundle/BODY/MU_Body60e.m4a","23G83__iPhone18,2/System/Library/Photos/Resources/FlexAudio/A898E9C8-62FF-47EC-BA30-DBC80A0A84CB.smsbundle/BODY",1,61563911731393ebc29856824af1d502
Photos Memories/MU/Body,MU Body60f.m4a,MU Body60f,MU_Body60f.m4a,"23G83__iPhone18,2/System/Library/Photos/Resources/FlexAudio/A898E9C8-62FF-47EC-BA30-DBC80A0A84CB.smsbundle/BODY/MU_Body60f.m4a","23G83__iPhone18,2/System/Library/Photos/Resources/FlexAudio/A898E9C8-62FF-47EC-BA30-DBC80A0A84CB.smsbundle/BODY",1,f99ff231aa680c513a551eb1113badcd
Photos Memories/MU/Body,MU Body60g.m4a,MU Body60g,MU_Body60g.m4a,"23G83__iPhone18,2/System/Library/Photos/Resources/FlexAudio/A898E9C8-62FF-47EC-BA30-DBC80A0A84CB.smsbundle/BODY/MU_Body60g.m4a","23G83__iPhone18,2/System/Library/Photos/Resources/FlexAudio/A898E9C8-62FF-47EC-BA30-DBC80A0A84CB.smsbundle/BODY",0,6fe193ffcf555f9937d1d5d0ddbdcbe5
Photos Memories/MU/Body,MU Body60h.m4a,MU Body60h,MU_Body60h.m4a,"23G83__iPhone18,2/System/Library/Photos/Resources/FlexAudio/A898E9C8-62FF-47EC-BA30-DBC80A0A84CB.smsbundle/BODY/MU_Body60h.m4a","23G83__iPhone18,2/System/Library/Photos/Resources/FlexAudio/A898E9C8-62FF-47EC-BA30-DBC80A0A84CB.smsbundle/BODY",0,fbbaa3236b6e7e8de22aa3987e263df0
Photos Memories/MU/Body,MU Body6a.m4a,MU Body6a,MU_Body6a.m4a,"23G83__iPhone18,2/System/Library/Photos/Resources/FlexAudio/A898E9C8-62FF-47EC-BA30-DBC80A0A84CB.smsbundle/BODY/MU_Body6a.m4a","23G83__iPhone18,2/System/Library/Photos/Resources/FlexAudio/A898E9C8-62FF-47EC-BA30-DBC80A0A84CB.smsbundle/BODY",0,ad7ba11b18f20814ba543d3779b37af9
Photos Memories/MU/Body,MU Body70a.m4a,MU Body70a,MU_Body70a.m4a,"23G83__iPhone18,2/System/Library/Photos/Resources/FlexAudio/A898E9C8-62FF-47EC-BA30-DBC80A0A84CB.smsbundle/BODY/MU_Body70a.m4a","23G83__iPhone18,2/System/Library/Photos/Resources/FlexAudio/A898E9C8-62FF-47EC-BA30-DBC80A0A84CB.smsbundle/BODY",0,f68375a11d49b125ebab6bd1a60f8739
Photos Memories/MU/Body,MU Body70b.m4a,MU Body70b,MU_Body70b.m4a,"23G83__iPhone18,2/System/Library/Photos/Resources/FlexAudio/A898E9C8-62FF-47EC-BA30-DBC80A0A84CB.smsbundle/BODY/MU_Body70b.m4a","23G83__iPhone18,2/System/Library/Photos/Resources/FlexAudio/A898E9C8-62FF-47EC-BA30-DBC80A0A84CB.smsbundle/BODY",0,b6797a1089cfa2591ead698826419434
Photos Memories/MU/Body,MU Body70c.m4a,MU Body70c,MU_Body70c.m4a,"23G83__iPhone18,2/System/Library/Photos/Resources/FlexAudio/A898E9C8-62FF-47EC-BA30-DBC80A0A84CB.smsbundle/BODY/MU_Body70c.m4a","23G83__iPhone18,2/System/Library/Photos/Resources/FlexAudio/A898E9C8-62FF-47EC-BA30-DBC80A0A84CB.smsbundle/BODY",0,d57263c711ee298e8646266291952739
Photos Memories/MU/Body,MU Body70d.m4a,MU Body70d,MU_Body70d.m4a,"23G83__iPhone18,2/System/Library/Photos/Resources/FlexAudio/A898E9C8-62FF-47EC-BA30-DBC80A0A84CB.smsbundle/BODY/MU_Body70d.m4a","23G83__iPhone18,2/System/Library/Photos/Resources/FlexAudio/A898E9C8-62FF-47EC-BA30-DBC80A0A84CB.smsbundle/BODY",0,3781918154e043a3efdbf90075b7292f
Photos Memories/MU/Body,MU Body70g.m4a,MU Body70g,MU_Body70g.m4a,"23G83__iPhone18,2/System/Library/Photos/Resources/FlexAudio/A898E9C8-62FF-47EC-BA30-DBC80A0A84CB.smsbundle/BODY/MU_Body70g.m4a","23G83__iPhone18,2/System/Library/Photos/Resources/FlexAudio/A898E9C8-62FF-47EC-BA30-DBC80A0A84CB.smsbundle/BODY",0,3bc3ab2e6edc92fe0ff1c2272079552a
Photos Memories/MU/Body,MU Body70h.m4a,MU Body70h,MU_Body70h.m4a,"23G83__iPhone18,2/System/Library/Photos/Resources/FlexAudio/A898E9C8-62FF-47EC-BA30-DBC80A0A84CB.smsbundle/BODY/MU_Body70h.m4a","23G83__iPhone18,2/System/Library/Photos/Resources/FlexAudio/A898E9C8-62FF-47EC-BA30-DBC80A0A84CB.smsbundle/BODY",0,3d1cd4fc9fa89a70f9f4efa7d21c5b4d
Photos Memories/MU/Intro,MU In3a1317.m4a,MU In3a1317,MU_In3a1317.m4a,"23G83__iPhone18,2/System/Library/Photos/Resources/FlexAudio/A898E9C8-62FF-47EC-BA30-DBC80A0A84CB.smsbundle/INTRO/MU_In3a1317.m4a","23G83__iPhone18,2/System/Library/Photos/Resources/FlexAudio/A898E9C8-62FF-47EC-BA30-DBC80A0A84CB.smsbundle/INTRO",0,94896de8d7dc711458a8936096b73ded
Photos Memories/MU/Intro,MU In3a1580.m4a,MU In3a1580,MU_In3a1580.m4a,"23G83__iPhone18,2/System/Library/Photos/Resources/FlexAudio/A898E9C8-62FF-47EC-BA30-DBC80A0A84CB.smsbundle/INTRO/MU_In3a1580.m4a","23G83__iPhone18,2/System/Library/Photos/Resources/FlexAudio/A898E9C8-62FF-47EC-BA30-DBC80A0A84CB.smsbundle/INTRO",0,93d423e40c4637b0840ac9dd7c5607ce
Photos Memories/MU/Intro,MU In3a1956.m4a,MU In3a1956,MU_In3a1956.m4a,"23G83__iPhone18,2/System/Library/Photos/Resources/FlexAudio/A898E9C8-62FF-47EC-BA30-DBC80A0A84CB.smsbundle/INTRO/MU_In3a1956.m4a","23G83__iPhone18,2/System/Library/Photos/Resources/FlexAudio/A898E9C8-62FF-47EC-BA30-DBC80A0A84CB.smsbundle/INTRO",0,08df5b4667c67b7ac82ffef93126a538
Photos Memories/MU/Intro,MU In3a583.m4a,MU In3a583,MU_In3a583.m4a,"23G83__iPhone18,2/System/Library/Photos/Resources/FlexAudio/A898E9C8-62FF-47EC-BA30-DBC80A0A84CB.smsbundle/INTRO/MU_In3a583.m4a","23G83__iPhone18,2/System/Library/Photos/Resources/FlexAudio/A898E9C8-62FF-47EC-BA30-DBC80A0A84CB.smsbundle/INTRO",0,90d9028ed9093b997a3dcffcd0041134
Photos Memories/MU/Intro,MU In3a969.m4a,MU In3a969,MU_In3a969.m4a,"23G83__iPhone18,2/System/Library/Photos/Resources/FlexAudio/A898E9C8-62FF-47EC-BA30-DBC80A0A84CB.smsbundle/INTRO/MU_In3a969.m4a","23G83__iPhone18,2/System/Library/Photos/Resources/FlexAudio/A898E9C8-62FF-47EC-BA30-DBC80A0A84CB.smsbundle/INTRO",0,d0e1a161a404b4e4d95f8ed1cc036288
Photos Memories/MU/Outro,MU Out10a.m4a,MU Out10a,MU_Out10a.m4a,"23G83__iPhone18,2/System/Library/Photos/Resources/FlexAudio/A898E9C8-62FF-47EC-BA30-DBC80A0A84CB.smsbundle/OUTRO/MU_Out10a.m4a","23G83__iPhone18,2/System/Library/Photos/Resources/FlexAudio/A898E9C8-62FF-47EC-BA30-DBC80A0A84CB.smsbundle/OUTRO",0,165604f802f5411d3429a128d9b945ec
Photos Memories/MU/Outro,MU Out10aa.m4a,MU Out10aa,MU_Out10aa.m4a,"23G83__iPhone18,2/System/Library/Photos/Resources/FlexAudio/A898E9C8-62FF-47EC-BA30-DBC80A0A84CB.smsbundle/OUTRO/MU_Out10aa.m4a","23G83__iPhone18,2/System/Library/Photos/Resources/FlexAudio/A898E9C8-62FF-47EC-BA30-DBC80A0A84CB.smsbundle/OUTRO",0,4207922f459083b4a1698d37372312c5
Photos Memories/MU/Outro,MU Out10ac.m4a,MU Out10ac,MU_Out10ac.m4a,"23G83__iPhone18,2/System/Library/Photos/Resources/FlexAudio/A898E9C8-62FF-47EC-BA30-DBC80A0A84CB.smsbundle/OUTRO/MU_Out10ac.m4a","23G83__iPhone18,2/System/Library/Photos/Resources/FlexAudio/A898E9C8-62FF-47EC-BA30-DBC80A0A84CB.smsbundle/OUTRO",0,5f6e4ee12414c235f121031880cb1659
Photos Memories/MU/Outro,MU Out12a.m4a,MU Out12a,MU_Out12a.m4a,"23G83__iPhone18,2/System/Library/Photos/Resources/FlexAudio/A898E9C8-62FF-47EC-BA30-DBC80A0A84CB.smsbundle/OUTRO/MU_Out12a.m4a","23G83__iPhone18,2/System/Library/Photos/Resources/FlexAudio/A898E9C8-62FF-47EC-BA30-DBC80A0A84CB.smsbundle/OUTRO",0,d0fed4197b2b2bd5d21211f642e7a230
Photos Memories/MU/Outro,MU Out12aa.m4a,MU Out12aa,MU_Out12aa.m4a,"23G83__iPhone18,2/System/Library/Photos/Resources/FlexAudio/A898E9C8-62FF-47EC-BA30-DBC80A0A84CB.smsbundle/OUTRO/MU_Out12aa.m4a","23G83__iPhone18,2/System/Library/Photos/Resources/FlexAudio/A898E9C8-62FF-47EC-BA30-DBC80A0A84CB.smsbundle/OUTRO",0,5384d08f143a194090d946f16f3877c8
Photos Memories/MU/Outro,MU Out14a.m4a,MU Out14a,MU_Out14a.m4a,"23G83__iPhone18,2/System/Library/Photos/Resources/FlexAudio/A898E9C8-62FF-47EC-BA30-DBC80A0A84CB.smsbundle/OUTRO/MU_Out14a.m4a","23G83__iPhone18,2/System/Library/Photos/Resources/FlexAudio/A898E9C8-62FF-47EC-BA30-DBC80A0A84CB.smsbundle/OUTRO",0,056e252863b6017915ce180a635db880
Photos Memories/MU/Outro,MU Out14aa.m4a,MU Out14aa,MU_Out14aa.m4a,"23G83__iPhone18,2/System/Library/Photos/Resources/FlexAudio/A898E9C8-62FF-47EC-BA30-DBC80A0A84CB.smsbundle/OUTRO/MU_Out14aa.m4a","23G83__iPhone18,2/System/Library/Photos/Resources/FlexAudio/A898E9C8-62FF-47EC-BA30-DBC80A0A84CB.smsbundle/OUTRO",0,29901b9585871ab739ced4e0d46db149
Photos Memories/MU/Outro,MU Out16a.m4a,MU Out16a,MU_Out16a.m4a,"23G83__iPhone18,2/System/Library/Photos/Resources/FlexAudio/A898E9C8-62FF-47EC-BA30-DBC80A0A84CB.smsbundle/OUTRO/MU_Out16a.m4a","23G83__iPhone18,2/System/Library/Photos/Resources/FlexAudio/A898E9C8-62FF-47EC-BA30-DBC80A0A84CB.smsbundle/OUTRO",0,0c1ac2a38a0b1a576e34fcd08853cd4f
Photos Memories/MU/Outro,MU Out16aa.m4a,MU Out16aa,MU_Out16aa.m4a,"23G83__iPhone18,2/System/Library/Photos/Resources/FlexAudio/A898E9C8-62FF-47EC-BA30-DBC80A0A84CB.smsbundle/OUTRO/MU_Out16aa.m4a","23G83__iPhone18,2/System/Library/Photos/Resources/FlexAudio/A898E9C8-62FF-47EC-BA30-DBC80A0A84CB.smsbundle/OUTRO",0,fd81fae82d6f3312d8ec3ca54df4b8d1
Photos Memories/MU/Outro,MU Out18a.m4a,MU Out18a,MU_Out18a.m4a,"23G83__iPhone18,2/System/Library/Photos/Resources/FlexAudio/A898E9C8-62FF-47EC-BA30-DBC80A0A84CB.smsbundle/OUTRO/MU_Out18a.m4a","23G83__iPhone18,2/System/Library/Photos/Resources/FlexAudio/A898E9C8-62FF-47EC-BA30-DBC80A0A84CB.smsbundle/OUTRO",0,305a2f844c2fb3789ec3719af8c4439c
Photos Memories/MU/Outro,MU Out20a.m4a,MU Out20a,MU_Out20a.m4a,"23G83__iPhone18,2/System/Library/Photos/Resources/FlexAudio/A898E9C8-62FF-47EC-BA30-DBC80A0A84CB.smsbundle/OUTRO/MU_Out20a.m4a","23G83__iPhone18,2/System/Library/Photos/Resources/FlexAudio/A898E9C8-62FF-47EC-BA30-DBC80A0A84CB.smsbundle/OUTRO",0,1263643d3dd9b4db278561e78ac119ec
Photos Memories/MU/Outro,MU Out22a.m4a,MU Out22a,MU_Out22a.m4a,"23G83__iPhone18,2/System/Library/Photos/Resources/FlexAudio/A898E9C8-62FF-47EC-BA30-DBC80A0A84CB.smsbundle/OUTRO/MU_Out22a.m4a","23G83__iPhone18,2/System/Library/Photos/Resources/FlexAudio/A898E9C8-62FF-47EC-BA30-DBC80A0A84CB.smsbundle/OUTRO",0,46baa61b7857e4e1d691410d6b3faee0
Photos Memories/MU/Outro,MU Out22aa.m4a,MU Out22aa,MU_Out22aa.m4a,"23G83__iPhone18,2/System/Library/Photos/Resources/FlexAudio/A898E9C8-62FF-47EC-BA30-DBC80A0A84CB.smsbundle/OUTRO/MU_Out22aa.m4a","23G83__iPhone18,2/System/Library/Photos/Resources/FlexAudio/A898E9C8-62FF-47EC-BA30-DBC80A0A84CB.smsbundle/OUTRO",0,abcb499347c02cde1a526448ca97a818
Photos Memories/MU/Outro,MU Out24a.m4a,MU Out24a,MU_Out24a.m4a,"23G83__iPhone18,2/System/Library/Photos/Resources/FlexAudio/A898E9C8-62FF-47EC-BA30-DBC80A0A84CB.smsbundle/OUTRO/MU_Out24a.m4a","23G83__iPhone18,2/System/Library/Photos/Resources/FlexAudio/A898E9C8-62FF-47EC-BA30-DBC80A0A84CB.smsbundle/OUTRO",0,2513e43fb5da68938490d7f914fe78ba
Photos Memories/MU/Outro,MU Out26a.m4a,MU Out26a,MU_Out26a.m4a,"23G83__iPhone18,2/System/Library/Photos/Resources/FlexAudio/A898E9C8-62FF-47EC-BA30-DBC80A0A84CB.smsbundle/OUTRO/MU_Out26a.m4a","23G83__iPhone18,2/System/Library/Photos/Resources/FlexAudio/A898E9C8-62FF-47EC-BA30-DBC80A0A84CB.smsbundle/OUTRO",0,f9835c2822cfcf29155112828171ab69
Photos Memories/MU/Outro,MU Out28a.m4a,MU Out28a,MU_Out28a.m4a,"23G83__iPhone18,2/System/Library/Photos/Resources/FlexAudio/A898E9C8-62FF-47EC-BA30-DBC80A0A84CB.smsbundle/OUTRO/MU_Out28a.m4a","23G83__iPhone18,2/System/Library/Photos/Resources/FlexAudio/A898E9C8-62FF-47EC-BA30-DBC80A0A84CB.smsbundle/OUTRO",0,7327396332fa2e868bf4fb489dd61085
Photos Memories/MU/Outro,MU Out30aa.m4a,MU Out30aa,MU_Out30aa.m4a,"23G83__iPhone18,2/System/Library/Photos/Resources/FlexAudio/A898E9C8-62FF-47EC-BA30-DBC80A0A84CB.smsbundle/OUTRO/MU_Out30aa.m4a","23G83__iPhone18,2/System/Library/Photos/Resources/FlexAudio/A898E9C8-62FF-47EC-BA30-DBC80A0A84CB.smsbundle/OUTRO",0,99e7de3d33934549e8342df89e1e5d37
Photos Memories/MU/Outro,MU Out30ab.m4a,MU Out30ab,MU_Out30ab.m4a,"23G83__iPhone18,2/System/Library/Photos/Resources/FlexAudio/A898E9C8-62FF-47EC-BA30-DBC80A0A84CB.smsbundle/OUTRO/MU_Out30ab.m4a","23G83__iPhone18,2/System/Library/Photos/Resources/FlexAudio/A898E9C8-62FF-47EC-BA30-DBC80A0A84CB.smsbundle/OUTRO",0,7ec76117a457dd7eb604f7b961a2e865
Photos Memories/MU/Outro,MU Out30ac.m4a,MU Out30ac,MU_Out30ac.m4a,"23G83__iPhone18,2/System/Library/Photos/Resources/FlexAudio/A898E9C8-62FF-47EC-BA30-DBC80A0A84CB.smsbundle/OUTRO/MU_Out30ac.m4a","23G83__iPhone18,2/System/Library/Photos/Resources/FlexAudio/A898E9C8-62FF-47EC-BA30-DBC80A0A84CB.smsbundle/OUTRO",0,8023b7daf87e79ebec4aca67981d0bc4
Photos Memories/MU/Outro,MU Out36a.m4a,MU Out36a,MU_Out36a.m4a,"23G83__iPhone18,2/System/Library/Photos/Resources/FlexAudio/A898E9C8-62FF-47EC-BA30-DBC80A0A84CB.smsbundle/OUTRO/MU_Out36a.m4a","23G83__iPhone18,2/System/Library/Photos/Resources/FlexAudio/A898E9C8-62FF-47EC-BA30-DBC80A0A84CB.smsbundle/OUTRO",0,9559b6f82604ece7d739289fe095f579
Photos Memories/MU/Outro,MU Out37a.m4a,MU Out37a,MU_Out37a.m4a,"23G83__iPhone18,2/System/Library/Photos/Resources/FlexAudio/A898E9C8-62FF-47EC-BA30-DBC80A0A84CB.smsbundle/OUTRO/MU_Out37a.m4a","23G83__iPhone18,2/System/Library/Photos/Resources/FlexAudio/A898E9C8-62FF-47EC-BA30-DBC80A0A84CB.smsbundle/OUTRO",0,859b7314ee34d475dfe5b83d1727e409
Photos Memories/MU/Outro,MU Out38a.m4a,MU Out38a,MU_Out38a.m4a,"23G83__iPhone18,2/System/Library/Photos/Resources/FlexAudio/A898E9C8-62FF-47EC-BA30-DBC80A0A84CB.smsbundle/OUTRO/MU_Out38a.m4a","23G83__iPhone18,2/System/Library/Photos/Resources/FlexAudio/A898E9C8-62FF-47EC-BA30-DBC80A0A84CB.smsbundle/OUTRO",0,e63e1cfd3cd80f58fe9e07bfee38898d
Photos Memories/MU/Outro,MU Out39a.m4a,MU Out39a,MU_Out39a.m4a,"23G83__iPhone18,2/System/Library/Photos/Resources/FlexAudio/A898E9C8-62FF-47EC-BA30-DBC80A0A84CB.smsbundle/OUTRO/MU_Out39a.m4a","23G83__iPhone18,2/System/Library/Photos/Resources/FlexAudio/A898E9C8-62FF-47EC-BA30-DBC80A0A84CB.smsbundle/OUTRO",0,5740ac9de94694ae231308b0ba16bcb7
Photos Memories/MU/Outro,MU Out3a.m4a,MU Out3a,MU_Out3a.m4a,"23G83__iPhone18,2/System/Library/Photos/Resources/FlexAudio/A898E9C8-62FF-47EC-BA30-DBC80A0A84CB.smsbundle/OUTRO/MU_Out3a.m4a","23G83__iPhone18,2/System/Library/Photos/Resources/FlexAudio/A898E9C8-62FF-47EC-BA30-DBC80A0A84CB.smsbundle/OUTRO",0,0fa7e84c0ecc66cf20d62887083e6009
Photos Memories/MU/Outro,MU Out3aa.m4a,MU Out3aa,MU_Out3aa.m4a,"23G83__iPhone18,2/System/Library/Photos/Resources/FlexAudio/A898E9C8-62FF-47EC-BA30-DBC80A0A84CB.smsbundle/OUTRO/MU_Out3aa.m4a","23G83__iPhone18,2/System/Library/Photos/Resources/FlexAudio/A898E9C8-62FF-47EC-BA30-DBC80A0A84CB.smsbundle/OUTRO",0,3f7c9822703b096e1939ee91432f9578
Photos Memories/MU/Outro,MU Out40aa.m4a,MU Out40aa,MU_Out40aa.m4a,"23G83__iPhone18,2/System/Library/Photos/Resources/FlexAudio/A898E9C8-62FF-47EC-BA30-DBC80A0A84CB.smsbundle/OUTRO/MU_Out40aa.m4a","23G83__iPhone18,2/System/Library/Photos/Resources/FlexAudio/A898E9C8-62FF-47EC-BA30-DBC80A0A84CB.smsbundle/OUTRO",0,34e1751349a2acb579b53ccc1339d321
Photos Memories/MU/Outro,MU Out40ab.m4a,MU Out40ab,MU_Out40ab.m4a,"23G83__iPhone18,2/System/Library/Photos/Resources/FlexAudio/A898E9C8-62FF-47EC-BA30-DBC80A0A84CB.smsbundle/OUTRO/MU_Out40ab.m4a","23G83__iPhone18,2/System/Library/Photos/Resources/FlexAudio/A898E9C8-62FF-47EC-BA30-DBC80A0A84CB.smsbundle/OUTRO",0,67f981d1e379efe0f1e6b6f95bbe3500
Photos Memories/MU/Outro,MU Out40ac.m4a,MU Out40ac,MU_Out40ac.m4a,"23G83__iPhone18,2/System/Library/Photos/Resources/FlexAudio/A898E9C8-62FF-47EC-BA30-DBC80A0A84CB.smsbundle/OUTRO/MU_Out40ac.m4a","23G83__iPhone18,2/System/Library/Photos/Resources/FlexAudio/A898E9C8-62FF-47EC-BA30-DBC80A0A84CB.smsbundle/OUTRO",0,32165cfd1efc7d3df72a6ad6e5690845
Photos Memories/MU/Outro,MU Out40ad.m4a,MU Out40ad,MU_Out40ad.m4a,"23G83__iPhone18,2/System/Library/Photos/Resources/FlexAudio/A898E9C8-62FF-47EC-BA30-DBC80A0A84CB.smsbundle/OUTRO/MU_Out40ad.m4a","23G83__iPhone18,2/System/Library/Photos/Resources/FlexAudio/A898E9C8-62FF-47EC-BA30-DBC80A0A84CB.smsbundle/OUTRO",0,99260fd09cdd6de9059e27839fd314b3
Photos Memories/MU/Outro,MU Out40ae.m4a,MU Out40ae,MU_Out40ae.m4a,"23G83__iPhone18,2/System/Library/Photos/Resources/FlexAudio/A898E9C8-62FF-47EC-BA30-DBC80A0A84CB.smsbundle/OUTRO/MU_Out40ae.m4a","23G83__iPhone18,2/System/Library/Photos/Resources/FlexAudio/A898E9C8-62FF-47EC-BA30-DBC80A0A84CB.smsbundle/OUTRO",0,7e3a0a68cb782231f1fc43c1d9ea359e
Photos Memories/MU/Outro,MU Out40af.m4a,MU Out40af,MU_Out40af.m4a,"23G83__iPhone18,2/System/Library/Photos/Resources/FlexAudio/A898E9C8-62FF-47EC-BA30-DBC80A0A84CB.smsbundle/OUTRO/MU_Out40af.m4a","23G83__iPhone18,2/System/Library/Photos/Resources/FlexAudio/A898E9C8-62FF-47EC-BA30-DBC80A0A84CB.smsbundle/OUTRO",0,23c23ef28546529e650aced830a75b7f
Photos Memories/MU/Outro,MU Out40ag.m4a,MU Out40ag,MU_Out40ag.m4a,"23G83__iPhone18,2/System/Library/Photos/Resources/FlexAudio/A898E9C8-62FF-47EC-BA30-DBC80A0A84CB.smsbundle/OUTRO/MU_Out40ag.m4a","23G83__iPhone18,2/System/Library/Photos/Resources/FlexAudio/A898E9C8-62FF-47EC-BA30-DBC80A0A84CB.smsbundle/OUTRO",0,55c72cf65b749990debe59834b3e74bd
Photos Memories/MU/Outro,MU Out55a.m4a,MU Out55a,MU_Out55a.m4a,"23G83__iPhone18,2/System/Library/Photos/Resources/FlexAudio/A898E9C8-62FF-47EC-BA30-DBC80A0A84CB.smsbundle/OUTRO/MU_Out55a.m4a","23G83__iPhone18,2/System/Library/Photos/Resources/FlexAudio/A898E9C8-62FF-47EC-BA30-DBC80A0A84CB.smsbundle/OUTRO",0,43ea36653230036d5debfbfe8db06492
Photos Memories/MU/Outro,MU Out60aa.m4a,MU Out60aa,MU_Out60aa.m4a,"23G83__iPhone18,2/System/Library/Photos/Resources/FlexAudio/A898E9C8-62FF-47EC-BA30-DBC80A0A84CB.smsbundle/OUTRO/MU_Out60aa.m4a","23G83__iPhone18,2/System/Library/Photos/Resources/FlexAudio/A898E9C8-62FF-47EC-BA30-DBC80A0A84CB.smsbundle/OUTRO",0,f8061119009025ff6bb329365376e024
Photos Memories/MU/Outro,MU Out60ab.m4a,MU Out60ab,MU_Out60ab.m4a,"23G83__iPhone18,2/System/Library/Photos/Resources/FlexAudio/A898E9C8-62FF-47EC-BA30-DBC80A0A84CB.smsbundle/OUTRO/MU_Out60ab.m4a","23G83__iPhone18,2/System/Library/Photos/Resources/FlexAudio/A898E9C8-62FF-47EC-BA30-DBC80A0A84CB.smsbundle/OUTRO",0,d383ff99ac6be39dbc34b99ff25d342a
Photos Memories/MU/Outro,MU Out60ac.m4a,MU Out60ac,MU_Out60ac.m4a,"23G83__iPhone18,2/System/Library/Photos/Resources/FlexAudio/A898E9C8-62FF-47EC-BA30-DBC80A0A84CB.smsbundle/OUTRO/MU_Out60ac.m4a","23G83__iPhone18,2/System/Library/Photos/Resources/FlexAudio/A898E9C8-62FF-47EC-BA30-DBC80A0A84CB.smsbundle/OUTRO",0,06227c49b97f5b691d9a372943258793
Photos Memories/MU/Outro,MU Out60ad.m4a,MU Out60ad,MU_Out60ad.m4a,"23G83__iPhone18,2/System/Library/Photos/Resources/FlexAudio/A898E9C8-62FF-47EC-BA30-DBC80A0A84CB.smsbundle/OUTRO/MU_Out60ad.m4a","23G83__iPhone18,2/System/Library/Photos/Resources/FlexAudio/A898E9C8-62FF-47EC-BA30-DBC80A0A84CB.smsbundle/OUTRO",0,788a0d2c4f8ad90843bc65c972171837
Photos Memories/MU/Outro,MU Out60ae.m4a,MU Out60ae,MU_Out60ae.m4a,"23G83__iPhone18,2/System/Library/Photos/Resources/FlexAudio/A898E9C8-62FF-47EC-BA30-DBC80A0A84CB.smsbundle/OUTRO/MU_Out60ae.m4a","23G83__iPhone18,2/System/Library/Photos/Resources/FlexAudio/A898E9C8-62FF-47EC-BA30-DBC80A0A84CB.smsbundle/OUTRO",0,53c5784670115faca971c325023e7306
Photos Memories/MU/Outro,MU Out60af.m4a,MU Out60af,MU_Out60af.m4a,"23G83__iPhone18,2/System/Library/Photos/Resources/FlexAudio/A898E9C8-62FF-47EC-BA30-DBC80A0A84CB.smsbundle/OUTRO/MU_Out60af.m4a","23G83__iPhone18,2/System/Library/Photos/Resources/FlexAudio/A898E9C8-62FF-47EC-BA30-DBC80A0A84CB.smsbundle/OUTRO",0,b16ed91f5c3b5fe6b5851e36901264c5
Photos Memories/MU/Outro,MU Out60ag.m4a,MU Out60ag,MU_Out60ag.m4a,"23G83__iPhone18,2/System/Library/Photos/Resources/FlexAudio/A898E9C8-62FF-47EC-BA30-DBC80A0A84CB.smsbundle/OUTRO/MU_Out60ag.m4a","23G83__iPhone18,2/System/Library/Photos/Resources/FlexAudio/A898E9C8-62FF-47EC-BA30-DBC80A0A84CB.smsbundle/OUTRO",0,5863cb0ec06f999057c0b3f7c9204f7c
Photos Memories/MU/Outro,MU Out6a.m4a,MU Out6a,MU_Out6a.m4a,"23G83__iPhone18,2/System/Library/Photos/Resources/FlexAudio/A898E9C8-62FF-47EC-BA30-DBC80A0A84CB.smsbundle/OUTRO/MU_Out6a.m4a","23G83__iPhone18,2/System/Library/Photos/Resources/FlexAudio/A898E9C8-62FF-47EC-BA30-DBC80A0A84CB.smsbundle/OUTRO",0,e2a826b952f19be6853a169211d9d435
Photos Memories/MU/Outro,MU Out6aa.m4a,MU Out6aa,MU_Out6aa.m4a,"23G83__iPhone18,2/System/Library/Photos/Resources/FlexAudio/A898E9C8-62FF-47EC-BA30-DBC80A0A84CB.smsbundle/OUTRO/MU_Out6aa.m4a","23G83__iPhone18,2/System/Library/Photos/Resources/FlexAudio/A898E9C8-62FF-47EC-BA30-DBC80A0A84CB.smsbundle/OUTRO",0,8fcfcc6a3956476fd4430c118970f5cf
Photos Memories/MU/Outro,MU Out70h.m4a,MU Out70h,MU_Out70h.m4a,"23G83__iPhone18,2/System/Library/Photos/Resources/FlexAudio/A898E9C8-62FF-47EC-BA30-DBC80A0A84CB.smsbundle/OUTRO/MU_Out70h.m4a","23G83__iPhone18,2/System/Library/Photos/Resources/FlexAudio/A898E9C8-62FF-47EC-BA30-DBC80A0A84CB.smsbundle/OUTRO",0,bb3702b69e62aa28a61882f0392a6291
Photos Memories/MU/Transition,MU Trans10to26.m4a,MU Trans10to26,MU_Trans10to26.m4a,"23G83__iPhone18,2/System/Library/Photos/Resources/FlexAudio/A898E9C8-62FF-47EC-BA30-DBC80A0A84CB.smsbundle/TRANS/MU_Trans10to26.m4a","23G83__iPhone18,2/System/Library/Photos/Resources/FlexAudio/A898E9C8-62FF-47EC-BA30-DBC80A0A84CB.smsbundle/TRANS",0,0fead7ec07133df924cd061ef824731e
Photos Memories/MU/Transition,MU Trans18to26.m4a,MU Trans18to26,MU_Trans18to26.m4a,"23G83__iPhone18,2/System/Library/Photos/Resources/FlexAudio/A898E9C8-62FF-47EC-BA30-DBC80A0A84CB.smsbundle/TRANS/MU_Trans18to26.m4a","23G83__iPhone18,2/System/Library/Photos/Resources/FlexAudio/A898E9C8-62FF-47EC-BA30-DBC80A0A84CB.smsbundle/TRANS",0,345fc04681f0710a688b06becdbe0147
Photos Memories/MU/Transition,MU Trans30to37.m4a,MU Trans30to37,MU_Trans30to37.m4a,"23G83__iPhone18,2/System/Library/Photos/Resources/FlexAudio/A898E9C8-62FF-47EC-BA30-DBC80A0A84CB.smsbundle/TRANS/MU_Trans30to37.m4a","23G83__iPhone18,2/System/Library/Photos/Resources/FlexAudio/A898E9C8-62FF-47EC-BA30-DBC80A0A84CB.smsbundle/TRANS",0,270304fe5851405a8607e4d1a2025ba6
Photos Memories/MU/Transition,MU Trans30to38.m4a,MU Trans30to38,MU_Trans30to38.m4a,"23G83__iPhone18,2/System/Library/Photos/Resources/FlexAudio/A898E9C8-62FF-47EC-BA30-DBC80A0A84CB.smsbundle/TRANS/MU_Trans30to38.m4a","23G83__iPhone18,2/System/Library/Photos/Resources/FlexAudio/A898E9C8-62FF-47EC-BA30-DBC80A0A84CB.smsbundle/TRANS",0,1ca6ba7c0d60831be803180873b750af
Photos Memories/MU/Transition,MU Trans30to39.m4a,MU Trans30to39,MU_Trans30to39.m4a,"23G83__iPhone18,2/System/Library/Photos/Resources/FlexAudio/A898E9C8-62FF-47EC-BA30-DBC80A0A84CB.smsbundle/TRANS/MU_Trans30to39.m4a","23G83__iPhone18,2/System/Library/Photos/Resources/FlexAudio/A898E9C8-62FF-47EC-BA30-DBC80A0A84CB.smsbundle/TRANS",0,36aba6fa902c4941457fbe24079273da
Photos Memories/MU/Transition,MU Trans30to40.m4a,MU Trans30to40,MU_Trans30to40.m4a,"23G83__iPhone18,2/System/Library/Photos/Resources/FlexAudio/A898E9C8-62FF-47EC-BA30-DBC80A0A84CB.smsbundle/TRANS/MU_Trans30to40.m4a","23G83__iPhone18,2/System/Library/Photos/Resources/FlexAudio/A898E9C8-62FF-47EC-BA30-DBC80A0A84CB.smsbundle/TRANS",0,6fbaa08a9f14ec8518b03351a1f6a0fe
Photos Memories/MU/Transition,MU Trans36to38.m4a,MU Trans36to38,MU_Trans36to38.m4a,"23G83__iPhone18,2/System/Library/Photos/Resources/FlexAudio/A898E9C8-62FF-47EC-BA30-DBC80A0A84CB.smsbundle/TRANS/MU_Trans36to38.m4a","23G83__iPhone18,2/System/Library/Photos/Resources/FlexAudio/A898E9C8-62FF-47EC-BA30-DBC80A0A84CB.smsbundle/TRANS",1,677ca2a4cf2b9c11c0db913a3505d2c7
Photos Memories/MU/Transition,MU Trans37to39.m4a,MU Trans37to39,MU_Trans37to39.m4a,"23G83__iPhone18,2/System/Library/Photos/Resources/FlexAudio/A898E9C8-62FF-47EC-BA30-DBC80A0A84CB.smsbundle/TRANS/MU_Trans37to39.m4a","23G83__iPhone18,2/System/Library/Photos/Resources/FlexAudio/A898E9C8-62FF-47EC-BA30-DBC80A0A84CB.smsbundle/TRANS",0,8a49660150ca23ec02bdbbd04fcc8a81
Photos Memories/MU/Transition,MU Trans37to60.m4a,MU Trans37to60,MU_Trans37to60.m4a,"23G83__iPhone18,2/System/Library/Photos/Resources/FlexAudio/A898E9C8-62FF-47EC-BA30-DBC80A0A84CB.smsbundle/TRANS/MU_Trans37to60.m4a","23G83__iPhone18,2/System/Library/Photos/Resources/FlexAudio/A898E9C8-62FF-47EC-BA30-DBC80A0A84CB.smsbundle/TRANS",1,3b6e7857e24563debf75209997face73
Photos Memories/HE/Body,HE Body10a.m4a,HE Body10a,HE_Body10a.m4a,"23G83__iPhone18,2/System/Library/Photos/Resources/FlexAudio/AAE4E824-DD67-4DB0-933F-AD2D619E4EF6.smsbundle/BODY/HE_Body10a.m4a","23G83__iPhone18,2/System/Library/Photos/Resources/FlexAudio/AAE4E824-DD67-4DB0-933F-AD2D619E4EF6.smsbundle/BODY",0,617fcf8214e0efb1b29f4478dd7b6f3b
Photos Memories/HE/Body,HE Body12a.m4a,HE Body12a,HE_Body12a.m4a,"23G83__iPhone18,2/System/Library/Photos/Resources/FlexAudio/AAE4E824-DD67-4DB0-933F-AD2D619E4EF6.smsbundle/BODY/HE_Body12a.m4a","23G83__iPhone18,2/System/Library/Photos/Resources/FlexAudio/AAE4E824-DD67-4DB0-933F-AD2D619E4EF6.smsbundle/BODY",0,48787c2d2da3d045b6b5274f23061f69
Photos Memories/HE/Body,HE Body14a.m4a,HE Body14a,HE_Body14a.m4a,"23G83__iPhone18,2/System/Library/Photos/Resources/FlexAudio/AAE4E824-DD67-4DB0-933F-AD2D619E4EF6.smsbundle/BODY/HE_Body14a.m4a","23G83__iPhone18,2/System/Library/Photos/Resources/FlexAudio/AAE4E824-DD67-4DB0-933F-AD2D619E4EF6.smsbundle/BODY",0,83c5a6ff32a2a37b2077684ea3df8914
Photos Memories/HE/Body,HE Body16a.m4a,HE Body16a,HE_Body16a.m4a,"23G83__iPhone18,2/System/Library/Photos/Resources/FlexAudio/AAE4E824-DD67-4DB0-933F-AD2D619E4EF6.smsbundle/BODY/HE_Body16a.m4a","23G83__iPhone18,2/System/Library/Photos/Resources/FlexAudio/AAE4E824-DD67-4DB0-933F-AD2D619E4EF6.smsbundle/BODY",0,b6f0bfc18627835285a0047dcf070e91
Photos Memories/HE/Body,HE Body18a.m4a,HE Body18a,HE_Body18a.m4a,"23G83__iPhone18,2/System/Library/Photos/Resources/FlexAudio/AAE4E824-DD67-4DB0-933F-AD2D619E4EF6.smsbundle/BODY/HE_Body18a.m4a","23G83__iPhone18,2/System/Library/Photos/Resources/FlexAudio/AAE4E824-DD67-4DB0-933F-AD2D619E4EF6.smsbundle/BODY",0,2559a13288cbf38e8442f870683fd5cf
Photos Memories/HE/Body,HE Body20a.m4a,HE Body20a,HE_Body20a.m4a,"23G83__iPhone18,2/System/Library/Photos/Resources/FlexAudio/AAE4E824-DD67-4DB0-933F-AD2D619E4EF6.smsbundle/BODY/HE_Body20a.m4a","23G83__iPhone18,2/System/Library/Photos/Resources/FlexAudio/AAE4E824-DD67-4DB0-933F-AD2D619E4EF6.smsbundle/BODY",0,7215726b6fbfc42a0ef52e5ad8d84ddc
Photos Memories/HE/Body,HE Body22a.m4a,HE Body22a,HE_Body22a.m4a,"23G83__iPhone18,2/System/Library/Photos/Resources/FlexAudio/AAE4E824-DD67-4DB0-933F-AD2D619E4EF6.smsbundle/BODY/HE_Body22a.m4a","23G83__iPhone18,2/System/Library/Photos/Resources/FlexAudio/AAE4E824-DD67-4DB0-933F-AD2D619E4EF6.smsbundle/BODY",0,03b1726575a779ec72327869c12653c2
Photos Memories/HE/Body,HE Body24a.m4a,HE Body24a,HE_Body24a.m4a,"23G83__iPhone18,2/System/Library/Photos/Resources/FlexAudio/AAE4E824-DD67-4DB0-933F-AD2D619E4EF6.smsbundle/BODY/HE_Body24a.m4a","23G83__iPhone18,2/System/Library/Photos/Resources/FlexAudio/AAE4E824-DD67-4DB0-933F-AD2D619E4EF6.smsbundle/BODY",0,b67a1cf03efdaddb56e0555b68b7e1c9
Photos Memories/HE/Body,HE Body26a.m4a,HE Body26a,HE_Body26a.m4a,"23G83__iPhone18,2/System/Library/Photos/Resources/FlexAudio/AAE4E824-DD67-4DB0-933F-AD2D619E4EF6.smsbundle/BODY/HE_Body26a.m4a","23G83__iPhone18,2/System/Library/Photos/Resources/FlexAudio/AAE4E824-DD67-4DB0-933F-AD2D619E4EF6.smsbundle/BODY",0,da26a8b89125cc426049955e2e652058
Photos Memories/HE/Body,HE Body28a.m4a,HE Body28a,HE_Body28a.m4a,"23G83__iPhone18,2/System/Library/Photos/Resources/FlexAudio/AAE4E824-DD67-4DB0-933F-AD2D619E4EF6.smsbundle/BODY/HE_Body28a.m4a","23G83__iPhone18,2/System/Library/Photos/Resources/FlexAudio/AAE4E824-DD67-4DB0-933F-AD2D619E4EF6.smsbundle/BODY",0,5112113f99323d907f1ad5e92bd9f078
Photos Memories/HE/Body,HE Body30a.m4a,HE Body30a,HE_Body30a.m4a,"23G83__iPhone18,2/System/Library/Photos/Resources/FlexAudio/AAE4E824-DD67-4DB0-933F-AD2D619E4EF6.smsbundle/BODY/HE_Body30a.m4a","23G83__iPhone18,2/System/Library/Photos/Resources/FlexAudio/AAE4E824-DD67-4DB0-933F-AD2D619E4EF6.smsbundle/BODY",0,9fb1ecc48e285958d6ebdf07a140f0cb
Photos Memories/HE/Body,HE Body4a.m4a,HE Body4a,HE_Body4a.m4a,"23G83__iPhone18,2/System/Library/Photos/Resources/FlexAudio/AAE4E824-DD67-4DB0-933F-AD2D619E4EF6.smsbundle/BODY/HE_Body4a.m4a","23G83__iPhone18,2/System/Library/Photos/Resources/FlexAudio/AAE4E824-DD67-4DB0-933F-AD2D619E4EF6.smsbundle/BODY",0,6d38369005fbaccd805670e629579e80
Photos Memories/HE/Body,HE Body60a.m4a,HE Body60a,HE_Body60a.m4a,"23G83__iPhone18,2/System/Library/Photos/Resources/FlexAudio/AAE4E824-DD67-4DB0-933F-AD2D619E4EF6.smsbundle/BODY/HE_Body60a.m4a","23G83__iPhone18,2/System/Library/Photos/Resources/FlexAudio/AAE4E824-DD67-4DB0-933F-AD2D619E4EF6.smsbundle/BODY",0,708c755a4acbd71d95f6c050eee985c7
Photos Memories/HE/Body,HE Body60b.m4a,HE Body60b,HE_Body60b.m4a,"23G83__iPhone18,2/System/Library/Photos/Resources/FlexAudio/AAE4E824-DD67-4DB0-933F-AD2D619E4EF6.smsbundle/BODY/HE_Body60b.m4a","23G83__iPhone18,2/System/Library/Photos/Resources/FlexAudio/AAE4E824-DD67-4DB0-933F-AD2D619E4EF6.smsbundle/BODY",0,2c862c8a9126a168fbbbba934edda4bb
Photos Memories/HE/Body,HE Body60c.m4a,HE Body60c,HE_Body60c.m4a,"23G83__iPhone18,2/System/Library/Photos/Resources/FlexAudio/AAE4E824-DD67-4DB0-933F-AD2D619E4EF6.smsbundle/BODY/HE_Body60c.m4a","23G83__iPhone18,2/System/Library/Photos/Resources/FlexAudio/AAE4E824-DD67-4DB0-933F-AD2D619E4EF6.smsbundle/BODY",0,ca0f1f6090da9949f7d056372b0fd3a7
Photos Memories/HE/Body,HE Body60d.m4a,HE Body60d,HE_Body60d.m4a,"23G83__iPhone18,2/System/Library/Photos/Resources/FlexAudio/AAE4E824-DD67-4DB0-933F-AD2D619E4EF6.smsbundle/BODY/HE_Body60d.m4a","23G83__iPhone18,2/System/Library/Photos/Resources/FlexAudio/AAE4E824-DD67-4DB0-933F-AD2D619E4EF6.smsbundle/BODY",0,291746a668e0853d831ba57ad3df3844
Photos Memories/HE/Body,HE Body60e.m4a,HE Body60e,HE_Body60e.m4a,"23G83__iPhone18,2/System/Library/Photos/Resources/FlexAudio/AAE4E824-DD67-4DB0-933F-AD2D619E4EF6.smsbundle/BODY/HE_Body60e.m4a","23G83__iPhone18,2/System/Library/Photos/Resources/FlexAudio/AAE4E824-DD67-4DB0-933F-AD2D619E4EF6.smsbundle/BODY",0,b768352d53ac7b7c56c4e7cac8a8a3ab
Photos Memories/HE/Body,HE Body60f.m4a,HE Body60f,HE_Body60f.m4a,"23G83__iPhone18,2/System/Library/Photos/Resources/FlexAudio/AAE4E824-DD67-4DB0-933F-AD2D619E4EF6.smsbundle/BODY/HE_Body60f.m4a","23G83__iPhone18,2/System/Library/Photos/Resources/FlexAudio/AAE4E824-DD67-4DB0-933F-AD2D619E4EF6.smsbundle/BODY",0,566cc5849fd89be0488ecba3cee5d1ba
Photos Memories/HE/Body,HE Body60g.m4a,HE Body60g,HE_Body60g.m4a,"23G83__iPhone18,2/System/Library/Photos/Resources/FlexAudio/AAE4E824-DD67-4DB0-933F-AD2D619E4EF6.smsbundle/BODY/HE_Body60g.m4a","23G83__iPhone18,2/System/Library/Photos/Resources/FlexAudio/AAE4E824-DD67-4DB0-933F-AD2D619E4EF6.smsbundle/BODY",0,85fce06f0ed39d79c5b9184cc927392b
Photos Memories/HE/Body,HE Body60h.m4a,HE Body60h,HE_Body60h.m4a,"23G83__iPhone18,2/System/Library/Photos/Resources/FlexAudio/AAE4E824-DD67-4DB0-933F-AD2D619E4EF6.smsbundle/BODY/HE_Body60h.m4a","23G83__iPhone18,2/System/Library/Photos/Resources/FlexAudio/AAE4E824-DD67-4DB0-933F-AD2D619E4EF6.smsbundle/BODY",0,02764895668f6f1560442c1fbc79bec9
Photos Memories/HE/Body,HE Body60i.m4a,HE Body60i,HE_Body60i.m4a,"23G83__iPhone18,2/System/Library/Photos/Resources/FlexAudio/AAE4E824-DD67-4DB0-933F-AD2D619E4EF6.smsbundle/BODY/HE_Body60i.m4a","23G83__iPhone18,2/System/Library/Photos/Resources/FlexAudio/AAE4E824-DD67-4DB0-933F-AD2D619E4EF6.smsbundle/BODY",0,ba6fed3d2632970c41b75cf0f00b7eab
Photos Memories/HE/Body,HE Body60j.m4a,HE Body60j,HE_Body60j.m4a,"23G83__iPhone18,2/System/Library/Photos/Resources/FlexAudio/AAE4E824-DD67-4DB0-933F-AD2D619E4EF6.smsbundle/BODY/HE_Body60j.m4a","23G83__iPhone18,2/System/Library/Photos/Resources/FlexAudio/AAE4E824-DD67-4DB0-933F-AD2D619E4EF6.smsbundle/BODY",0,1721c13b47f801bb7cd958febd1bcb5e
Photos Memories/HE/Body,HE Body60k.m4a,HE Body60k,HE_Body60k.m4a,"23G83__iPhone18,2/System/Library/Photos/Resources/FlexAudio/AAE4E824-DD67-4DB0-933F-AD2D619E4EF6.smsbundle/BODY/HE_Body60k.m4a","23G83__iPhone18,2/System/Library/Photos/Resources/FlexAudio/AAE4E824-DD67-4DB0-933F-AD2D619E4EF6.smsbundle/BODY",0,e7b03b49984223b4739831aa6311ba93
Photos Memories/HE/Body,HE Body60l.m4a,HE Body60l,HE_Body60l.m4a,"23G83__iPhone18,2/System/Library/Photos/Resources/FlexAudio/AAE4E824-DD67-4DB0-933F-AD2D619E4EF6.smsbundle/BODY/HE_Body60l.m4a","23G83__iPhone18,2/System/Library/Photos/Resources/FlexAudio/AAE4E824-DD67-4DB0-933F-AD2D619E4EF6.smsbundle/BODY",0,c1a54e013a9e2a3a8dc6a0817430bb73
Photos Memories/HE/Body,HE Body60m.m4a,HE Body60m,HE_Body60m.m4a,"23G83__iPhone18,2/System/Library/Photos/Resources/FlexAudio/AAE4E824-DD67-4DB0-933F-AD2D619E4EF6.smsbundle/BODY/HE_Body60m.m4a","23G83__iPhone18,2/System/Library/Photos/Resources/FlexAudio/AAE4E824-DD67-4DB0-933F-AD2D619E4EF6.smsbundle/BODY",0,c7d9bdad59f86010e7753e7bb14c42c6
Photos Memories/HE/Body,HE Body60n.m4a,HE Body60n,HE_Body60n.m4a,"23G83__iPhone18,2/System/Library/Photos/Resources/FlexAudio/AAE4E824-DD67-4DB0-933F-AD2D619E4EF6.smsbundle/BODY/HE_Body60n.m4a","23G83__iPhone18,2/System/Library/Photos/Resources/FlexAudio/AAE4E824-DD67-4DB0-933F-AD2D619E4EF6.smsbundle/BODY",0,0cfc9d033ebc7ee4e9a0bf17f86c73cb
Photos Memories/HE/Body,HE Body6a.m4a,HE Body6a,HE_Body6a.m4a,"23G83__iPhone18,2/System/Library/Photos/Resources/FlexAudio/AAE4E824-DD67-4DB0-933F-AD2D619E4EF6.smsbundle/BODY/HE_Body6a.m4a","23G83__iPhone18,2/System/Library/Photos/Resources/FlexAudio/AAE4E824-DD67-4DB0-933F-AD2D619E4EF6.smsbundle/BODY",0,e9bd1cc0d2ab0ea6b72a26561d8b3085
Photos Memories/HE/Body,HE Body71a.m4a,HE Body71a,HE_Body71a.m4a,"23G83__iPhone18,2/System/Library/Photos/Resources/FlexAudio/AAE4E824-DD67-4DB0-933F-AD2D619E4EF6.smsbundle/BODY/HE_Body71a.m4a","23G83__iPhone18,2/System/Library/Photos/Resources/FlexAudio/AAE4E824-DD67-4DB0-933F-AD2D619E4EF6.smsbundle/BODY",0,d85f3f97f96b0b74339b086ed9da84b4
Photos Memories/HE/Body,HE Body8a.m4a,HE Body8a,HE_Body8a.m4a,"23G83__iPhone18,2/System/Library/Photos/Resources/FlexAudio/AAE4E824-DD67-4DB0-933F-AD2D619E4EF6.smsbundle/BODY/HE_Body8a.m4a","23G83__iPhone18,2/System/Library/Photos/Resources/FlexAudio/AAE4E824-DD67-4DB0-933F-AD2D619E4EF6.smsbundle/BODY",0,f8dcc6b2a2cb521e088edf51339adaed
Photos Memories/HE/Intro,HE In4a3529.m4a,HE In4a3529,HE_In4a3529.m4a,"23G83__iPhone18,2/System/Library/Photos/Resources/FlexAudio/AAE4E824-DD67-4DB0-933F-AD2D619E4EF6.smsbundle/INTRO/HE_In4a3529.m4a","23G83__iPhone18,2/System/Library/Photos/Resources/FlexAudio/AAE4E824-DD67-4DB0-933F-AD2D619E4EF6.smsbundle/INTRO",0,cc6561f516c1833207df8277d625b220
Photos Memories/HE/Intro,HE In4a3s.m4a,HE In4a3s,HE_In4a3s.m4a,"23G83__iPhone18,2/System/Library/Photos/Resources/FlexAudio/AAE4E824-DD67-4DB0-933F-AD2D619E4EF6.smsbundle/INTRO/HE_In4a3s.m4a","23G83__iPhone18,2/System/Library/Photos/Resources/FlexAudio/AAE4E824-DD67-4DB0-933F-AD2D619E4EF6.smsbundle/INTRO",0,4fef4eae61be2cc6e1168812bff10a22
Photos Memories/HE/Intro,HE In4a4235.m4a,HE In4a4235,HE_In4a4235.m4a,"23G83__iPhone18,2/System/Library/Photos/Resources/FlexAudio/AAE4E824-DD67-4DB0-933F-AD2D619E4EF6.smsbundle/INTRO/HE_In4a4235.m4a","23G83__iPhone18,2/System/Library/Photos/Resources/FlexAudio/AAE4E824-DD67-4DB0-933F-AD2D619E4EF6.smsbundle/INTRO",0,788d64ca33f3c6aff7a84c67a97a07af
Photos Memories/HE/Intro,HE In4a5647.m4a,HE In4a5647,HE_In4a5647.m4a,"23G83__iPhone18,2/System/Library/Photos/Resources/FlexAudio/AAE4E824-DD67-4DB0-933F-AD2D619E4EF6.smsbundle/INTRO/HE_In4a5647.m4a","23G83__iPhone18,2/System/Library/Photos/Resources/FlexAudio/AAE4E824-DD67-4DB0-933F-AD2D619E4EF6.smsbundle/INTRO",0,e361dc8a22574a47ce3ebca01cffac7d
Photos Memories/HE/Intro,HE In5a1056.m4a,HE In5a1056,HE_In5a1056.m4a,"23G83__iPhone18,2/System/Library/Photos/Resources/FlexAudio/AAE4E824-DD67-4DB0-933F-AD2D619E4EF6.smsbundle/INTRO/HE_In5a1056.m4a","23G83__iPhone18,2/System/Library/Photos/Resources/FlexAudio/AAE4E824-DD67-4DB0-933F-AD2D619E4EF6.smsbundle/INTRO",0,d9a4bab24667b0f50dacab0ae85b7704
Photos Memories/HE/Intro,HE In5a1279.m4a,HE In5a1279,HE_In5a1279.m4a,"23G83__iPhone18,2/System/Library/Photos/Resources/FlexAudio/AAE4E824-DD67-4DB0-933F-AD2D619E4EF6.smsbundle/INTRO/HE_In5a1279.m4a","23G83__iPhone18,2/System/Library/Photos/Resources/FlexAudio/AAE4E824-DD67-4DB0-933F-AD2D619E4EF6.smsbundle/INTRO",0,62d7d051ef1854457452e7b55385084b
Photos Memories/HE/Intro,HE In5a175.m4a,HE In5a175,HE_In5a175.m4a,"23G83__iPhone18,2/System/Library/Photos/Resources/FlexAudio/AAE4E824-DD67-4DB0-933F-AD2D619E4EF6.smsbundle/INTRO/HE_In5a175.m4a","23G83__iPhone18,2/System/Library/Photos/Resources/FlexAudio/AAE4E824-DD67-4DB0-933F-AD2D619E4EF6.smsbundle/INTRO",0,d4ea912c7fc484a7497091644d5c91f4
Photos Memories/HE/Intro,HE In5a264s.m4a,HE In5a264s,HE_In5a264s.m4a,"23G83__iPhone18,2/System/Library/Photos/Resources/FlexAudio/AAE4E824-DD67-4DB0-933F-AD2D619E4EF6.smsbundle/INTRO/HE_In5a264s.m4a","23G83__iPhone18,2/System/Library/Photos/Resources/FlexAudio/AAE4E824-DD67-4DB0-933F-AD2D619E4EF6.smsbundle/INTRO",0,1c02ccad50ff0914acf1eceb9bdeedd0
Photos Memories/HE/Intro,HE In5a836.m4a,HE In5a836,HE_In5a836.m4a,"23G83__iPhone18,2/System/Library/Photos/Resources/FlexAudio/AAE4E824-DD67-4DB0-933F-AD2D619E4EF6.smsbundle/INTRO/HE_In5a836.m4a","23G83__iPhone18,2/System/Library/Photos/Resources/FlexAudio/AAE4E824-DD67-4DB0-933F-AD2D619E4EF6.smsbundle/INTRO",0,adc2b828ff483a8373d4d9ec9fa3fe26
Photos Memories/HE/Outro,HE Out10a.m4a,HE Out10a,HE_Out10a.m4a,"23G83__iPhone18,2/System/Library/Photos/Resources/FlexAudio/AAE4E824-DD67-4DB0-933F-AD2D619E4EF6.smsbundle/OUTRO/HE_Out10a.m4a","23G83__iPhone18,2/System/Library/Photos/Resources/FlexAudio/AAE4E824-DD67-4DB0-933F-AD2D619E4EF6.smsbundle/OUTRO",0,d520859c1b65407d21c1b9b0bb48e3e8
Photos Memories/HE/Outro,HE Out12a.m4a,HE Out12a,HE_Out12a.m4a,"23G83__iPhone18,2/System/Library/Photos/Resources/FlexAudio/AAE4E824-DD67-4DB0-933F-AD2D619E4EF6.smsbundle/OUTRO/HE_Out12a.m4a","23G83__iPhone18,2/System/Library/Photos/Resources/FlexAudio/AAE4E824-DD67-4DB0-933F-AD2D619E4EF6.smsbundle/OUTRO",0,05cc146ce2dc6f7067cbc292a597d96b
Photos Memories/HE/Outro,HE Out14a.m4a,HE Out14a,HE_Out14a.m4a,"23G83__iPhone18,2/System/Library/Photos/Resources/FlexAudio/AAE4E824-DD67-4DB0-933F-AD2D619E4EF6.smsbundle/OUTRO/HE_Out14a.m4a","23G83__iPhone18,2/System/Library/Photos/Resources/FlexAudio/AAE4E824-DD67-4DB0-933F-AD2D619E4EF6.smsbundle/OUTRO",0,c14c33a275b7fb8f77b9deeea88ce850
Photos Memories/HE/Outro,HE Out16a.m4a,HE Out16a,HE_Out16a.m4a,"23G83__iPhone18,2/System/Library/Photos/Resources/FlexAudio/AAE4E824-DD67-4DB0-933F-AD2D619E4EF6.smsbundle/OUTRO/HE_Out16a.m4a","23G83__iPhone18,2/System/Library/Photos/Resources/FlexAudio/AAE4E824-DD67-4DB0-933F-AD2D619E4EF6.smsbundle/OUTRO",0,18f8f896f037d66df1d46884ce873a54
Photos Memories/HE/Outro,HE Out18a.m4a,HE Out18a,HE_Out18a.m4a,"23G83__iPhone18,2/System/Library/Photos/Resources/FlexAudio/AAE4E824-DD67-4DB0-933F-AD2D619E4EF6.smsbundle/OUTRO/HE_Out18a.m4a","23G83__iPhone18,2/System/Library/Photos/Resources/FlexAudio/AAE4E824-DD67-4DB0-933F-AD2D619E4EF6.smsbundle/OUTRO",0,899d797860c28ff509a58c0277688939
Photos Memories/HE/Outro,HE Out20a.m4a,HE Out20a,HE_Out20a.m4a,"23G83__iPhone18,2/System/Library/Photos/Resources/FlexAudio/AAE4E824-DD67-4DB0-933F-AD2D619E4EF6.smsbundle/OUTRO/HE_Out20a.m4a","23G83__iPhone18,2/System/Library/Photos/Resources/FlexAudio/AAE4E824-DD67-4DB0-933F-AD2D619E4EF6.smsbundle/OUTRO",0,f6f37f58ef875f6541dda03a8f7936dc
Photos Memories/HE/Outro,HE Out22a.m4a,HE Out22a,HE_Out22a.m4a,"23G83__iPhone18,2/System/Library/Photos/Resources/FlexAudio/AAE4E824-DD67-4DB0-933F-AD2D619E4EF6.smsbundle/OUTRO/HE_Out22a.m4a","23G83__iPhone18,2/System/Library/Photos/Resources/FlexAudio/AAE4E824-DD67-4DB0-933F-AD2D619E4EF6.smsbundle/OUTRO",0,366317df5f997f0f6413d47d3a38e0a2
Photos Memories/HE/Outro,HE Out24a.m4a,HE Out24a,HE_Out24a.m4a,"23G83__iPhone18,2/System/Library/Photos/Resources/FlexAudio/AAE4E824-DD67-4DB0-933F-AD2D619E4EF6.smsbundle/OUTRO/HE_Out24a.m4a","23G83__iPhone18,2/System/Library/Photos/Resources/FlexAudio/AAE4E824-DD67-4DB0-933F-AD2D619E4EF6.smsbundle/OUTRO",0,6f0d815d90b568cf09462b30066f330c
Photos Memories/HE/Outro,HE Out24ab.m4a,HE Out24ab,HE_Out24ab.m4a,"23G83__iPhone18,2/System/Library/Photos/Resources/FlexAudio/AAE4E824-DD67-4DB0-933F-AD2D619E4EF6.smsbundle/OUTRO/HE_Out24ab.m4a","23G83__iPhone18,2/System/Library/Photos/Resources/FlexAudio/AAE4E824-DD67-4DB0-933F-AD2D619E4EF6.smsbundle/OUTRO",0,985c419dffb9cba55a1df6ee9f467c38
Photos Memories/HE/Outro,HE Out26a.m4a,HE Out26a,HE_Out26a.m4a,"23G83__iPhone18,2/System/Library/Photos/Resources/FlexAudio/AAE4E824-DD67-4DB0-933F-AD2D619E4EF6.smsbundle/OUTRO/HE_Out26a.m4a","23G83__iPhone18,2/System/Library/Photos/Resources/FlexAudio/AAE4E824-DD67-4DB0-933F-AD2D619E4EF6.smsbundle/OUTRO",0,2fd7f3501073cae03e86432d48da7596
Photos Memories/HE/Outro,HE Out28a.m4a,HE Out28a,HE_Out28a.m4a,"23G83__iPhone18,2/System/Library/Photos/Resources/FlexAudio/AAE4E824-DD67-4DB0-933F-AD2D619E4EF6.smsbundle/OUTRO/HE_Out28a.m4a","23G83__iPhone18,2/System/Library/Photos/Resources/FlexAudio/AAE4E824-DD67-4DB0-933F-AD2D619E4EF6.smsbundle/OUTRO",0,19e0800dfc02a67c10e3de1a26b69087
Photos Memories/HE/Outro,HE Out30a.m4a,HE Out30a,HE_Out30a.m4a,"23G83__iPhone18,2/System/Library/Photos/Resources/FlexAudio/AAE4E824-DD67-4DB0-933F-AD2D619E4EF6.smsbundle/OUTRO/HE_Out30a.m4a","23G83__iPhone18,2/System/Library/Photos/Resources/FlexAudio/AAE4E824-DD67-4DB0-933F-AD2D619E4EF6.smsbundle/OUTRO",0,9bca3e6a187ac9b7b1e21e213484c999
Photos Memories/HE/Outro,HE Out4a.m4a,HE Out4a,HE_Out4a.m4a,"23G83__iPhone18,2/System/Library/Photos/Resources/FlexAudio/AAE4E824-DD67-4DB0-933F-AD2D619E4EF6.smsbundle/OUTRO/HE_Out4a.m4a","23G83__iPhone18,2/System/Library/Photos/Resources/FlexAudio/AAE4E824-DD67-4DB0-933F-AD2D619E4EF6.smsbundle/OUTRO",0,b007febe5e320b247e18b2ac625fdb96
Photos Memories/HE/Outro,HE Out5a.m4a,HE Out5a,HE_Out5a.m4a,"23G83__iPhone18,2/System/Library/Photos/Resources/FlexAudio/AAE4E824-DD67-4DB0-933F-AD2D619E4EF6.smsbundle/OUTRO/HE_Out5a.m4a","23G83__iPhone18,2/System/Library/Photos/Resources/FlexAudio/AAE4E824-DD67-4DB0-933F-AD2D619E4EF6.smsbundle/OUTRO",0,f5420dee1edb34d606472e6002b3c2dd
Photos Memories/HE/Outro,HE Out60aa.m4a,HE Out60aa,HE_Out60aa.m4a,"23G83__iPhone18,2/System/Library/Photos/Resources/FlexAudio/AAE4E824-DD67-4DB0-933F-AD2D619E4EF6.smsbundle/OUTRO/HE_Out60aa.m4a","23G83__iPhone18,2/System/Library/Photos/Resources/FlexAudio/AAE4E824-DD67-4DB0-933F-AD2D619E4EF6.smsbundle/OUTRO",0,0c8688aa89b6686de86338d4174e82be
Photos Memories/HE/Outro,HE Out60ab.m4a,HE Out60ab,HE_Out60ab.m4a,"23G83__iPhone18,2/System/Library/Photos/Resources/FlexAudio/AAE4E824-DD67-4DB0-933F-AD2D619E4EF6.smsbundle/OUTRO/HE_Out60ab.m4a","23G83__iPhone18,2/System/Library/Photos/Resources/FlexAudio/AAE4E824-DD67-4DB0-933F-AD2D619E4EF6.smsbundle/OUTRO",0,88565c155bdbc427b41244d71d32cb9c
Photos Memories/HE/Outro,HE Out60ac.m4a,HE Out60ac,HE_Out60ac.m4a,"23G83__iPhone18,2/System/Library/Photos/Resources/FlexAudio/AAE4E824-DD67-4DB0-933F-AD2D619E4EF6.smsbundle/OUTRO/HE_Out60ac.m4a","23G83__iPhone18,2/System/Library/Photos/Resources/FlexAudio/AAE4E824-DD67-4DB0-933F-AD2D619E4EF6.smsbundle/OUTRO",0,f5945bc538c9d124a8bd44d978568871
Photos Memories/HE/Outro,HE Out60ad.m4a,HE Out60ad,HE_Out60ad.m4a,"23G83__iPhone18,2/System/Library/Photos/Resources/FlexAudio/AAE4E824-DD67-4DB0-933F-AD2D619E4EF6.smsbundle/OUTRO/HE_Out60ad.m4a","23G83__iPhone18,2/System/Library/Photos/Resources/FlexAudio/AAE4E824-DD67-4DB0-933F-AD2D619E4EF6.smsbundle/OUTRO",0,17cccffe594096e7e92dcdfe59fbcb3e
Photos Memories/HE/Outro,HE Out60ae.m4a,HE Out60ae,HE_Out60ae.m4a,"23G83__iPhone18,2/System/Library/Photos/Resources/FlexAudio/AAE4E824-DD67-4DB0-933F-AD2D619E4EF6.smsbundle/OUTRO/HE_Out60ae.m4a","23G83__iPhone18,2/System/Library/Photos/Resources/FlexAudio/AAE4E824-DD67-4DB0-933F-AD2D619E4EF6.smsbundle/OUTRO",0,f6ddfb62175427cfc07da68d66c55ab9
Photos Memories/HE/Outro,HE Out60af.m4a,HE Out60af,HE_Out60af.m4a,"23G83__iPhone18,2/System/Library/Photos/Resources/FlexAudio/AAE4E824-DD67-4DB0-933F-AD2D619E4EF6.smsbundle/OUTRO/HE_Out60af.m4a","23G83__iPhone18,2/System/Library/Photos/Resources/FlexAudio/AAE4E824-DD67-4DB0-933F-AD2D619E4EF6.smsbundle/OUTRO",0,24ba22433944260a44d4481238bb5ccf
Photos Memories/HE/Outro,HE Out60ag.m4a,HE Out60ag,HE_Out60ag.m4a,"23G83__iPhone18,2/System/Library/Photos/Resources/FlexAudio/AAE4E824-DD67-4DB0-933F-AD2D619E4EF6.smsbundle/OUTRO/HE_Out60ag.m4a","23G83__iPhone18,2/System/Library/Photos/Resources/FlexAudio/AAE4E824-DD67-4DB0-933F-AD2D619E4EF6.smsbundle/OUTRO",0,03328b4506cc8e3411ac616ceb30c792
Photos Memories/HE/Outro,HE Out60ah.m4a,HE Out60ah,HE_Out60ah.m4a,"23G83__iPhone18,2/System/Library/Photos/Resources/FlexAudio/AAE4E824-DD67-4DB0-933F-AD2D619E4EF6.smsbundle/OUTRO/HE_Out60ah.m4a","23G83__iPhone18,2/System/Library/Photos/Resources/FlexAudio/AAE4E824-DD67-4DB0-933F-AD2D619E4EF6.smsbundle/OUTRO",0,812873f0196c00b3d4a417726351a321
Photos Memories/HE/Outro,HE Out60ai.m4a,HE Out60ai,HE_Out60ai.m4a,"23G83__iPhone18,2/System/Library/Photos/Resources/FlexAudio/AAE4E824-DD67-4DB0-933F-AD2D619E4EF6.smsbundle/OUTRO/HE_Out60ai.m4a","23G83__iPhone18,2/System/Library/Photos/Resources/FlexAudio/AAE4E824-DD67-4DB0-933F-AD2D619E4EF6.smsbundle/OUTRO",0,9bf2606c0c549c744b9d9c93761b4812
Photos Memories/HE/Outro,HE Out60aj.m4a,HE Out60aj,HE_Out60aj.m4a,"23G83__iPhone18,2/System/Library/Photos/Resources/FlexAudio/AAE4E824-DD67-4DB0-933F-AD2D619E4EF6.smsbundle/OUTRO/HE_Out60aj.m4a","23G83__iPhone18,2/System/Library/Photos/Resources/FlexAudio/AAE4E824-DD67-4DB0-933F-AD2D619E4EF6.smsbundle/OUTRO",0,30e09b1f58f0acf985cae568b7fece88
Photos Memories/HE/Outro,HE Out60ak.m4a,HE Out60ak,HE_Out60ak.m4a,"23G83__iPhone18,2/System/Library/Photos/Resources/FlexAudio/AAE4E824-DD67-4DB0-933F-AD2D619E4EF6.smsbundle/OUTRO/HE_Out60ak.m4a","23G83__iPhone18,2/System/Library/Photos/Resources/FlexAudio/AAE4E824-DD67-4DB0-933F-AD2D619E4EF6.smsbundle/OUTRO",0,ea5494fac4abc12a4f489ccd717d621e
Photos Memories/HE/Outro,HE Out60al.m4a,HE Out60al,HE_Out60al.m4a,"23G83__iPhone18,2/System/Library/Photos/Resources/FlexAudio/AAE4E824-DD67-4DB0-933F-AD2D619E4EF6.smsbundle/OUTRO/HE_Out60al.m4a","23G83__iPhone18,2/System/Library/Photos/Resources/FlexAudio/AAE4E824-DD67-4DB0-933F-AD2D619E4EF6.smsbundle/OUTRO",0,9886d2eed432589287a9d1910abd0fab
Photos Memories/HE/Outro,HE Out60am.m4a,HE Out60am,HE_Out60am.m4a,"23G83__iPhone18,2/System/Library/Photos/Resources/FlexAudio/AAE4E824-DD67-4DB0-933F-AD2D619E4EF6.smsbundle/OUTRO/HE_Out60am.m4a","23G83__iPhone18,2/System/Library/Photos/Resources/FlexAudio/AAE4E824-DD67-4DB0-933F-AD2D619E4EF6.smsbundle/OUTRO",0,174ad407bf5f5707359599a35ef531a4
Photos Memories/HE/Outro,HE Out60an.m4a,HE Out60an,HE_Out60an.m4a,"23G83__iPhone18,2/System/Library/Photos/Resources/FlexAudio/AAE4E824-DD67-4DB0-933F-AD2D619E4EF6.smsbundle/OUTRO/HE_Out60an.m4a","23G83__iPhone18,2/System/Library/Photos/Resources/FlexAudio/AAE4E824-DD67-4DB0-933F-AD2D619E4EF6.smsbundle/OUTRO",0,20942d665c4fc048c0f00e0af93154ad
Photos Memories/HE/Outro,HE Out60n.m4a,HE Out60n,HE_Out60n.m4a,"23G83__iPhone18,2/System/Library/Photos/Resources/FlexAudio/AAE4E824-DD67-4DB0-933F-AD2D619E4EF6.smsbundle/OUTRO/HE_Out60n.m4a","23G83__iPhone18,2/System/Library/Photos/Resources/FlexAudio/AAE4E824-DD67-4DB0-933F-AD2D619E4EF6.smsbundle/OUTRO",0,e13f3a87f9f4c056996e996d70764218
Photos Memories/HE/Outro,HE Out6a.m4a,HE Out6a,HE_Out6a.m4a,"23G83__iPhone18,2/System/Library/Photos/Resources/FlexAudio/AAE4E824-DD67-4DB0-933F-AD2D619E4EF6.smsbundle/OUTRO/HE_Out6a.m4a","23G83__iPhone18,2/System/Library/Photos/Resources/FlexAudio/AAE4E824-DD67-4DB0-933F-AD2D619E4EF6.smsbundle/OUTRO",0,c86b9c1f9decea8dd9e0c678b1ccefee
Photos Memories/HE/Outro,HE Out6ab.m4a,HE Out6ab,HE_Out6ab.m4a,"23G83__iPhone18,2/System/Library/Photos/Resources/FlexAudio/AAE4E824-DD67-4DB0-933F-AD2D619E4EF6.smsbundle/OUTRO/HE_Out6ab.m4a","23G83__iPhone18,2/System/Library/Photos/Resources/FlexAudio/AAE4E824-DD67-4DB0-933F-AD2D619E4EF6.smsbundle/OUTRO",0,b614aa7fbf0e692386b6600cb14c1364
Photos Memories/HE/Outro,HE Out6ac.m4a,HE Out6ac,HE_Out6ac.m4a,"23G83__iPhone18,2/System/Library/Photos/Resources/FlexAudio/AAE4E824-DD67-4DB0-933F-AD2D619E4EF6.smsbundle/OUTRO/HE_Out6ac.m4a","23G83__iPhone18,2/System/Library/Photos/Resources/FlexAudio/AAE4E824-DD67-4DB0-933F-AD2D619E4EF6.smsbundle/OUTRO",0,150d33502a7ad2e9b2b34b16866137a5
Photos Memories/HE/Outro,HE Out6ad.m4a,HE Out6ad,HE_Out6ad.m4a,"23G83__iPhone18,2/System/Library/Photos/Resources/FlexAudio/AAE4E824-DD67-4DB0-933F-AD2D619E4EF6.smsbundle/OUTRO/HE_Out6ad.m4a","23G83__iPhone18,2/System/Library/Photos/Resources/FlexAudio/AAE4E824-DD67-4DB0-933F-AD2D619E4EF6.smsbundle/OUTRO",0,363877e94b811b0c848bf8624407d378
Photos Memories/HE/Outro,HE Out71aa.m4a,HE Out71aa,HE_Out71aa.m4a,"23G83__iPhone18,2/System/Library/Photos/Resources/FlexAudio/AAE4E824-DD67-4DB0-933F-AD2D619E4EF6.smsbundle/OUTRO/HE_Out71aa.m4a","23G83__iPhone18,2/System/Library/Photos/Resources/FlexAudio/AAE4E824-DD67-4DB0-933F-AD2D619E4EF6.smsbundle/OUTRO",0,6a02e7b3e8fbfdafe27259eef3de80a7
Photos Memories/HE/Outro,HE Out71ab.m4a,HE Out71ab,HE_Out71ab.m4a,"23G83__iPhone18,2/System/Library/Photos/Resources/FlexAudio/AAE4E824-DD67-4DB0-933F-AD2D619E4EF6.smsbundle/OUTRO/HE_Out71ab.m4a","23G83__iPhone18,2/System/Library/Photos/Resources/FlexAudio/AAE4E824-DD67-4DB0-933F-AD2D619E4EF6.smsbundle/OUTRO",0,72601af26768631f5822788d48722de3
Photos Memories/HE/Outro,HE Out8a.m4a,HE Out8a,HE_Out8a.m4a,"23G83__iPhone18,2/System/Library/Photos/Resources/FlexAudio/AAE4E824-DD67-4DB0-933F-AD2D619E4EF6.smsbundle/OUTRO/HE_Out8a.m4a","23G83__iPhone18,2/System/Library/Photos/Resources/FlexAudio/AAE4E824-DD67-4DB0-933F-AD2D619E4EF6.smsbundle/OUTRO",0,fd2b53e4aadaa7af6993f05122e5d1a6
Photos Memories/HE/Outro,HE Out90a.m4a,HE Out90a,HE_Out90a.m4a,"23G83__iPhone18,2/System/Library/Photos/Resources/FlexAudio/AAE4E824-DD67-4DB0-933F-AD2D619E4EF6.smsbundle/OUTRO/HE_Out90a.m4a","23G83__iPhone18,2/System/Library/Photos/Resources/FlexAudio/AAE4E824-DD67-4DB0-933F-AD2D619E4EF6.smsbundle/OUTRO",0,fbd70b90e4e4525c4654dcfc8e96cbec
Photos Memories/HE/Transition,HE Trans12to60.m4a,HE Trans12to60,HE_Trans12to60.m4a,"23G83__iPhone18,2/System/Library/Photos/Resources/FlexAudio/AAE4E824-DD67-4DB0-933F-AD2D619E4EF6.smsbundle/TRANS/HE_Trans12to60.m4a","23G83__iPhone18,2/System/Library/Photos/Resources/FlexAudio/AAE4E824-DD67-4DB0-933F-AD2D619E4EF6.smsbundle/TRANS",1,59f98c0dccad54238771dc6d6e55fbe4
Photos Memories/HE/Transition,HE Trans18to60.m4a,HE Trans18to60,HE_Trans18to60.m4a,"23G83__iPhone18,2/System/Library/Photos/Resources/FlexAudio/AAE4E824-DD67-4DB0-933F-AD2D619E4EF6.smsbundle/TRANS/HE_Trans18to60.m4a","23G83__iPhone18,2/System/Library/Photos/Resources/FlexAudio/AAE4E824-DD67-4DB0-933F-AD2D619E4EF6.smsbundle/TRANS",0,91600b7bcbd53ccefe11dabed918a5c5
Photos Memories/HE/Transition,HE Trans20to60.m4a,HE Trans20to60,HE_Trans20to60.m4a,"23G83__iPhone18,2/System/Library/Photos/Resources/FlexAudio/AAE4E824-DD67-4DB0-933F-AD2D619E4EF6.smsbundle/TRANS/HE_Trans20to60.m4a","23G83__iPhone18,2/System/Library/Photos/Resources/FlexAudio/AAE4E824-DD67-4DB0-933F-AD2D619E4EF6.smsbundle/TRANS",0,9ccd6ccd59cdf6b33b3d2bfb77d067fb
Photos Memories/HE/Transition,HE Trans30to60.m4a,HE Trans30to60,HE_Trans30to60.m4a,"23G83__iPhone18,2/System/Library/Photos/Resources/FlexAudio/AAE4E824-DD67-4DB0-933F-AD2D619E4EF6.smsbundle/TRANS/HE_Trans30to60.m4a","23G83__iPhone18,2/System/Library/Photos/Resources/FlexAudio/AAE4E824-DD67-4DB0-933F-AD2D619E4EF6.smsbundle/TRANS",0,7f5843d0f7adac5cc1f38eb7471ec98b
Photos Memories/HE/Transition,HE Trans30to71.m4a,HE Trans30to71,HE_Trans30to71.m4a,"23G83__iPhone18,2/System/Library/Photos/Resources/FlexAudio/AAE4E824-DD67-4DB0-933F-AD2D619E4EF6.smsbundle/TRANS/HE_Trans30to71.m4a","23G83__iPhone18,2/System/Library/Photos/Resources/FlexAudio/AAE4E824-DD67-4DB0-933F-AD2D619E4EF6.smsbundle/TRANS",0,25e942215abc12b17d62ba7958144dc6
Photos Memories/CR/Body,CR Body5a.m4a,CR Body5a,CR_Body5a.m4a,"23G83__iPhone18,2/System/Library/Photos/Resources/FlexAudio/C894B320-6211-4AB1-8F74-92D85E5D6416.smsbundle/BODY/CR_Body5a.m4a","23G83__iPhone18,2/System/Library/Photos/Resources/FlexAudio/C894B320-6211-4AB1-8F74-92D85E5D6416.smsbundle/BODY",0,f2e31f66c2b518116ab4b72353fd6fb1
Photos Memories/CR/Body,CR Body5b.m4a,CR Body5b,CR_Body5b.m4a,"23G83__iPhone18,2/System/Library/Photos/Resources/FlexAudio/C894B320-6211-4AB1-8F74-92D85E5D6416.smsbundle/BODY/CR_Body5b.m4a","23G83__iPhone18,2/System/Library/Photos/Resources/FlexAudio/C894B320-6211-4AB1-8F74-92D85E5D6416.smsbundle/BODY",0,1b4badeb23e122eca004b396d0f23cc0
Photos Memories/CR/Body,CR Body5c.m4a,CR Body5c,CR_Body5c.m4a,"23G83__iPhone18,2/System/Library/Photos/Resources/FlexAudio/C894B320-6211-4AB1-8F74-92D85E5D6416.smsbundle/BODY/CR_Body5c.m4a","23G83__iPhone18,2/System/Library/Photos/Resources/FlexAudio/C894B320-6211-4AB1-8F74-92D85E5D6416.smsbundle/BODY",0,c3956d4142eed060e4c4b9d42cc3c703
Photos Memories/CR/Body,CR Body5d.m4a,CR Body5d,CR_Body5d.m4a,"23G83__iPhone18,2/System/Library/Photos/Resources/FlexAudio/C894B320-6211-4AB1-8F74-92D85E5D6416.smsbundle/BODY/CR_Body5d.m4a","23G83__iPhone18,2/System/Library/Photos/Resources/FlexAudio/C894B320-6211-4AB1-8F74-92D85E5D6416.smsbundle/BODY",0,aa5bec24949eebb2c5123f8cf13df82e
Photos Memories/CR/Body,CR Body5e.m4a,CR Body5e,CR_Body5e.m4a,"23G83__iPhone18,2/System/Library/Photos/Resources/FlexAudio/C894B320-6211-4AB1-8F74-92D85E5D6416.smsbundle/BODY/CR_Body5e.m4a","23G83__iPhone18,2/System/Library/Photos/Resources/FlexAudio/C894B320-6211-4AB1-8F74-92D85E5D6416.smsbundle/BODY",0,4c4bbd8b789e6c8a5c18ba80e18c28ff
Photos Memories/CR/Body,CR Body5f.m4a,CR Body5f,CR_Body5f.m4a,"23G83__iPhone18,2/System/Library/Photos/Resources/FlexAudio/C894B320-6211-4AB1-8F74-92D85E5D6416.smsbundle/BODY/CR_Body5f.m4a","23G83__iPhone18,2/System/Library/Photos/Resources/FlexAudio/C894B320-6211-4AB1-8F74-92D85E5D6416.smsbundle/BODY",0,45537050c0786cb0a79cabe65d5d7d68
Photos Memories/CR/Body,CR Body5g.m4a,CR Body5g,CR_Body5g.m4a,"23G83__iPhone18,2/System/Library/Photos/Resources/FlexAudio/C894B320-6211-4AB1-8F74-92D85E5D6416.smsbundle/BODY/CR_Body5g.m4a","23G83__iPhone18,2/System/Library/Photos/Resources/FlexAudio/C894B320-6211-4AB1-8F74-92D85E5D6416.smsbundle/BODY",0,2cb2837ac1901c338f9cac348734d9e3
Photos Memories/CR/Body,CR Body5i.m4a,CR Body5i,CR_Body5i.m4a,"23G83__iPhone18,2/System/Library/Photos/Resources/FlexAudio/C894B320-6211-4AB1-8F74-92D85E5D6416.smsbundle/BODY/CR_Body5i.m4a","23G83__iPhone18,2/System/Library/Photos/Resources/FlexAudio/C894B320-6211-4AB1-8F74-92D85E5D6416.smsbundle/BODY",0,8619d2db71a9bb3d2400df9ce88d381b
Photos Memories/CR/Body,CR Body5j.m4a,CR Body5j,CR_Body5j.m4a,"23G83__iPhone18,2/System/Library/Photos/Resources/FlexAudio/C894B320-6211-4AB1-8F74-92D85E5D6416.smsbundle/BODY/CR_Body5j.m4a","23G83__iPhone18,2/System/Library/Photos/Resources/FlexAudio/C894B320-6211-4AB1-8F74-92D85E5D6416.smsbundle/BODY",0,4771d12706fb7a6c3e59b6a5b77b623b
Photos Memories/CR/Body,CR Body5k.m4a,CR Body5k,CR_Body5k.m4a,"23G83__iPhone18,2/System/Library/Photos/Resources/FlexAudio/C894B320-6211-4AB1-8F74-92D85E5D6416.smsbundle/BODY/CR_Body5k.m4a","23G83__iPhone18,2/System/Library/Photos/Resources/FlexAudio/C894B320-6211-4AB1-8F74-92D85E5D6416.smsbundle/BODY",0,668215db886509adfb23575b546b0aa4
Photos Memories/CR/Body,CR Body5l.m4a,CR Body5l,CR_Body5l.m4a,"23G83__iPhone18,2/System/Library/Photos/Resources/FlexAudio/C894B320-6211-4AB1-8F74-92D85E5D6416.smsbundle/BODY/CR_Body5l.m4a","23G83__iPhone18,2/System/Library/Photos/Resources/FlexAudio/C894B320-6211-4AB1-8F74-92D85E5D6416.smsbundle/BODY",0,e8644694427a6f72be1f6deebdbc810d
Photos Memories/CR/Body,CR Body5m.m4a,CR Body5m,CR_Body5m.m4a,"23G83__iPhone18,2/System/Library/Photos/Resources/FlexAudio/C894B320-6211-4AB1-8F74-92D85E5D6416.smsbundle/BODY/CR_Body5m.m4a","23G83__iPhone18,2/System/Library/Photos/Resources/FlexAudio/C894B320-6211-4AB1-8F74-92D85E5D6416.smsbundle/BODY",0,93f6fc25163ed84a20ec9b5aa61a95ac
Photos Memories/CR/Body,CR Body5n.m4a,CR Body5n,CR_Body5n.m4a,"23G83__iPhone18,2/System/Library/Photos/Resources/FlexAudio/C894B320-6211-4AB1-8F74-92D85E5D6416.smsbundle/BODY/CR_Body5n.m4a","23G83__iPhone18,2/System/Library/Photos/Resources/FlexAudio/C894B320-6211-4AB1-8F74-92D85E5D6416.smsbundle/BODY",0,5948dd16133ad52a0275c47de042db03
Photos Memories/CR/Body,CR Body5o.m4a,CR Body5o,CR_Body5o.m4a,"23G83__iPhone18,2/System/Library/Photos/Resources/FlexAudio/C894B320-6211-4AB1-8F74-92D85E5D6416.smsbundle/BODY/CR_Body5o.m4a","23G83__iPhone18,2/System/Library/Photos/Resources/FlexAudio/C894B320-6211-4AB1-8F74-92D85E5D6416.smsbundle/BODY",0,0bf4c4cb152b3c6170759ef66208e4df
Photos Memories/CR/Body,CR Body5p.m4a,CR Body5p,CR_Body5p.m4a,"23G83__iPhone18,2/System/Library/Photos/Resources/FlexAudio/C894B320-6211-4AB1-8F74-92D85E5D6416.smsbundle/BODY/CR_Body5p.m4a","23G83__iPhone18,2/System/Library/Photos/Resources/FlexAudio/C894B320-6211-4AB1-8F74-92D85E5D6416.smsbundle/BODY",0,d5035d41b265c2362196573830a9e98c
Photos Memories/CR/Body,CR Body5q.m4a,CR Body5q,CR_Body5q.m4a,"23G83__iPhone18,2/System/Library/Photos/Resources/FlexAudio/C894B320-6211-4AB1-8F74-92D85E5D6416.smsbundle/BODY/CR_Body5q.m4a","23G83__iPhone18,2/System/Library/Photos/Resources/FlexAudio/C894B320-6211-4AB1-8F74-92D85E5D6416.smsbundle/BODY",0,64cd7d99c2c7a439c746de99e2159551
Photos Memories/CR/Body,CR Body5r.m4a,CR Body5r,CR_Body5r.m4a,"23G83__iPhone18,2/System/Library/Photos/Resources/FlexAudio/C894B320-6211-4AB1-8F74-92D85E5D6416.smsbundle/BODY/CR_Body5r.m4a","23G83__iPhone18,2/System/Library/Photos/Resources/FlexAudio/C894B320-6211-4AB1-8F74-92D85E5D6416.smsbundle/BODY",0,988541f2d6f98af5b7b03537ea68a504
Photos Memories/CR/Body,CR Body5s.m4a,CR Body5s,CR_Body5s.m4a,"23G83__iPhone18,2/System/Library/Photos/Resources/FlexAudio/C894B320-6211-4AB1-8F74-92D85E5D6416.smsbundle/BODY/CR_Body5s.m4a","23G83__iPhone18,2/System/Library/Photos/Resources/FlexAudio/C894B320-6211-4AB1-8F74-92D85E5D6416.smsbundle/BODY",0,bc3589650c18bd2e20660c1c9f8de653
Photos Memories/CR/Body,CR Body5t.m4a,CR Body5t,CR_Body5t.m4a,"23G83__iPhone18,2/System/Library/Photos/Resources/FlexAudio/C894B320-6211-4AB1-8F74-92D85E5D6416.smsbundle/BODY/CR_Body5t.m4a","23G83__iPhone18,2/System/Library/Photos/Resources/FlexAudio/C894B320-6211-4AB1-8F74-92D85E5D6416.smsbundle/BODY",0,70fd019aeb7c8b6954ba97b06828afa1
Photos Memories/CR/Body,CR Body5u.m4a,CR Body5u,CR_Body5u.m4a,"23G83__iPhone18,2/System/Library/Photos/Resources/FlexAudio/C894B320-6211-4AB1-8F74-92D85E5D6416.smsbundle/BODY/CR_Body5u.m4a","23G83__iPhone18,2/System/Library/Photos/Resources/FlexAudio/C894B320-6211-4AB1-8F74-92D85E5D6416.smsbundle/BODY",0,5820bac169cd589ed08b52ae7007f886
Photos Memories/CR/Body,CR Body5v.m4a,CR Body5v,CR_Body5v.m4a,"23G83__iPhone18,2/System/Library/Photos/Resources/FlexAudio/C894B320-6211-4AB1-8F74-92D85E5D6416.smsbundle/BODY/CR_Body5v.m4a","23G83__iPhone18,2/System/Library/Photos/Resources/FlexAudio/C894B320-6211-4AB1-8F74-92D85E5D6416.smsbundle/BODY",0,c79217f277ed6baeb909a532db2611b4
Photos Memories/CR/Body,CR Body5w.m4a,CR Body5w,CR_Body5w.m4a,"23G83__iPhone18,2/System/Library/Photos/Resources/FlexAudio/C894B320-6211-4AB1-8F74-92D85E5D6416.smsbundle/BODY/CR_Body5w.m4a","23G83__iPhone18,2/System/Library/Photos/Resources/FlexAudio/C894B320-6211-4AB1-8F74-92D85E5D6416.smsbundle/BODY",0,29ae206e022098bd8e436c8d0f328573
Photos Memories/CR/Body,CR Body5x.m4a,CR Body5x,CR_Body5x.m4a,"23G83__iPhone18,2/System/Library/Photos/Resources/FlexAudio/C894B320-6211-4AB1-8F74-92D85E5D6416.smsbundle/BODY/CR_Body5x.m4a","23G83__iPhone18,2/System/Library/Photos/Resources/FlexAudio/C894B320-6211-4AB1-8F74-92D85E5D6416.smsbundle/BODY",0,0aceccb847244cb62b94e5f2de283950
Photos Memories/CR/Body,CR Body5y.m4a,CR Body5y,CR_Body5y.m4a,"23G83__iPhone18,2/System/Library/Photos/Resources/FlexAudio/C894B320-6211-4AB1-8F74-92D85E5D6416.smsbundle/BODY/CR_Body5y.m4a","23G83__iPhone18,2/System/Library/Photos/Resources/FlexAudio/C894B320-6211-4AB1-8F74-92D85E5D6416.smsbundle/BODY",0,16457ff6e2cf8b810b9af1b02950db04
Photos Memories/CR/Body,CR Body5z.m4a,CR Body5z,CR_Body5z.m4a,"23G83__iPhone18,2/System/Library/Photos/Resources/FlexAudio/C894B320-6211-4AB1-8F74-92D85E5D6416.smsbundle/BODY/CR_Body5z.m4a","23G83__iPhone18,2/System/Library/Photos/Resources/FlexAudio/C894B320-6211-4AB1-8F74-92D85E5D6416.smsbundle/BODY",0,200b13042454f39ba5ea8753898ceb6a
Photos Memories/CR/Body,CR Body5za.m4a,CR Body5za,CR_Body5za.m4a,"23G83__iPhone18,2/System/Library/Photos/Resources/FlexAudio/C894B320-6211-4AB1-8F74-92D85E5D6416.smsbundle/BODY/CR_Body5za.m4a","23G83__iPhone18,2/System/Library/Photos/Resources/FlexAudio/C894B320-6211-4AB1-8F74-92D85E5D6416.smsbundle/BODY",0,d9b40119b70ad3865418d4ea08fe3732
Photos Memories/CR/Body,CR Body5zb.m4a,CR Body5zb,CR_Body5zb.m4a,"23G83__iPhone18,2/System/Library/Photos/Resources/FlexAudio/C894B320-6211-4AB1-8F74-92D85E5D6416.smsbundle/BODY/CR_Body5zb.m4a","23G83__iPhone18,2/System/Library/Photos/Resources/FlexAudio/C894B320-6211-4AB1-8F74-92D85E5D6416.smsbundle/BODY",0,0c2641d21681b94af4be02558c381456
Photos Memories/CR/Body,CR Body5zc.m4a,CR Body5zc,CR_Body5zc.m4a,"23G83__iPhone18,2/System/Library/Photos/Resources/FlexAudio/C894B320-6211-4AB1-8F74-92D85E5D6416.smsbundle/BODY/CR_Body5zc.m4a","23G83__iPhone18,2/System/Library/Photos/Resources/FlexAudio/C894B320-6211-4AB1-8F74-92D85E5D6416.smsbundle/BODY",0,458468a0ee229ffafa2728ddf785f9d8
Photos Memories/CR/Body,CR Body5zd.m4a,CR Body5zd,CR_Body5zd.m4a,"23G83__iPhone18,2/System/Library/Photos/Resources/FlexAudio/C894B320-6211-4AB1-8F74-92D85E5D6416.smsbundle/BODY/CR_Body5zd.m4a","23G83__iPhone18,2/System/Library/Photos/Resources/FlexAudio/C894B320-6211-4AB1-8F74-92D85E5D6416.smsbundle/BODY",0,78249d51cbeeb9a7345219b5285ae4f8
Photos Memories/CR/Body,CR Body5ze.m4a,CR Body5ze,CR_Body5ze.m4a,"23G83__iPhone18,2/System/Library/Photos/Resources/FlexAudio/C894B320-6211-4AB1-8F74-92D85E5D6416.smsbundle/BODY/CR_Body5ze.m4a","23G83__iPhone18,2/System/Library/Photos/Resources/FlexAudio/C894B320-6211-4AB1-8F74-92D85E5D6416.smsbundle/BODY",0,acf5556d3cf71fd24f021ee82566a1d4
Photos Memories/CR/Body,CR Body5zf.m4a,CR Body5zf,CR_Body5zf.m4a,"23G83__iPhone18,2/System/Library/Photos/Resources/FlexAudio/C894B320-6211-4AB1-8F74-92D85E5D6416.smsbundle/BODY/CR_Body5zf.m4a","23G83__iPhone18,2/System/Library/Photos/Resources/FlexAudio/C894B320-6211-4AB1-8F74-92D85E5D6416.smsbundle/BODY",0,6811fe55050bc5fbbfe6cadd2fe9d014
Photos Memories/CR/Body,CR Body5zg.m4a,CR Body5zg,CR_Body5zg.m4a,"23G83__iPhone18,2/System/Library/Photos/Resources/FlexAudio/C894B320-6211-4AB1-8F74-92D85E5D6416.smsbundle/BODY/CR_Body5zg.m4a","23G83__iPhone18,2/System/Library/Photos/Resources/FlexAudio/C894B320-6211-4AB1-8F74-92D85E5D6416.smsbundle/BODY",0,90e61e8e33b8969dbe29c50ca85bc840
Photos Memories/CR/Body,CR Body5zh.m4a,CR Body5zh,CR_Body5zh.m4a,"23G83__iPhone18,2/System/Library/Photos/Resources/FlexAudio/C894B320-6211-4AB1-8F74-92D85E5D6416.smsbundle/BODY/CR_Body5zh.m4a","23G83__iPhone18,2/System/Library/Photos/Resources/FlexAudio/C894B320-6211-4AB1-8F74-92D85E5D6416.smsbundle/BODY",0,35ebf84a42906360f4f11d82c7b01537
Photos Memories/CR/Body,CR Body5zi.m4a,CR Body5zi,CR_Body5zi.m4a,"23G83__iPhone18,2/System/Library/Photos/Resources/FlexAudio/C894B320-6211-4AB1-8F74-92D85E5D6416.smsbundle/BODY/CR_Body5zi.m4a","23G83__iPhone18,2/System/Library/Photos/Resources/FlexAudio/C894B320-6211-4AB1-8F74-92D85E5D6416.smsbundle/BODY",0,106d7e032e6b1109c21a8382ef54068e
Photos Memories/CR/Body,CR Body5zj.m4a,CR Body5zj,CR_Body5zj.m4a,"23G83__iPhone18,2/System/Library/Photos/Resources/FlexAudio/C894B320-6211-4AB1-8F74-92D85E5D6416.smsbundle/BODY/CR_Body5zj.m4a","23G83__iPhone18,2/System/Library/Photos/Resources/FlexAudio/C894B320-6211-4AB1-8F74-92D85E5D6416.smsbundle/BODY",0,87fcc7d1b0ff0b1dd6aeff93e521a7db
Photos Memories/CR/Body,CR Body5zk.m4a,CR Body5zk,CR_Body5zk.m4a,"23G83__iPhone18,2/System/Library/Photos/Resources/FlexAudio/C894B320-6211-4AB1-8F74-92D85E5D6416.smsbundle/BODY/CR_Body5zk.m4a","23G83__iPhone18,2/System/Library/Photos/Resources/FlexAudio/C894B320-6211-4AB1-8F74-92D85E5D6416.smsbundle/BODY",0,d335db6e0956b476750867a4d09dd8de
Photos Memories/CR/Intro,CR In0a.m4a,CR In0a,CR_In0a.m4a,"23G83__iPhone18,2/System/Library/Photos/Resources/FlexAudio/C894B320-6211-4AB1-8F74-92D85E5D6416.smsbundle/INTRO/CR_In0a.m4a","23G83__iPhone18,2/System/Library/Photos/Resources/FlexAudio/C894B320-6211-4AB1-8F74-92D85E5D6416.smsbundle/INTRO",0,4a939825bc0e07ac2c140e360286fc00
Photos Memories/CR/Intro,CR In5a1240s.m4a,CR In5a1240s,CR_In5a1240s.m4a,"23G83__iPhone18,2/System/Library/Photos/Resources/FlexAudio/C894B320-6211-4AB1-8F74-92D85E5D6416.smsbundle/INTRO/CR_In5a1240s.m4a","23G83__iPhone18,2/System/Library/Photos/Resources/FlexAudio/C894B320-6211-4AB1-8F74-92D85E5D6416.smsbundle/INTRO",0,b77d623068a7a6c2999a549fc3e40682
Photos Memories/CR/Intro,CR In5a1256s.m4a,CR In5a1256s,CR_In5a1256s.m4a,"23G83__iPhone18,2/System/Library/Photos/Resources/FlexAudio/C894B320-6211-4AB1-8F74-92D85E5D6416.smsbundle/INTRO/CR_In5a1256s.m4a","23G83__iPhone18,2/System/Library/Photos/Resources/FlexAudio/C894B320-6211-4AB1-8F74-92D85E5D6416.smsbundle/INTRO",0,6b58e28af603087b9cae6623489e4e03
Photos Memories/CR/Intro,CR In5a1355s.m4a,CR In5a1355s,CR_In5a1355s.m4a,"23G83__iPhone18,2/System/Library/Photos/Resources/FlexAudio/C894B320-6211-4AB1-8F74-92D85E5D6416.smsbundle/INTRO/CR_In5a1355s.m4a","23G83__iPhone18,2/System/Library/Photos/Resources/FlexAudio/C894B320-6211-4AB1-8F74-92D85E5D6416.smsbundle/INTRO",0,46863f086fd0f211d9d58070f602b975
Photos Memories/CR/Intro,CR In5a1507s.m4a,CR In5a1507s,CR_In5a1507s.m4a,"23G83__iPhone18,2/System/Library/Photos/Resources/FlexAudio/C894B320-6211-4AB1-8F74-92D85E5D6416.smsbundle/INTRO/CR_In5a1507s.m4a","23G83__iPhone18,2/System/Library/Photos/Resources/FlexAudio/C894B320-6211-4AB1-8F74-92D85E5D6416.smsbundle/INTRO",0,fecc664ca0eb997983b5d7a57e945eb6
Photos Memories/CR/Intro,CR In5a2711s.m4a,CR In5a2711s,CR_In5a2711s.m4a,"23G83__iPhone18,2/System/Library/Photos/Resources/FlexAudio/C894B320-6211-4AB1-8F74-92D85E5D6416.smsbundle/INTRO/CR_In5a2711s.m4a","23G83__iPhone18,2/System/Library/Photos/Resources/FlexAudio/C894B320-6211-4AB1-8F74-92D85E5D6416.smsbundle/INTRO",0,29fafa1dff4277ce5fb20bd813f63783
Photos Memories/CR/Intro,CR In5a400s.m4a,CR In5a400s,CR_In5a400s.m4a,"23G83__iPhone18,2/System/Library/Photos/Resources/FlexAudio/C894B320-6211-4AB1-8F74-92D85E5D6416.smsbundle/INTRO/CR_In5a400s.m4a","23G83__iPhone18,2/System/Library/Photos/Resources/FlexAudio/C894B320-6211-4AB1-8F74-92D85E5D6416.smsbundle/INTRO",0,c14d959ccf66f28f48208fe68e033690
Photos Memories/CR/Intro,CR In5a654s.m4a,CR In5a654s,CR_In5a654s.m4a,"23G83__iPhone18,2/System/Library/Photos/Resources/FlexAudio/C894B320-6211-4AB1-8F74-92D85E5D6416.smsbundle/INTRO/CR_In5a654s.m4a","23G83__iPhone18,2/System/Library/Photos/Resources/FlexAudio/C894B320-6211-4AB1-8F74-92D85E5D6416.smsbundle/INTRO",0,5c4080578e43fa630ec9c71c14118e9a
Photos Memories/CR/Intro,CR In5a899s.m4a,CR In5a899s,CR_In5a899s.m4a,"23G83__iPhone18,2/System/Library/Photos/Resources/FlexAudio/C894B320-6211-4AB1-8F74-92D85E5D6416.smsbundle/INTRO/CR_In5a899s.m4a","23G83__iPhone18,2/System/Library/Photos/Resources/FlexAudio/C894B320-6211-4AB1-8F74-92D85E5D6416.smsbundle/INTRO",0,589cb9937753b8738e906534edfe8bda
Photos Memories/CR/Outro,CR Out5a.m4a,CR Out5a,CR_Out5a.m4a,"23G83__iPhone18,2/System/Library/Photos/Resources/FlexAudio/C894B320-6211-4AB1-8F74-92D85E5D6416.smsbundle/OUTRO/CR_Out5a.m4a","23G83__iPhone18,2/System/Library/Photos/Resources/FlexAudio/C894B320-6211-4AB1-8F74-92D85E5D6416.smsbundle/OUTRO",0,bc2b6bdb43119464b8a6d6bbb3a8a656
Photos Memories/CR/Outro,CR Out5ab.m4a,CR Out5ab,CR_Out5ab.m4a,"23G83__iPhone18,2/System/Library/Photos/Resources/FlexAudio/C894B320-6211-4AB1-8F74-92D85E5D6416.smsbundle/OUTRO/CR_Out5ab.m4a","23G83__iPhone18,2/System/Library/Photos/Resources/FlexAudio/C894B320-6211-4AB1-8F74-92D85E5D6416.smsbundle/OUTRO",0,c77772d4e04f789d0b233fd2183d9997
Photos Memories/CR/Outro,CR Out5ac.m4a,CR Out5ac,CR_Out5ac.m4a,"23G83__iPhone18,2/System/Library/Photos/Resources/FlexAudio/C894B320-6211-4AB1-8F74-92D85E5D6416.smsbundle/OUTRO/CR_Out5ac.m4a","23G83__iPhone18,2/System/Library/Photos/Resources/FlexAudio/C894B320-6211-4AB1-8F74-92D85E5D6416.smsbundle/OUTRO",0,3b04cd6304e6013d1bda92b9869823a2
Photos Memories/CR/Outro,CR Out5ad.m4a,CR Out5ad,CR_Out5ad.m4a,"23G83__iPhone18,2/System/Library/Photos/Resources/FlexAudio/C894B320-6211-4AB1-8F74-92D85E5D6416.smsbundle/OUTRO/CR_Out5ad.m4a","23G83__iPhone18,2/System/Library/Photos/Resources/FlexAudio/C894B320-6211-4AB1-8F74-92D85E5D6416.smsbundle/OUTRO",0,2c9c868c4c60e3229d01aaaebb1ff17e
Photos Memories/CR/Outro,CR Out5ae.m4a,CR Out5ae,CR_Out5ae.m4a,"23G83__iPhone18,2/System/Library/Photos/Resources/FlexAudio/C894B320-6211-4AB1-8F74-92D85E5D6416.smsbundle/OUTRO/CR_Out5ae.m4a","23G83__iPhone18,2/System/Library/Photos/Resources/FlexAudio/C894B320-6211-4AB1-8F74-92D85E5D6416.smsbundle/OUTRO",0,ae78e3f6dbd8b884a509ba82cc3cce18
Photos Memories/CR/Outro,CR Out5af.m4a,CR Out5af,CR_Out5af.m4a,"23G83__iPhone18,2/System/Library/Photos/Resources/FlexAudio/C894B320-6211-4AB1-8F74-92D85E5D6416.smsbundle/OUTRO/CR_Out5af.m4a","23G83__iPhone18,2/System/Library/Photos/Resources/FlexAudio/C894B320-6211-4AB1-8F74-92D85E5D6416.smsbundle/OUTRO",0,49d32322a32c90c2063d450f922d3345
Photos Memories/CR/Outro,CR Out5ag.m4a,CR Out5ag,CR_Out5ag.m4a,"23G83__iPhone18,2/System/Library/Photos/Resources/FlexAudio/C894B320-6211-4AB1-8F74-92D85E5D6416.smsbundle/OUTRO/CR_Out5ag.m4a","23G83__iPhone18,2/System/Library/Photos/Resources/FlexAudio/C894B320-6211-4AB1-8F74-92D85E5D6416.smsbundle/OUTRO",0,8c6c30f496a5ea88dd4273ffe22a5bf1
Photos Memories/CR/Outro,CR Out5ah.m4a,CR Out5ah,CR_Out5ah.m4a,"23G83__iPhone18,2/System/Library/Photos/Resources/FlexAudio/C894B320-6211-4AB1-8F74-92D85E5D6416.smsbundle/OUTRO/CR_Out5ah.m4a","23G83__iPhone18,2/System/Library/Photos/Resources/FlexAudio/C894B320-6211-4AB1-8F74-92D85E5D6416.smsbundle/OUTRO",0,c8fd21c239cc3db85a6d9dc59b63d09f
Photos Memories/CR/Outro,CR Out5ai.m4a,CR Out5ai,CR_Out5ai.m4a,"23G83__iPhone18,2/System/Library/Photos/Resources/FlexAudio/C894B320-6211-4AB1-8F74-92D85E5D6416.smsbundle/OUTRO/CR_Out5ai.m4a","23G83__iPhone18,2/System/Library/Photos/Resources/FlexAudio/C894B320-6211-4AB1-8F74-92D85E5D6416.smsbundle/OUTRO",0,d2b68334d80c15e02fcbc5734de1d735
Photos Memories/CR/Outro,CR Out5aj.m4a,CR Out5aj,CR_Out5aj.m4a,"23G83__iPhone18,2/System/Library/Photos/Resources/FlexAudio/C894B320-6211-4AB1-8F74-92D85E5D6416.smsbundle/OUTRO/CR_Out5aj.m4a","23G83__iPhone18,2/System/Library/Photos/Resources/FlexAudio/C894B320-6211-4AB1-8F74-92D85E5D6416.smsbundle/OUTRO",0,06cf3417e41cea325c35f33178eefda0
Photos Memories/CR/Outro,CR Out5ak.m4a,CR Out5ak,CR_Out5ak.m4a,"23G83__iPhone18,2/System/Library/Photos/Resources/FlexAudio/C894B320-6211-4AB1-8F74-92D85E5D6416.smsbundle/OUTRO/CR_Out5ak.m4a","23G83__iPhone18,2/System/Library/Photos/Resources/FlexAudio/C894B320-6211-4AB1-8F74-92D85E5D6416.smsbundle/OUTRO",0,bad38fc83c858c18c39dc50da728f4f2
Photos Memories/CR/Outro,CR Out5akc.m4a,CR Out5akc,CR_Out5akc.m4a,"23G83__iPhone18,2/System/Library/Photos/Resources/FlexAudio/C894B320-6211-4AB1-8F74-92D85E5D6416.smsbundle/OUTRO/CR_Out5akc.m4a","23G83__iPhone18,2/System/Library/Photos/Resources/FlexAudio/C894B320-6211-4AB1-8F74-92D85E5D6416.smsbundle/OUTRO",0,7d288e16d378c066ec2224063c94c894
Photos Memories/CR/Outro,CR Out5al.m4a,CR Out5al,CR_Out5al.m4a,"23G83__iPhone18,2/System/Library/Photos/Resources/FlexAudio/C894B320-6211-4AB1-8F74-92D85E5D6416.smsbundle/OUTRO/CR_Out5al.m4a","23G83__iPhone18,2/System/Library/Photos/Resources/FlexAudio/C894B320-6211-4AB1-8F74-92D85E5D6416.smsbundle/OUTRO",0,c4f816f92c2008d1dc02d5e6403aaf2c
Photos Memories/CR/Outro,CR Out5am.m4a,CR Out5am,CR_Out5am.m4a,"23G83__iPhone18,2/System/Library/Photos/Resources/FlexAudio/C894B320-6211-4AB1-8F74-92D85E5D6416.smsbundle/OUTRO/CR_Out5am.m4a","23G83__iPhone18,2/System/Library/Photos/Resources/FlexAudio/C894B320-6211-4AB1-8F74-92D85E5D6416.smsbundle/OUTRO",0,db86f7255dcc7dfad4119e1177acd015
Photos Memories/CR/Outro,CR Out5an.m4a,CR Out5an,CR_Out5an.m4a,"23G83__iPhone18,2/System/Library/Photos/Resources/FlexAudio/C894B320-6211-4AB1-8F74-92D85E5D6416.smsbundle/OUTRO/CR_Out5an.m4a","23G83__iPhone18,2/System/Library/Photos/Resources/FlexAudio/C894B320-6211-4AB1-8F74-92D85E5D6416.smsbundle/OUTRO",0,7cc764629317a3b87e1aa9754a37a7ed
Photos Memories/CR/Outro,CR Out5ao.m4a,CR Out5ao,CR_Out5ao.m4a,"23G83__iPhone18,2/System/Library/Photos/Resources/FlexAudio/C894B320-6211-4AB1-8F74-92D85E5D6416.smsbundle/OUTRO/CR_Out5ao.m4a","23G83__iPhone18,2/System/Library/Photos/Resources/FlexAudio/C894B320-6211-4AB1-8F74-92D85E5D6416.smsbundle/OUTRO",0,84e9feca1a7110f756f2bfdbc7c83f71
Photos Memories/CR/Outro,CR Out5ap.m4a,CR Out5ap,CR_Out5ap.m4a,"23G83__iPhone18,2/System/Library/Photos/Resources/FlexAudio/C894B320-6211-4AB1-8F74-92D85E5D6416.smsbundle/OUTRO/CR_Out5ap.m4a","23G83__iPhone18,2/System/Library/Photos/Resources/FlexAudio/C894B320-6211-4AB1-8F74-92D85E5D6416.smsbundle/OUTRO",0,7c54e7557d32c016126742f3e375e2e6
Photos Memories/CR/Outro,CR Out5aq.m4a,CR Out5aq,CR_Out5aq.m4a,"23G83__iPhone18,2/System/Library/Photos/Resources/FlexAudio/C894B320-6211-4AB1-8F74-92D85E5D6416.smsbundle/OUTRO/CR_Out5aq.m4a","23G83__iPhone18,2/System/Library/Photos/Resources/FlexAudio/C894B320-6211-4AB1-8F74-92D85E5D6416.smsbundle/OUTRO",0,2c63daacfeda8238d91a36b4f47ef8f7
Photos Memories/CR/Outro,CR Out5ar.m4a,CR Out5ar,CR_Out5ar.m4a,"23G83__iPhone18,2/System/Library/Photos/Resources/FlexAudio/C894B320-6211-4AB1-8F74-92D85E5D6416.smsbundle/OUTRO/CR_Out5ar.m4a","23G83__iPhone18,2/System/Library/Photos/Resources/FlexAudio/C894B320-6211-4AB1-8F74-92D85E5D6416.smsbundle/OUTRO",0,6c40f3c412a318c93a663f5e2d2748c5
Photos Memories/CR/Outro,CR Out5as.m4a,CR Out5as,CR_Out5as.m4a,"23G83__iPhone18,2/System/Library/Photos/Resources/FlexAudio/C894B320-6211-4AB1-8F74-92D85E5D6416.smsbundle/OUTRO/CR_Out5as.m4a","23G83__iPhone18,2/System/Library/Photos/Resources/FlexAudio/C894B320-6211-4AB1-8F74-92D85E5D6416.smsbundle/OUTRO",0,366409a36fdd090d45dd1e13e5f0c0f3
Photos Memories/CR/Outro,CR Out5at.m4a,CR Out5at,CR_Out5at.m4a,"23G83__iPhone18,2/System/Library/Photos/Resources/FlexAudio/C894B320-6211-4AB1-8F74-92D85E5D6416.smsbundle/OUTRO/CR_Out5at.m4a","23G83__iPhone18,2/System/Library/Photos/Resources/FlexAudio/C894B320-6211-4AB1-8F74-92D85E5D6416.smsbundle/OUTRO",0,bd53a60787107ff68687bab52b73b241
Photos Memories/CR/Outro,CR Out5au.m4a,CR Out5au,CR_Out5au.m4a,"23G83__iPhone18,2/System/Library/Photos/Resources/FlexAudio/C894B320-6211-4AB1-8F74-92D85E5D6416.smsbundle/OUTRO/CR_Out5au.m4a","23G83__iPhone18,2/System/Library/Photos/Resources/FlexAudio/C894B320-6211-4AB1-8F74-92D85E5D6416.smsbundle/OUTRO",0,4e63f1621a0ab1a689e5f38dfb0c7fca
Photos Memories/CR/Outro,CR Out5av.m4a,CR Out5av,CR_Out5av.m4a,"23G83__iPhone18,2/System/Library/Photos/Resources/FlexAudio/C894B320-6211-4AB1-8F74-92D85E5D6416.smsbundle/OUTRO/CR_Out5av.m4a","23G83__iPhone18,2/System/Library/Photos/Resources/FlexAudio/C894B320-6211-4AB1-8F74-92D85E5D6416.smsbundle/OUTRO",0,8eaf85e1e8ad03692e4d89045290891f
Photos Memories/CR/Outro,CR Out5aw.m4a,CR Out5aw,CR_Out5aw.m4a,"23G83__iPhone18,2/System/Library/Photos/Resources/FlexAudio/C894B320-6211-4AB1-8F74-92D85E5D6416.smsbundle/OUTRO/CR_Out5aw.m4a","23G83__iPhone18,2/System/Library/Photos/Resources/FlexAudio/C894B320-6211-4AB1-8F74-92D85E5D6416.smsbundle/OUTRO",0,8a1aaf91560bf80b3890145fbdcf35f7
Photos Memories/CR/Outro,CR Out5ax.m4a,CR Out5ax,CR_Out5ax.m4a,"23G83__iPhone18,2/System/Library/Photos/Resources/FlexAudio/C894B320-6211-4AB1-8F74-92D85E5D6416.smsbundle/OUTRO/CR_Out5ax.m4a","23G83__iPhone18,2/System/Library/Photos/Resources/FlexAudio/C894B320-6211-4AB1-8F74-92D85E5D6416.smsbundle/OUTRO",0,daebdf1b80b4a53226dc94e8b8ad9922
Photos Memories/CR/Outro,CR Out5ay.m4a,CR Out5ay,CR_Out5ay.m4a,"23G83__iPhone18,2/System/Library/Photos/Resources/FlexAudio/C894B320-6211-4AB1-8F74-92D85E5D6416.smsbundle/OUTRO/CR_Out5ay.m4a","23G83__iPhone18,2/System/Library/Photos/Resources/FlexAudio/C894B320-6211-4AB1-8F74-92D85E5D6416.smsbundle/OUTRO",0,3f942cd8e2d3642b75519c8709ece822
Photos Memories/CR/Outro,CR Out5az.m4a,CR Out5az,CR_Out5az.m4a,"23G83__iPhone18,2/System/Library/Photos/Resources/FlexAudio/C894B320-6211-4AB1-8F74-92D85E5D6416.smsbundle/OUTRO/CR_Out5az.m4a","23G83__iPhone18,2/System/Library/Photos/Resources/FlexAudio/C894B320-6211-4AB1-8F74-92D85E5D6416.smsbundle/OUTRO",0,9271aa9ad4a2c691314bcda2fee2ab90
Photos Memories/CR/Outro,CR Out5za.m4a,CR Out5za,CR_Out5za.m4a,"23G83__iPhone18,2/System/Library/Photos/Resources/FlexAudio/C894B320-6211-4AB1-8F74-92D85E5D6416.smsbundle/OUTRO/CR_Out5za.m4a","23G83__iPhone18,2/System/Library/Photos/Resources/FlexAudio/C894B320-6211-4AB1-8F74-92D85E5D6416.smsbundle/OUTRO",0,3fd681f3eccff2f44fa6ad6c53b270d6
Photos Memories/CR/Outro,CR Out5zab.m4a,CR Out5zab,CR_Out5zab.m4a,"23G83__iPhone18,2/System/Library/Photos/Resources/FlexAudio/C894B320-6211-4AB1-8F74-92D85E5D6416.smsbundle/OUTRO/CR_Out5zab.m4a","23G83__iPhone18,2/System/Library/Photos/Resources/FlexAudio/C894B320-6211-4AB1-8F74-92D85E5D6416.smsbundle/OUTRO",0,99f8c7c17a70fbc9708cf9ecec49e180
Photos Memories/CR/Outro,CR Out5zac.m4a,CR Out5zac,CR_Out5zac.m4a,"23G83__iPhone18,2/System/Library/Photos/Resources/FlexAudio/C894B320-6211-4AB1-8F74-92D85E5D6416.smsbundle/OUTRO/CR_Out5zac.m4a","23G83__iPhone18,2/System/Library/Photos/Resources/FlexAudio/C894B320-6211-4AB1-8F74-92D85E5D6416.smsbundle/OUTRO",0,9a25ab9de6e0b4cfc807664afa5f8b33
Photos Memories/CR/Outro,CR Out5zad.m4a,CR Out5zad,CR_Out5zad.m4a,"23G83__iPhone18,2/System/Library/Photos/Resources/FlexAudio/C894B320-6211-4AB1-8F74-92D85E5D6416.smsbundle/OUTRO/CR_Out5zad.m4a","23G83__iPhone18,2/System/Library/Photos/Resources/FlexAudio/C894B320-6211-4AB1-8F74-92D85E5D6416.smsbundle/OUTRO",0,ca69b2c62c2be452ee9e5e4febd5fe47
Photos Memories/CR/Outro,CR Out5zae.m4a,CR Out5zae,CR_Out5zae.m4a,"23G83__iPhone18,2/System/Library/Photos/Resources/FlexAudio/C894B320-6211-4AB1-8F74-92D85E5D6416.smsbundle/OUTRO/CR_Out5zae.m4a","23G83__iPhone18,2/System/Library/Photos/Resources/FlexAudio/C894B320-6211-4AB1-8F74-92D85E5D6416.smsbundle/OUTRO",0,4d1ac34824e8bd8a84d2fe713aaddee5
Photos Memories/CR/Outro,CR Out5zaf.m4a,CR Out5zaf,CR_Out5zaf.m4a,"23G83__iPhone18,2/System/Library/Photos/Resources/FlexAudio/C894B320-6211-4AB1-8F74-92D85E5D6416.smsbundle/OUTRO/CR_Out5zaf.m4a","23G83__iPhone18,2/System/Library/Photos/Resources/FlexAudio/C894B320-6211-4AB1-8F74-92D85E5D6416.smsbundle/OUTRO",0,8a11a6b27a460750488689f0c2ef1e5c
Photos Memories/CR/Outro,CR Out5zag.m4a,CR Out5zag,CR_Out5zag.m4a,"23G83__iPhone18,2/System/Library/Photos/Resources/FlexAudio/C894B320-6211-4AB1-8F74-92D85E5D6416.smsbundle/OUTRO/CR_Out5zag.m4a","23G83__iPhone18,2/System/Library/Photos/Resources/FlexAudio/C894B320-6211-4AB1-8F74-92D85E5D6416.smsbundle/OUTRO",0,bfd37ce1850fad6a76cf1193f1fcde4c
Photos Memories/CR/Outro,CR Out5zah.m4a,CR Out5zah,CR_Out5zah.m4a,"23G83__iPhone18,2/System/Library/Photos/Resources/FlexAudio/C894B320-6211-4AB1-8F74-92D85E5D6416.smsbundle/OUTRO/CR_Out5zah.m4a","23G83__iPhone18,2/System/Library/Photos/Resources/FlexAudio/C894B320-6211-4AB1-8F74-92D85E5D6416.smsbundle/OUTRO",0,3bdbaf351e99c5e74a76076b9d2b0e32
Photos Memories/CR/Outro,CR Out5zai.m4a,CR Out5zai,CR_Out5zai.m4a,"23G83__iPhone18,2/System/Library/Photos/Resources/FlexAudio/C894B320-6211-4AB1-8F74-92D85E5D6416.smsbundle/OUTRO/CR_Out5zai.m4a","23G83__iPhone18,2/System/Library/Photos/Resources/FlexAudio/C894B320-6211-4AB1-8F74-92D85E5D6416.smsbundle/OUTRO",0,8b364b0515983c5b7ee7338e8e266221
Photos Memories/CR/Outro,CR Out5zaj.m4a,CR Out5zaj,CR_Out5zaj.m4a,"23G83__iPhone18,2/System/Library/Photos/Resources/FlexAudio/C894B320-6211-4AB1-8F74-92D85E5D6416.smsbundle/OUTRO/CR_Out5zaj.m4a","23G83__iPhone18,2/System/Library/Photos/Resources/FlexAudio/C894B320-6211-4AB1-8F74-92D85E5D6416.smsbundle/OUTRO",0,57f19e069aedb32bfb65bc539254e984
Photos Memories/CR/Outro,CR Out5zak.m4a,CR Out5zak,CR_Out5zak.m4a,"23G83__iPhone18,2/System/Library/Photos/Resources/FlexAudio/C894B320-6211-4AB1-8F74-92D85E5D6416.smsbundle/OUTRO/CR_Out5zak.m4a","23G83__iPhone18,2/System/Library/Photos/Resources/FlexAudio/C894B320-6211-4AB1-8F74-92D85E5D6416.smsbundle/OUTRO",0,3c65ac61afb9ae965420e71e26825e30
Photos Memories/CR/Outro,CR Out5zakb.m4a,CR Out5zakb,CR_Out5zakb.m4a,"23G83__iPhone18,2/System/Library/Photos/Resources/FlexAudio/C894B320-6211-4AB1-8F74-92D85E5D6416.smsbundle/OUTRO/CR_Out5zakb.m4a","23G83__iPhone18,2/System/Library/Photos/Resources/FlexAudio/C894B320-6211-4AB1-8F74-92D85E5D6416.smsbundle/OUTRO",0,21c1cc2420368c190500c7efbaca2a54
Photos Memories/CR/Outro,CR Out90a.m4a,CR Out90a,CR_Out90a.m4a,"23G83__iPhone18,2/System/Library/Photos/Resources/FlexAudio/C894B320-6211-4AB1-8F74-92D85E5D6416.smsbundle/OUTRO/CR_Out90a.m4a","23G83__iPhone18,2/System/Library/Photos/Resources/FlexAudio/C894B320-6211-4AB1-8F74-92D85E5D6416.smsbundle/OUTRO",0,645b1e9f12632105d2660381df374d41
Photos Memories/xgame/Body,xgame Body01a.m4a,xgame Body01a,xgame_Body01a.m4a,"23G83__iPhone18,2/System/Library/Photos/Resources/FlexAudio/D8379B0A-5068-42F9-8054-225D218AC1BE.smsbundle/BODY/xgame_Body01a.m4a","23G83__iPhone18,2/System/Library/Photos/Resources/FlexAudio/D8379B0A-5068-42F9-8054-225D218AC1BE.smsbundle/BODY",0,b92003a030a200c5519e740a43f5efd8
Photos Memories/xgame/Body,xgame Body01b.m4a,xgame Body01b,xgame_Body01b.m4a,"23G83__iPhone18,2/System/Library/Photos/Resources/FlexAudio/D8379B0A-5068-42F9-8054-225D218AC1BE.smsbundle/BODY/xgame_Body01b.m4a","23G83__iPhone18,2/System/Library/Photos/Resources/FlexAudio/D8379B0A-5068-42F9-8054-225D218AC1BE.smsbundle/BODY",0,61d4cc71a7be9936a5434308fcf4c309
Photos Memories/xgame/Body,xgame Body01c.m4a,xgame Body01c,xgame_Body01c.m4a,"23G83__iPhone18,2/System/Library/Photos/Resources/FlexAudio/D8379B0A-5068-42F9-8054-225D218AC1BE.smsbundle/BODY/xgame_Body01c.m4a","23G83__iPhone18,2/System/Library/Photos/Resources/FlexAudio/D8379B0A-5068-42F9-8054-225D218AC1BE.smsbundle/BODY",0,7daf34c7bb225361a4147ac9b844ed55
Photos Memories/xgame/Body,xgame Body01d.m4a,xgame Body01d,xgame_Body01d.m4a,"23G83__iPhone18,2/System/Library/Photos/Resources/FlexAudio/D8379B0A-5068-42F9-8054-225D218AC1BE.smsbundle/BODY/xgame_Body01d.m4a","23G83__iPhone18,2/System/Library/Photos/Resources/FlexAudio/D8379B0A-5068-42F9-8054-225D218AC1BE.smsbundle/BODY",0,e4d2eb637452df7395d186637b45b269
Photos Memories/xgame/Body,xgame Body02a.m4a,xgame Body02a,xgame_Body02a.m4a,"23G83__iPhone18,2/System/Library/Photos/Resources/FlexAudio/D8379B0A-5068-42F9-8054-225D218AC1BE.smsbundle/BODY/xgame_Body02a.m4a","23G83__iPhone18,2/System/Library/Photos/Resources/FlexAudio/D8379B0A-5068-42F9-8054-225D218AC1BE.smsbundle/BODY",0,4966036f9df984cda435bd81d768ac59
Photos Memories/xgame/Body,xgame Body03a.m4a,xgame Body03a,xgame_Body03a.m4a,"23G83__iPhone18,2/System/Library/Photos/Resources/FlexAudio/D8379B0A-5068-42F9-8054-225D218AC1BE.smsbundle/BODY/xgame_Body03a.m4a","23G83__iPhone18,2/System/Library/Photos/Resources/FlexAudio/D8379B0A-5068-42F9-8054-225D218AC1BE.smsbundle/BODY",0,fb41d51589a24e370d14b86f273119ac
Photos Memories/xgame/Body,xgame Body03b.m4a,xgame Body03b,xgame_Body03b.m4a,"23G83__iPhone18,2/System/Library/Photos/Resources/FlexAudio/D8379B0A-5068-42F9-8054-225D218AC1BE.smsbundle/BODY/xgame_Body03b.m4a","23G83__iPhone18,2/System/Library/Photos/Resources/FlexAudio/D8379B0A-5068-42F9-8054-225D218AC1BE.smsbundle/BODY",0,3503d25b7fd938a925c9c9d1cbca9825
Photos Memories/xgame/Body,xgame Body03c.m4a,xgame Body03c,xgame_Body03c.m4a,"23G83__iPhone18,2/System/Library/Photos/Resources/FlexAudio/D8379B0A-5068-42F9-8054-225D218AC1BE.smsbundle/BODY/xgame_Body03c.m4a","23G83__iPhone18,2/System/Library/Photos/Resources/FlexAudio/D8379B0A-5068-42F9-8054-225D218AC1BE.smsbundle/BODY",0,2f534f7784cd4bedfe0aa7ad29aac4c6
Photos Memories/xgame/Body,xgame Body03d.m4a,xgame Body03d,xgame_Body03d.m4a,"23G83__iPhone18,2/System/Library/Photos/Resources/FlexAudio/D8379B0A-5068-42F9-8054-225D218AC1BE.smsbundle/BODY/xgame_Body03d.m4a","23G83__iPhone18,2/System/Library/Photos/Resources/FlexAudio/D8379B0A-5068-42F9-8054-225D218AC1BE.smsbundle/BODY",0,d2c348f2da75326ed9204a6b53ffefff
Photos Memories/xgame/Body,xgame Body04a.m4a,xgame Body04a,xgame_Body04a.m4a,"23G83__iPhone18,2/System/Library/Photos/Resources/FlexAudio/D8379B0A-5068-42F9-8054-225D218AC1BE.smsbundle/BODY/xgame_Body04a.m4a","23G83__iPhone18,2/System/Library/Photos/Resources/FlexAudio/D8379B0A-5068-42F9-8054-225D218AC1BE.smsbundle/BODY",0,ceefccfab1063d1fb63996108f73babe
Photos Memories/xgame/Body,xgame Body04b.m4a,xgame Body04b,xgame_Body04b.m4a,"23G83__iPhone18,2/System/Library/Photos/Resources/FlexAudio/D8379B0A-5068-42F9-8054-225D218AC1BE.smsbundle/BODY/xgame_Body04b.m4a","23G83__iPhone18,2/System/Library/Photos/Resources/FlexAudio/D8379B0A-5068-42F9-8054-225D218AC1BE.smsbundle/BODY",0,a5b5a9e9623d7d9689f5375bbfe28bbb
Photos Memories/xgame/Body,xgame Body04c.m4a,xgame Body04c,xgame_Body04c.m4a,"23G83__iPhone18,2/System/Library/Photos/Resources/FlexAudio/D8379B0A-5068-42F9-8054-225D218AC1BE.smsbundle/BODY/xgame_Body04c.m4a","23G83__iPhone18,2/System/Library/Photos/Resources/FlexAudio/D8379B0A-5068-42F9-8054-225D218AC1BE.smsbundle/BODY",0,3ee0366049229662ad972be0b50a7aa6
Photos Memories/xgame/Body,xgame Body04d.m4a,xgame Body04d,xgame_Body04d.m4a,"23G83__iPhone18,2/System/Library/Photos/Resources/FlexAudio/D8379B0A-5068-42F9-8054-225D218AC1BE.smsbundle/BODY/xgame_Body04d.m4a","23G83__iPhone18,2/System/Library/Photos/Resources/FlexAudio/D8379B0A-5068-42F9-8054-225D218AC1BE.smsbundle/BODY",0,25462324d0b28ba92a4d1189f401fca6
Photos Memories/xgame/Body,xgame Body05a.m4a,xgame Body05a,xgame_Body05a.m4a,"23G83__iPhone18,2/System/Library/Photos/Resources/FlexAudio/D8379B0A-5068-42F9-8054-225D218AC1BE.smsbundle/BODY/xgame_Body05a.m4a","23G83__iPhone18,2/System/Library/Photos/Resources/FlexAudio/D8379B0A-5068-42F9-8054-225D218AC1BE.smsbundle/BODY",0,7b04dc4f1828bb95b25f3523c6fef783
Photos Memories/xgame/Body,xgame Body06a.m4a,xgame Body06a,xgame_Body06a.m4a,"23G83__iPhone18,2/System/Library/Photos/Resources/FlexAudio/D8379B0A-5068-42F9-8054-225D218AC1BE.smsbundle/BODY/xgame_Body06a.m4a","23G83__iPhone18,2/System/Library/Photos/Resources/FlexAudio/D8379B0A-5068-42F9-8054-225D218AC1BE.smsbundle/BODY",0,9da24a22a39cb262dbab97c1369b9810
Photos Memories/xgame/Body,xgame Body06b.m4a,xgame Body06b,xgame_Body06b.m4a,"23G83__iPhone18,2/System/Library/Photos/Resources/FlexAudio/D8379B0A-5068-42F9-8054-225D218AC1BE.smsbundle/BODY/xgame_Body06b.m4a","23G83__iPhone18,2/System/Library/Photos/Resources/FlexAudio/D8379B0A-5068-42F9-8054-225D218AC1BE.smsbundle/BODY",0,8d9ac6402cb3c254a2eb4fff99005192
Photos Memories/xgame/Body,xgame Body06c.m4a,xgame Body06c,xgame_Body06c.m4a,"23G83__iPhone18,2/System/Library/Photos/Resources/FlexAudio/D8379B0A-5068-42F9-8054-225D218AC1BE.smsbundle/BODY/xgame_Body06c.m4a","23G83__iPhone18,2/System/Library/Photos/Resources/FlexAudio/D8379B0A-5068-42F9-8054-225D218AC1BE.smsbundle/BODY",0,ff7a0c7e5496f4f91fd70e3faff97a7f
Photos Memories/xgame/Body,xgame Body06d.m4a,xgame Body06d,xgame_Body06d.m4a,"23G83__iPhone18,2/System/Library/Photos/Resources/FlexAudio/D8379B0A-5068-42F9-8054-225D218AC1BE.smsbundle/BODY/xgame_Body06d.m4a","23G83__iPhone18,2/System/Library/Photos/Resources/FlexAudio/D8379B0A-5068-42F9-8054-225D218AC1BE.smsbundle/BODY",0,3540e869382a0dc5c8f82995be18115a
Photos Memories/xgame/Body,xgame Body07a.m4a,xgame Body07a,xgame_Body07a.m4a,"23G83__iPhone18,2/System/Library/Photos/Resources/FlexAudio/D8379B0A-5068-42F9-8054-225D218AC1BE.smsbundle/BODY/xgame_Body07a.m4a","23G83__iPhone18,2/System/Library/Photos/Resources/FlexAudio/D8379B0A-5068-42F9-8054-225D218AC1BE.smsbundle/BODY",0,b99af71bbb9ccefd0d209635032bcfac
Photos Memories/xgame/Body,xgame Body07b.m4a,xgame Body07b,xgame_Body07b .m4a,"23G83__iPhone18,2/System/Library/Photos/Resources/FlexAudio/D8379B0A-5068-42F9-8054-225D218AC1BE.smsbundle/BODY/xgame_Body07b .m4a","23G83__iPhone18,2/System/Library/Photos/Resources/FlexAudio/D8379B0A-5068-42F9-8054-225D218AC1BE.smsbundle/BODY",0,c79d704ea600fb24e2332df71a165f2e
Photos Memories/xgame/Body,xgame Body07c.m4a,xgame Body07c,xgame_Body07c.m4a,"23G83__iPhone18,2/System/Library/Photos/Resources/FlexAudio/D8379B0A-5068-42F9-8054-225D218AC1BE.smsbundle/BODY/xgame_Body07c.m4a","23G83__iPhone18,2/System/Library/Photos/Resources/FlexAudio/D8379B0A-5068-42F9-8054-225D218AC1BE.smsbundle/BODY",0,d5ec46ba16ee6bb7e23539f7a41d7339
Photos Memories/xgame/Crossfade,xgame Body02a-6-Body4a.m4a,xgame Body02a-6-Body4a,xgame_Body02a-6-Body4a.m4a,"23G83__iPhone18,2/System/Library/Photos/Resources/FlexAudio/D8379B0A-5068-42F9-8054-225D218AC1BE.smsbundle/CROSSFADE/xgame_Body02a-6-Body4a.m4a","23G83__iPhone18,2/System/Library/Photos/Resources/FlexAudio/D8379B0A-5068-42F9-8054-225D218AC1BE.smsbundle/CROSSFADE",0,d72dab10531cc9e01845fbd3499a9bdd
Photos Memories/xgame/Crossfade,xgame Body05a-3-Body7c.m4a,xgame Body05a-3-Body7c,xgame_Body05a-3-Body7c.m4a,"23G83__iPhone18,2/System/Library/Photos/Resources/FlexAudio/D8379B0A-5068-42F9-8054-225D218AC1BE.smsbundle/CROSSFADE/xgame_Body05a-3-Body7c.m4a","23G83__iPhone18,2/System/Library/Photos/Resources/FlexAudio/D8379B0A-5068-42F9-8054-225D218AC1BE.smsbundle/CROSSFADE",0,2f846875981b02169b3b603ee0b5052b
Photos Memories/xgame/Crossfade,xgame Body07a-2-Out0.m4a,xgame Body07a-2-Out0,xgame_Body07a-2-Out0.m4a,"23G83__iPhone18,2/System/Library/Photos/Resources/FlexAudio/D8379B0A-5068-42F9-8054-225D218AC1BE.smsbundle/CROSSFADE/xgame_Body07a-2-Out0.m4a","23G83__iPhone18,2/System/Library/Photos/Resources/FlexAudio/D8379B0A-5068-42F9-8054-225D218AC1BE.smsbundle/CROSSFADE",0,22b07c055c9fba658a86c58134ab84b5
Photos Memories/xgame/Intro,xgame In0 1beat.m4a,xgame In0 1beat,xgame_In0_1beat.m4a,"23G83__iPhone18,2/System/Library/Photos/Resources/FlexAudio/D8379B0A-5068-42F9-8054-225D218AC1BE.smsbundle/INTRO/xgame_In0_1beat.m4a","23G83__iPhone18,2/System/Library/Photos/Resources/FlexAudio/D8379B0A-5068-42F9-8054-225D218AC1BE.smsbundle/INTRO",0,631145721fd8012cbf6b934b59e9907e
Photos Memories/xgame/Intro,xgame In1 2beat.m4a,xgame In1 2beat,xgame_In1_2beat.m4a,"23G83__iPhone18,2/System/Library/Photos/Resources/FlexAudio/D8379B0A-5068-42F9-8054-225D218AC1BE.smsbundle/INTRO/xgame_In1_2beat.m4a","23G83__iPhone18,2/System/Library/Photos/Resources/FlexAudio/D8379B0A-5068-42F9-8054-225D218AC1BE.smsbundle/INTRO",0,21cb9905031d38af04b2b5b0bb5647b2
Photos Memories/xgame/Outro,xgame Out0.m4a,xgame Out0,xgame_Out0.m4a,"23G83__iPhone18,2/System/Library/Photos/Resources/FlexAudio/D8379B0A-5068-42F9-8054-225D218AC1BE.smsbundle/OUTRO/xgame_Out0.m4a","23G83__iPhone18,2/System/Library/Photos/Resources/FlexAudio/D8379B0A-5068-42F9-8054-225D218AC1BE.smsbundle/OUTRO",0,f7e756f5125649201a5c335fe9e755c5
Photos Memories/Misc,e5fc4933-8a24-410e-9e4a-ec155980a389.m4a,e5fc4933-8a24-410e-9e4a-ec155980a389,e5fc4933-8a24-410e-9e4a-ec155980a389.m4a,"23G83__iPhone18,2/System/Library/Photos/Resources/FlexAudio/e5fc4933-8a24-410e-9e4a-ec155980a389.smsbundle/e5fc4933-8a24-410e-9e4a-ec155980a389.m4a","23G83__iPhone18,2/System/Library/Photos/Resources/FlexAudio/e5fc4933-8a24-410e-9e4a-ec155980a389.smsbundle",0,396d22c2841a3c0cadaf47268e7656f0
Accessibility/Other,Music Haptics Sample Track.m4a,Music Haptics Sample Track,MusicHaptics_SampleTrack.m4a,"23G83__iPhone18,2/System/Library/PreferenceBundles/AccessibilitySettings.bundle/MusicHaptics_SampleTrack.m4a","23G83__iPhone18,2/System/Library/PreferenceBundles/AccessibilitySettings.bundle",0,390b4fcbb1d331be6e4d0fc321c0ccc9
Siri & Voices/Voice Assets,zh-CN Limu.caf,zh-CN Limu,zh-CN_limu.caf,"23G83__iPhone18,2/System/Library/PreinstalledAssetsV2/RequiredByOs/com_apple_MobileAsset_VoiceServices_VoiceResources/0d7c330b21db4b5ef995cc803ffc7eb61f32439c.asset/AssetData/zh-CN_limu.caf","23G83__iPhone18,2/System/Library/PreinstalledAssetsV2/RequiredByOs/com_apple_MobileAsset_VoiceServices_VoiceResources/0d7c330b21db4b5ef995cc803ffc7eb61f32439c.asset/AssetData",0,bcb079e6cf9cf0043eb2bf55e5a56cbf
Siri & Voices/Voice Assets,zh-CN Limu Buddy.caf,zh-CN Limu Buddy,zh-CN_limu_Buddy.caf,"23G83__iPhone18,2/System/Library/PreinstalledAssetsV2/RequiredByOs/com_apple_MobileAsset_VoiceServices_VoiceResources/0d7c330b21db4b5ef995cc803ffc7eb61f32439c.asset/AssetData/zh-CN_limu_Buddy.caf","23G83__iPhone18,2/System/Library/PreinstalledAssetsV2/RequiredByOs/com_apple_MobileAsset_VoiceServices_VoiceResources/0d7c330b21db4b5ef995cc803ffc7eb61f32439c.asset/AssetData",0,fe18f4ac124fbe62cc5c9b9394cb650c
Siri & Voices/Voice Assets,zh-CN Linfei.caf,zh-CN Linfei,zh-CN_linfei.caf,"23G83__iPhone18,2/System/Library/PreinstalledAssetsV2/RequiredByOs/com_apple_MobileAsset_VoiceServices_VoiceResources/0d7c330b21db4b5ef995cc803ffc7eb61f32439c.asset/AssetData/zh-CN_linfei.caf","23G83__iPhone18,2/System/Library/PreinstalledAssetsV2/RequiredByOs/com_apple_MobileAsset_VoiceServices_VoiceResources/0d7c330b21db4b5ef995cc803ffc7eb61f32439c.asset/AssetData",0,c601b75b6d93415d49ce45de7e7009e4
Siri & Voices/Voice Assets,zh-CN Linfei Buddy.caf,zh-CN Linfei Buddy,zh-CN_linfei_Buddy.caf,"23G83__iPhone18,2/System/Library/PreinstalledAssetsV2/RequiredByOs/com_apple_MobileAsset_VoiceServices_VoiceResources/0d7c330b21db4b5ef995cc803ffc7eb61f32439c.asset/AssetData/zh-CN_linfei_Buddy.caf","23G83__iPhone18,2/System/Library/PreinstalledAssetsV2/RequiredByOs/com_apple_MobileAsset_VoiceServices_VoiceResources/0d7c330b21db4b5ef995cc803ffc7eb61f32439c.asset/AssetData",0,d5b0e5de656fbb5463f23df6d6196bd7
Siri & Voices/Voice Assets,pt-BR Nando.caf,pt-BR Nando,pt-BR_nando.caf,"23G83__iPhone18,2/System/Library/PreinstalledAssetsV2/RequiredByOs/com_apple_MobileAsset_VoiceServices_VoiceResources/0d886f5bd1eea78b0d759f9c55896d6e633db0cc.asset/AssetData/pt-BR_nando.caf","23G83__iPhone18,2/System/Library/PreinstalledAssetsV2/RequiredByOs/com_apple_MobileAsset_VoiceServices_VoiceResources/0d886f5bd1eea78b0d759f9c55896d6e633db0cc.asset/AssetData",0,263f43e8071403391f99b6e0b3147ca9
Siri & Voices/Voice Assets,pt-BR Nando Buddy.caf,pt-BR Nando Buddy,pt-BR_nando_Buddy.caf,"23G83__iPhone18,2/System/Library/PreinstalledAssetsV2/RequiredByOs/com_apple_MobileAsset_VoiceServices_VoiceResources/0d886f5bd1eea78b0d759f9c55896d6e633db0cc.asset/AssetData/pt-BR_nando_Buddy.caf","23G83__iPhone18,2/System/Library/PreinstalledAssetsV2/RequiredByOs/com_apple_MobileAsset_VoiceServices_VoiceResources/0d886f5bd1eea78b0d759f9c55896d6e633db0cc.asset/AssetData",0,4e2af502f1ce7c1288adb79c796b05f7
Siri & Voices/Voice Assets,pt-BR Sandra.caf,pt-BR Sandra,pt-BR_sandra.caf,"23G83__iPhone18,2/System/Library/PreinstalledAssetsV2/RequiredByOs/com_apple_MobileAsset_VoiceServices_VoiceResources/0d886f5bd1eea78b0d759f9c55896d6e633db0cc.asset/AssetData/pt-BR_sandra.caf","23G83__iPhone18,2/System/Library/PreinstalledAssetsV2/RequiredByOs/com_apple_MobileAsset_VoiceServices_VoiceResources/0d886f5bd1eea78b0d759f9c55896d6e633db0cc.asset/AssetData",0,36c85b64cc545f5246939c148027b8b8
Siri & Voices/Voice Assets,pt-BR Sandra Buddy.caf,pt-BR Sandra Buddy,pt-BR_sandra_Buddy.caf,"23G83__iPhone18,2/System/Library/PreinstalledAssetsV2/RequiredByOs/com_apple_MobileAsset_VoiceServices_VoiceResources/0d886f5bd1eea78b0d759f9c55896d6e633db0cc.asset/AssetData/pt-BR_sandra_Buddy.caf","23G83__iPhone18,2/System/Library/PreinstalledAssetsV2/RequiredByOs/com_apple_MobileAsset_VoiceServices_VoiceResources/0d886f5bd1eea78b0d759f9c55896d6e633db0cc.asset/AssetData",0,a18f3d6fb98cf7eeb5facd94e81066d7
Siri & Voices/Voice Assets,fi-FI Satu.caf,fi-FI Satu,fi-FI_satu.caf,"23G83__iPhone18,2/System/Library/PreinstalledAssetsV2/RequiredByOs/com_apple_MobileAsset_VoiceServices_VoiceResources/1e172a7c270a2207f1ad700cab5b909bdc00d1d7.asset/AssetData/fi-FI_satu.caf","23G83__iPhone18,2/System/Library/PreinstalledAssetsV2/RequiredByOs/com_apple_MobileAsset_VoiceServices_VoiceResources/1e172a7c270a2207f1ad700cab5b909bdc00d1d7.asset/AssetData",0,6c34d89608194ea76f32c9bc1adee59f
Siri & Voices/Voice Assets,fi-FI Satu Buddy.caf,fi-FI Satu Buddy,fi-FI_satu_Buddy.caf,"23G83__iPhone18,2/System/Library/PreinstalledAssetsV2/RequiredByOs/com_apple_MobileAsset_VoiceServices_VoiceResources/1e172a7c270a2207f1ad700cab5b909bdc00d1d7.asset/AssetData/fi-FI_satu_Buddy.caf","23G83__iPhone18,2/System/Library/PreinstalledAssetsV2/RequiredByOs/com_apple_MobileAsset_VoiceServices_VoiceResources/1e172a7c270a2207f1ad700cab5b909bdc00d1d7.asset/AssetData",0,8009765e0d822936893edf28a38d8e38
Siri & Voices/Voice Assets,fi-FI Suvi.caf,fi-FI Suvi,fi-FI_suvi.caf,"23G83__iPhone18,2/System/Library/PreinstalledAssetsV2/RequiredByOs/com_apple_MobileAsset_VoiceServices_VoiceResources/1e172a7c270a2207f1ad700cab5b909bdc00d1d7.asset/AssetData/fi-FI_suvi.caf","23G83__iPhone18,2/System/Library/PreinstalledAssetsV2/RequiredByOs/com_apple_MobileAsset_VoiceServices_VoiceResources/1e172a7c270a2207f1ad700cab5b909bdc00d1d7.asset/AssetData",0,d88ae8ca40b107ccf3239b3e2f0365cf
Siri & Voices/Voice Assets,fi-FI Suvi Buddy.caf,fi-FI Suvi Buddy,fi-FI_suvi_Buddy.caf,"23G83__iPhone18,2/System/Library/PreinstalledAssetsV2/RequiredByOs/com_apple_MobileAsset_VoiceServices_VoiceResources/1e172a7c270a2207f1ad700cab5b909bdc00d1d7.asset/AssetData/fi-FI_suvi_Buddy.caf","23G83__iPhone18,2/System/Library/PreinstalledAssetsV2/RequiredByOs/com_apple_MobileAsset_VoiceServices_VoiceResources/1e172a7c270a2207f1ad700cab5b909bdc00d1d7.asset/AssetData",0,2562ff90371d49ba5b63a07cd25e0ecb
Siri & Voices/Voice Assets,fi-FI Topi.caf,fi-FI Topi,fi-FI_topi.caf,"23G83__iPhone18,2/System/Library/PreinstalledAssetsV2/RequiredByOs/com_apple_MobileAsset_VoiceServices_VoiceResources/1e172a7c270a2207f1ad700cab5b909bdc00d1d7.asset/AssetData/fi-FI_topi.caf","23G83__iPhone18,2/System/Library/PreinstalledAssetsV2/RequiredByOs/com_apple_MobileAsset_VoiceServices_VoiceResources/1e172a7c270a2207f1ad700cab5b909bdc00d1d7.asset/AssetData",0,7dfc214f4745572118fd14182333f472
Siri & Voices/Voice Assets,fi-FI Topi Buddy.caf,fi-FI Topi Buddy,fi-FI_topi_Buddy.caf,"23G83__iPhone18,2/System/Library/PreinstalledAssetsV2/RequiredByOs/com_apple_MobileAsset_VoiceServices_VoiceResources/1e172a7c270a2207f1ad700cab5b909bdc00d1d7.asset/AssetData/fi-FI_topi_Buddy.caf","23G83__iPhone18,2/System/Library/PreinstalledAssetsV2/RequiredByOs/com_apple_MobileAsset_VoiceServices_VoiceResources/1e172a7c270a2207f1ad700cab5b909bdc00d1d7.asset/AssetData",0,a196e0a8410771e23193bfc0feaf1f84
Siri & Voices/Voice Assets,tr-TR Elif.caf,tr-TR Elif,tr-TR_elif.caf,"23G83__iPhone18,2/System/Library/PreinstalledAssetsV2/RequiredByOs/com_apple_MobileAsset_VoiceServices_VoiceResources/22d88d7966064b0287155cb4e169742f04d3cbf2.asset/AssetData/tr-TR_elif.caf","23G83__iPhone18,2/System/Library/PreinstalledAssetsV2/RequiredByOs/com_apple_MobileAsset_VoiceServices_VoiceResources/22d88d7966064b0287155cb4e169742f04d3cbf2.asset/AssetData",0,e5420768f69f6635ff999ac3cb16d281
Siri & Voices/Voice Assets,tr-TR Elif Buddy.caf,tr-TR Elif Buddy,tr-TR_elif_Buddy.caf,"23G83__iPhone18,2/System/Library/PreinstalledAssetsV2/RequiredByOs/com_apple_MobileAsset_VoiceServices_VoiceResources/22d88d7966064b0287155cb4e169742f04d3cbf2.asset/AssetData/tr-TR_elif_Buddy.caf","23G83__iPhone18,2/System/Library/PreinstalledAssetsV2/RequiredByOs/com_apple_MobileAsset_VoiceServices_VoiceResources/22d88d7966064b0287155cb4e169742f04d3cbf2.asset/AssetData",0,b9d6b81a4e5b80981157830256c4cc55
Siri & Voices/Voice Assets,tr-TR Kaan.caf,tr-TR Kaan,tr-TR_kaan.caf,"23G83__iPhone18,2/System/Library/PreinstalledAssetsV2/RequiredByOs/com_apple_MobileAsset_VoiceServices_VoiceResources/22d88d7966064b0287155cb4e169742f04d3cbf2.asset/AssetData/tr-TR_kaan.caf","23G83__iPhone18,2/System/Library/PreinstalledAssetsV2/RequiredByOs/com_apple_MobileAsset_VoiceServices_VoiceResources/22d88d7966064b0287155cb4e169742f04d3cbf2.asset/AssetData",0,ab44e1ac760c7e4e031f941939b4ede5
Siri & Voices/Voice Assets,tr-TR Kaan Buddy.caf,tr-TR Kaan Buddy,tr-TR_kaan_Buddy.caf,"23G83__iPhone18,2/System/Library/PreinstalledAssetsV2/RequiredByOs/com_apple_MobileAsset_VoiceServices_VoiceResources/22d88d7966064b0287155cb4e169742f04d3cbf2.asset/AssetData/tr-TR_kaan_Buddy.caf","23G83__iPhone18,2/System/Library/PreinstalledAssetsV2/RequiredByOs/com_apple_MobileAsset_VoiceServices_VoiceResources/22d88d7966064b0287155cb4e169742f04d3cbf2.asset/AssetData",0,fb3a2c24b9923334ea0892af64383fa6
Siri & Voices/Voice Assets,he-IL Carmit.caf,he-IL Carmit,he-IL_carmit.caf,"23G83__iPhone18,2/System/Library/PreinstalledAssetsV2/RequiredByOs/com_apple_MobileAsset_VoiceServices_VoiceResources/2a7b172e3fbeaf5ea710db0a1b33793e0c3c92e6.asset/AssetData/he-IL_carmit.caf","23G83__iPhone18,2/System/Library/PreinstalledAssetsV2/RequiredByOs/com_apple_MobileAsset_VoiceServices_VoiceResources/2a7b172e3fbeaf5ea710db0a1b33793e0c3c92e6.asset/AssetData",0,a4b4096ded5a294044798690180f9430
Siri & Voices/Voice Assets,he-IL Carmit Buddy.caf,he-IL Carmit Buddy,he-IL_carmit_Buddy.caf,"23G83__iPhone18,2/System/Library/PreinstalledAssetsV2/RequiredByOs/com_apple_MobileAsset_VoiceServices_VoiceResources/2a7b172e3fbeaf5ea710db0a1b33793e0c3c92e6.asset/AssetData/he-IL_carmit_Buddy.caf","23G83__iPhone18,2/System/Library/PreinstalledAssetsV2/RequiredByOs/com_apple_MobileAsset_VoiceServices_VoiceResources/2a7b172e3fbeaf5ea710db0a1b33793e0c3c92e6.asset/AssetData",0,3b180ea1c29abee50aef8bae72dd2856
Siri & Voices/Voice Assets,de-DE Helena.caf,de-DE Helena,de-DE_helena.caf,"23G83__iPhone18,2/System/Library/PreinstalledAssetsV2/RequiredByOs/com_apple_MobileAsset_VoiceServices_VoiceResources/48659741bd457d48065afacde1d74c0649c93c66.asset/AssetData/de-DE_helena.caf","23G83__iPhone18,2/System/Library/PreinstalledAssetsV2/RequiredByOs/com_apple_MobileAsset_VoiceServices_VoiceResources/48659741bd457d48065afacde1d74c0649c93c66.asset/AssetData",0,7117794d788a2cb7c96c4a85c77d9f21
Siri & Voices/Voice Assets,de-DE Helena Buddy.caf,de-DE Helena Buddy,de-DE_helena_Buddy.caf,"23G83__iPhone18,2/System/Library/PreinstalledAssetsV2/RequiredByOs/com_apple_MobileAsset_VoiceServices_VoiceResources/48659741bd457d48065afacde1d74c0649c93c66.asset/AssetData/de-DE_helena_Buddy.caf","23G83__iPhone18,2/System/Library/PreinstalledAssetsV2/RequiredByOs/com_apple_MobileAsset_VoiceServices_VoiceResources/48659741bd457d48065afacde1d74c0649c93c66.asset/AssetData",0,277f0609af34f57ae8233a8051e1f052
Siri & Voices/Voice Assets,de-DE Martin.caf,de-DE Martin,de-DE_martin.caf,"23G83__iPhone18,2/System/Library/PreinstalledAssetsV2/RequiredByOs/com_apple_MobileAsset_VoiceServices_VoiceResources/48659741bd457d48065afacde1d74c0649c93c66.asset/AssetData/de-DE_martin.caf","23G83__iPhone18,2/System/Library/PreinstalledAssetsV2/RequiredByOs/com_apple_MobileAsset_VoiceServices_VoiceResources/48659741bd457d48065afacde1d74c0649c93c66.asset/AssetData",0,cf8da7216b1c67f410b06013aa71b393
Siri & Voices/Voice Assets,de-DE Martin Buddy.caf,de-DE Martin Buddy,de-DE_martin_Buddy.caf,"23G83__iPhone18,2/System/Library/PreinstalledAssetsV2/RequiredByOs/com_apple_MobileAsset_VoiceServices_VoiceResources/48659741bd457d48065afacde1d74c0649c93c66.asset/AssetData/de-DE_martin_Buddy.caf","23G83__iPhone18,2/System/Library/PreinstalledAssetsV2/RequiredByOs/com_apple_MobileAsset_VoiceServices_VoiceResources/48659741bd457d48065afacde1d74c0649c93c66.asset/AssetData",0,46bd5236166852fa6cc5ca7b3fa677fb
Siri & Voices/Voice Assets,en-US Aaron.caf,en-US Aaron,en-US_aaron.caf,"23G83__iPhone18,2/System/Library/PreinstalledAssetsV2/RequiredByOs/com_apple_MobileAsset_VoiceServices_VoiceResources/4ed42f4b0112dd8345dec52c14b1b595d67b5650.asset/AssetData/en-US_aaron.caf","23G83__iPhone18,2/System/Library/PreinstalledAssetsV2/RequiredByOs/com_apple_MobileAsset_VoiceServices_VoiceResources/4ed42f4b0112dd8345dec52c14b1b595d67b5650.asset/AssetData",0,9266d9fd948c922e4398237ea4579659
Siri & Voices/Voice Assets,en-US Aaron Buddy.caf,en-US Aaron Buddy,en-US_aaron_Buddy.caf,"23G83__iPhone18,2/System/Library/PreinstalledAssetsV2/RequiredByOs/com_apple_MobileAsset_VoiceServices_VoiceResources/4ed42f4b0112dd8345dec52c14b1b595d67b5650.asset/AssetData/en-US_aaron_Buddy.caf","23G83__iPhone18,2/System/Library/PreinstalledAssetsV2/RequiredByOs/com_apple_MobileAsset_VoiceServices_VoiceResources/4ed42f4b0112dd8345dec52c14b1b595d67b5650.asset/AssetData",0,fcf911564d44595f7ed6d084c628406b
Siri & Voices/Voice Assets,en-US Damon.caf,en-US Damon,en-US_damon.caf,"23G83__iPhone18,2/System/Library/PreinstalledAssetsV2/RequiredByOs/com_apple_MobileAsset_VoiceServices_VoiceResources/4ed42f4b0112dd8345dec52c14b1b595d67b5650.asset/AssetData/en-US_damon.caf","23G83__iPhone18,2/System/Library/PreinstalledAssetsV2/RequiredByOs/com_apple_MobileAsset_VoiceServices_VoiceResources/4ed42f4b0112dd8345dec52c14b1b595d67b5650.asset/AssetData",0,0a671f1d8333fdf3a9697847ec0069be
Siri & Voices/Voice Assets,en-US Damon Buddy.caf,en-US Damon Buddy,en-US_damon_Buddy.caf,"23G83__iPhone18,2/System/Library/PreinstalledAssetsV2/RequiredByOs/com_apple_MobileAsset_VoiceServices_VoiceResources/4ed42f4b0112dd8345dec52c14b1b595d67b5650.asset/AssetData/en-US_damon_Buddy.caf","23G83__iPhone18,2/System/Library/PreinstalledAssetsV2/RequiredByOs/com_apple_MobileAsset_VoiceServices_VoiceResources/4ed42f4b0112dd8345dec52c14b1b595d67b5650.asset/AssetData",0,82a8169a265ae046abe135e2b36ff085
Siri & Voices/Voice Assets,en-US Nora.caf,en-US Nora,en-US_nora.caf,"23G83__iPhone18,2/System/Library/PreinstalledAssetsV2/RequiredByOs/com_apple_MobileAsset_VoiceServices_VoiceResources/4ed42f4b0112dd8345dec52c14b1b595d67b5650.asset/AssetData/en-US_nora.caf","23G83__iPhone18,2/System/Library/PreinstalledAssetsV2/RequiredByOs/com_apple_MobileAsset_VoiceServices_VoiceResources/4ed42f4b0112dd8345dec52c14b1b595d67b5650.asset/AssetData",0,39b3e8f7b4725c53cc04dac32b35a55d
Siri & Voices/Voice Assets,en-US Nora Buddy.caf,en-US Nora Buddy,en-US_nora_Buddy.caf,"23G83__iPhone18,2/System/Library/PreinstalledAssetsV2/RequiredByOs/com_apple_MobileAsset_VoiceServices_VoiceResources/4ed42f4b0112dd8345dec52c14b1b595d67b5650.asset/AssetData/en-US_nora_Buddy.caf","23G83__iPhone18,2/System/Library/PreinstalledAssetsV2/RequiredByOs/com_apple_MobileAsset_VoiceServices_VoiceResources/4ed42f4b0112dd8345dec52c14b1b595d67b5650.asset/AssetData",0,390e641a7a486febeac4f02e77c718fb
Siri & Voices/Voice Assets,en-US Simone.caf,en-US Simone,en-US_simone.caf,"23G83__iPhone18,2/System/Library/PreinstalledAssetsV2/RequiredByOs/com_apple_MobileAsset_VoiceServices_VoiceResources/4ed42f4b0112dd8345dec52c14b1b595d67b5650.asset/AssetData/en-US_simone.caf","23G83__iPhone18,2/System/Library/PreinstalledAssetsV2/RequiredByOs/com_apple_MobileAsset_VoiceServices_VoiceResources/4ed42f4b0112dd8345dec52c14b1b595d67b5650.asset/AssetData",0,b2c51e45d86231f61a606e19adc12bc4
Siri & Voices/Voice Assets,en-US Simone Buddy.caf,en-US Simone Buddy,en-US_simone_Buddy.caf,"23G83__iPhone18,2/System/Library/PreinstalledAssetsV2/RequiredByOs/com_apple_MobileAsset_VoiceServices_VoiceResources/4ed42f4b0112dd8345dec52c14b1b595d67b5650.asset/AssetData/en-US_simone_Buddy.caf","23G83__iPhone18,2/System/Library/PreinstalledAssetsV2/RequiredByOs/com_apple_MobileAsset_VoiceServices_VoiceResources/4ed42f4b0112dd8345dec52c14b1b595d67b5650.asset/AssetData",0,4bdee19f6f44ddbcb1713c6bc52a9c0d
Siri & Voices/Voice Assets,nb-NO Ingrid.caf,nb-NO Ingrid,nb-NO_ingrid.caf,"23G83__iPhone18,2/System/Library/PreinstalledAssetsV2/RequiredByOs/com_apple_MobileAsset_VoiceServices_VoiceResources/5b4bf05d9fc1fa05f9a1bbbaa45e27d34b9d2a22.asset/AssetData/nb-NO_ingrid.caf","23G83__iPhone18,2/System/Library/PreinstalledAssetsV2/RequiredByOs/com_apple_MobileAsset_VoiceServices_VoiceResources/5b4bf05d9fc1fa05f9a1bbbaa45e27d34b9d2a22.asset/AssetData",0,281e949d6022b3b4f674e11c785a3bcc
Siri & Voices/Voice Assets,nb-NO Ingrid Buddy.caf,nb-NO Ingrid Buddy,nb-NO_ingrid_Buddy.caf,"23G83__iPhone18,2/System/Library/PreinstalledAssetsV2/RequiredByOs/com_apple_MobileAsset_VoiceServices_VoiceResources/5b4bf05d9fc1fa05f9a1bbbaa45e27d34b9d2a22.asset/AssetData/nb-NO_ingrid_Buddy.caf","23G83__iPhone18,2/System/Library/PreinstalledAssetsV2/RequiredByOs/com_apple_MobileAsset_VoiceServices_VoiceResources/5b4bf05d9fc1fa05f9a1bbbaa45e27d34b9d2a22.asset/AssetData",0,ce11c346330d54b0b7a18af63c47b289
Siri & Voices/Voice Assets,nb-NO Marius.caf,nb-NO Marius,nb-NO_marius.caf,"23G83__iPhone18,2/System/Library/PreinstalledAssetsV2/RequiredByOs/com_apple_MobileAsset_VoiceServices_VoiceResources/5b4bf05d9fc1fa05f9a1bbbaa45e27d34b9d2a22.asset/AssetData/nb-NO_marius.caf","23G83__iPhone18,2/System/Library/PreinstalledAssetsV2/RequiredByOs/com_apple_MobileAsset_VoiceServices_VoiceResources/5b4bf05d9fc1fa05f9a1bbbaa45e27d34b9d2a22.asset/AssetData",0,a39ec1efc66f2c210ce55869d57370ae
Siri & Voices/Voice Assets,nb-NO Marius Buddy.caf,nb-NO Marius Buddy,nb-NO_marius_Buddy.caf,"23G83__iPhone18,2/System/Library/PreinstalledAssetsV2/RequiredByOs/com_apple_MobileAsset_VoiceServices_VoiceResources/5b4bf05d9fc1fa05f9a1bbbaa45e27d34b9d2a22.asset/AssetData/nb-NO_marius_Buddy.caf","23G83__iPhone18,2/System/Library/PreinstalledAssetsV2/RequiredByOs/com_apple_MobileAsset_VoiceServices_VoiceResources/5b4bf05d9fc1fa05f9a1bbbaa45e27d34b9d2a22.asset/AssetData",0,24c12ae97a9c3bc4df8724cf4f016b30
Siri & Voices/Voice Assets,ja-JP Hattori.caf,ja-JP Hattori,ja-JP_hattori.caf,"23G83__iPhone18,2/System/Library/PreinstalledAssetsV2/RequiredByOs/com_apple_MobileAsset_VoiceServices_VoiceResources/5bc2c551f9f55176ac93875974e87b3147d84397.asset/AssetData/ja-JP_hattori.caf","23G83__iPhone18,2/System/Library/PreinstalledAssetsV2/RequiredByOs/com_apple_MobileAsset_VoiceServices_VoiceResources/5bc2c551f9f55176ac93875974e87b3147d84397.asset/AssetData",0,903441a5a780788dc17e20fbe1a29005
Siri & Voices/Voice Assets,ja-JP Hattori Buddy.caf,ja-JP Hattori Buddy,ja-JP_hattori_Buddy.caf,"23G83__iPhone18,2/System/Library/PreinstalledAssetsV2/RequiredByOs/com_apple_MobileAsset_VoiceServices_VoiceResources/5bc2c551f9f55176ac93875974e87b3147d84397.asset/AssetData/ja-JP_hattori_Buddy.caf","23G83__iPhone18,2/System/Library/PreinstalledAssetsV2/RequiredByOs/com_apple_MobileAsset_VoiceServices_VoiceResources/5bc2c551f9f55176ac93875974e87b3147d84397.asset/AssetData",0,e5a3c3f11057e3682800e5eea0804c12
Siri & Voices/Voice Assets,ja-JP Oren.caf,ja-JP Oren,ja-JP_oren.caf,"23G83__iPhone18,2/System/Library/PreinstalledAssetsV2/RequiredByOs/com_apple_MobileAsset_VoiceServices_VoiceResources/5bc2c551f9f55176ac93875974e87b3147d84397.asset/AssetData/ja-JP_oren.caf","23G83__iPhone18,2/System/Library/PreinstalledAssetsV2/RequiredByOs/com_apple_MobileAsset_VoiceServices_VoiceResources/5bc2c551f9f55176ac93875974e87b3147d84397.asset/AssetData",0,6311c42e043db363353f450d358249be
Siri & Voices/Voice Assets,ja-JP Oren Buddy.caf,ja-JP Oren Buddy,ja-JP_oren_Buddy.caf,"23G83__iPhone18,2/System/Library/PreinstalledAssetsV2/RequiredByOs/com_apple_MobileAsset_VoiceServices_VoiceResources/5bc2c551f9f55176ac93875974e87b3147d84397.asset/AssetData/ja-JP_oren_Buddy.caf","23G83__iPhone18,2/System/Library/PreinstalledAssetsV2/RequiredByOs/com_apple_MobileAsset_VoiceServices_VoiceResources/5bc2c551f9f55176ac93875974e87b3147d84397.asset/AssetData",0,34411711a3de25bf7916b1026cc2dc14
Siri & Voices/Voice Assets,es-ES Luisa.caf,es-ES Luisa,es-ES_luisa.caf,"23G83__iPhone18,2/System/Library/PreinstalledAssetsV2/RequiredByOs/com_apple_MobileAsset_VoiceServices_VoiceResources/60e26bbd525f74d7ac38763c85e45aa76c40418f.asset/AssetData/es-ES_luisa.caf","23G83__iPhone18,2/System/Library/PreinstalledAssetsV2/RequiredByOs/com_apple_MobileAsset_VoiceServices_VoiceResources/60e26bbd525f74d7ac38763c85e45aa76c40418f.asset/AssetData",0,03949282da3b05f8107ad10e195a735e
Siri & Voices/Voice Assets,es-ES Luisa Buddy.caf,es-ES Luisa Buddy,es-ES_luisa_Buddy.caf,"23G83__iPhone18,2/System/Library/PreinstalledAssetsV2/RequiredByOs/com_apple_MobileAsset_VoiceServices_VoiceResources/60e26bbd525f74d7ac38763c85e45aa76c40418f.asset/AssetData/es-ES_luisa_Buddy.caf","23G83__iPhone18,2/System/Library/PreinstalledAssetsV2/RequiredByOs/com_apple_MobileAsset_VoiceServices_VoiceResources/60e26bbd525f74d7ac38763c85e45aa76c40418f.asset/AssetData",0,e4ad0cfb8cc363b0ebf54d88dcdfee1d
Siri & Voices/Voice Assets,es-ES Vincent.caf,es-ES Vincent,es-ES_vincent.caf,"23G83__iPhone18,2/System/Library/PreinstalledAssetsV2/RequiredByOs/com_apple_MobileAsset_VoiceServices_VoiceResources/60e26bbd525f74d7ac38763c85e45aa76c40418f.asset/AssetData/es-ES_vincent.caf","23G83__iPhone18,2/System/Library/PreinstalledAssetsV2/RequiredByOs/com_apple_MobileAsset_VoiceServices_VoiceResources/60e26bbd525f74d7ac38763c85e45aa76c40418f.asset/AssetData",0,219044e96cbc9754533d1b01e5e98010
Siri & Voices/Voice Assets,es-ES Vincent Buddy.caf,es-ES Vincent Buddy,es-ES_vincent_Buddy.caf,"23G83__iPhone18,2/System/Library/PreinstalledAssetsV2/RequiredByOs/com_apple_MobileAsset_VoiceServices_VoiceResources/60e26bbd525f74d7ac38763c85e45aa76c40418f.asset/AssetData/es-ES_vincent_Buddy.caf","23G83__iPhone18,2/System/Library/PreinstalledAssetsV2/RequiredByOs/com_apple_MobileAsset_VoiceServices_VoiceResources/60e26bbd525f74d7ac38763c85e45aa76c40418f.asset/AssetData",0,e0f78d5cbf0e308aebd90915d129e2a7
Siri & Voices/Voice Assets,th-TH Kanya.caf,th-TH Kanya,th-TH_kanya.caf,"23G83__iPhone18,2/System/Library/PreinstalledAssetsV2/RequiredByOs/com_apple_MobileAsset_VoiceServices_VoiceResources/6adf47f3509eeb93ff1b851fe289b693d2e3810b.asset/AssetData/th-TH_kanya.caf","23G83__iPhone18,2/System/Library/PreinstalledAssetsV2/RequiredByOs/com_apple_MobileAsset_VoiceServices_VoiceResources/6adf47f3509eeb93ff1b851fe289b693d2e3810b.asset/AssetData",0,0f8e4aa5a7bb2e2febaff482837cce54
Siri & Voices/Voice Assets,th-TH Kanya Buddy.caf,th-TH Kanya Buddy,th-TH_kanya_Buddy.caf,"23G83__iPhone18,2/System/Library/PreinstalledAssetsV2/RequiredByOs/com_apple_MobileAsset_VoiceServices_VoiceResources/6adf47f3509eeb93ff1b851fe289b693d2e3810b.asset/AssetData/th-TH_kanya_Buddy.caf","23G83__iPhone18,2/System/Library/PreinstalledAssetsV2/RequiredByOs/com_apple_MobileAsset_VoiceServices_VoiceResources/6adf47f3509eeb93ff1b851fe289b693d2e3810b.asset/AssetData",0,aa21981250b0244eaaa29086b882f53a
Siri & Voices/Voice Assets,fr-CA Pierre.caf,fr-CA Pierre,fr-CA_pierre.caf,"23G83__iPhone18,2/System/Library/PreinstalledAssetsV2/RequiredByOs/com_apple_MobileAsset_VoiceServices_VoiceResources/720c73c45b588522f7bdb2c111aa7aa1f826cf54.asset/AssetData/fr-CA_pierre.caf","23G83__iPhone18,2/System/Library/PreinstalledAssetsV2/RequiredByOs/com_apple_MobileAsset_VoiceServices_VoiceResources/720c73c45b588522f7bdb2c111aa7aa1f826cf54.asset/AssetData",0,6dfbf4f37f7c6bd8b784654b0968c303
Siri & Voices/Voice Assets,fr-CA Pierre Buddy.caf,fr-CA Pierre Buddy,fr-CA_pierre_Buddy.caf,"23G83__iPhone18,2/System/Library/PreinstalledAssetsV2/RequiredByOs/com_apple_MobileAsset_VoiceServices_VoiceResources/720c73c45b588522f7bdb2c111aa7aa1f826cf54.asset/AssetData/fr-CA_pierre_Buddy.caf","23G83__iPhone18,2/System/Library/PreinstalledAssetsV2/RequiredByOs/com_apple_MobileAsset_VoiceServices_VoiceResources/720c73c45b588522f7bdb2c111aa7aa1f826cf54.asset/AssetData",0,1490b79c3f518025095d86bf5c926981
Siri & Voices/Voice Assets,fr-CA Sophie.caf,fr-CA Sophie,fr-CA_sophie.caf,"23G83__iPhone18,2/System/Library/PreinstalledAssetsV2/RequiredByOs/com_apple_MobileAsset_VoiceServices_VoiceResources/720c73c45b588522f7bdb2c111aa7aa1f826cf54.asset/AssetData/fr-CA_sophie.caf","23G83__iPhone18,2/System/Library/PreinstalledAssetsV2/RequiredByOs/com_apple_MobileAsset_VoiceServices_VoiceResources/720c73c45b588522f7bdb2c111aa7aa1f826cf54.asset/AssetData",0,5a6cece7543699ccbb6051a19b112648
Siri & Voices/Voice Assets,fr-CA Sophie Buddy.caf,fr-CA Sophie Buddy,fr-CA_sophie_Buddy.caf,"23G83__iPhone18,2/System/Library/PreinstalledAssetsV2/RequiredByOs/com_apple_MobileAsset_VoiceServices_VoiceResources/720c73c45b588522f7bdb2c111aa7aa1f826cf54.asset/AssetData/fr-CA_sophie_Buddy.caf","23G83__iPhone18,2/System/Library/PreinstalledAssetsV2/RequiredByOs/com_apple_MobileAsset_VoiceServices_VoiceResources/720c73c45b588522f7bdb2c111aa7aa1f826cf54.asset/AssetData",0,3c64a746fd9922eb36fd38721cec07f2
Siri & Voices/Voice Assets,en-ZA Leona.caf,en-ZA Leona,en-ZA_leona.caf,"23G83__iPhone18,2/System/Library/PreinstalledAssetsV2/RequiredByOs/com_apple_MobileAsset_VoiceServices_VoiceResources/7612625782533d31970009ecff82b1759e9dfdab.asset/AssetData/en-ZA_leona.caf","23G83__iPhone18,2/System/Library/PreinstalledAssetsV2/RequiredByOs/com_apple_MobileAsset_VoiceServices_VoiceResources/7612625782533d31970009ecff82b1759e9dfdab.asset/AssetData",0,47d48430481e47554a5f09d2978690a0
Siri & Voices/Voice Assets,en-ZA Leona Buddy.caf,en-ZA Leona Buddy,en-ZA_leona_Buddy.caf,"23G83__iPhone18,2/System/Library/PreinstalledAssetsV2/RequiredByOs/com_apple_MobileAsset_VoiceServices_VoiceResources/7612625782533d31970009ecff82b1759e9dfdab.asset/AssetData/en-ZA_leona_Buddy.caf","23G83__iPhone18,2/System/Library/PreinstalledAssetsV2/RequiredByOs/com_apple_MobileAsset_VoiceServices_VoiceResources/7612625782533d31970009ecff82b1759e9dfdab.asset/AssetData",0,ff5c55dab37008d1a7a4f6140eb08e16
Siri & Voices/Voice Assets,en-ZA Xander.caf,en-ZA Xander,en-ZA_xander.caf,"23G83__iPhone18,2/System/Library/PreinstalledAssetsV2/RequiredByOs/com_apple_MobileAsset_VoiceServices_VoiceResources/7612625782533d31970009ecff82b1759e9dfdab.asset/AssetData/en-ZA_xander.caf","23G83__iPhone18,2/System/Library/PreinstalledAssetsV2/RequiredByOs/com_apple_MobileAsset_VoiceServices_VoiceResources/7612625782533d31970009ecff82b1759e9dfdab.asset/AssetData",0,971e7155ff9143206a370c677bd30a75
Siri & Voices/Voice Assets,en-ZA Xander Buddy.caf,en-ZA Xander Buddy,en-ZA_xander_Buddy.caf,"23G83__iPhone18,2/System/Library/PreinstalledAssetsV2/RequiredByOs/com_apple_MobileAsset_VoiceServices_VoiceResources/7612625782533d31970009ecff82b1759e9dfdab.asset/AssetData/en-ZA_xander_Buddy.caf","23G83__iPhone18,2/System/Library/PreinstalledAssetsV2/RequiredByOs/com_apple_MobileAsset_VoiceServices_VoiceResources/7612625782533d31970009ecff82b1759e9dfdab.asset/AssetData",0,6e40013874460fe396d19318ae594704
Siri & Voices/Voice Assets,en-IN Akash.caf,en-IN Akash,en-IN_akash.caf,"23G83__iPhone18,2/System/Library/PreinstalledAssetsV2/RequiredByOs/com_apple_MobileAsset_VoiceServices_VoiceResources/81473221311a492a68558a9115fdc6f022211ab0.asset/AssetData/en-IN_akash.caf","23G83__iPhone18,2/System/Library/PreinstalledAssetsV2/RequiredByOs/com_apple_MobileAsset_VoiceServices_VoiceResources/81473221311a492a68558a9115fdc6f022211ab0.asset/AssetData",0,c866f97b45908fc180de74a55893a0a1
Siri & Voices/Voice Assets,en-IN Akash Buddy.caf,en-IN Akash Buddy,en-IN_akash_Buddy.caf,"23G83__iPhone18,2/System/Library/PreinstalledAssetsV2/RequiredByOs/com_apple_MobileAsset_VoiceServices_VoiceResources/81473221311a492a68558a9115fdc6f022211ab0.asset/AssetData/en-IN_akash_Buddy.caf","23G83__iPhone18,2/System/Library/PreinstalledAssetsV2/RequiredByOs/com_apple_MobileAsset_VoiceServices_VoiceResources/81473221311a492a68558a9115fdc6f022211ab0.asset/AssetData",0,c5ef0fbcf049e52746cccaf968c7191a
Siri & Voices/Voice Assets,en-IN Riya.caf,en-IN Riya,en-IN_riya.caf,"23G83__iPhone18,2/System/Library/PreinstalledAssetsV2/RequiredByOs/com_apple_MobileAsset_VoiceServices_VoiceResources/81473221311a492a68558a9115fdc6f022211ab0.asset/AssetData/en-IN_riya.caf","23G83__iPhone18,2/System/Library/PreinstalledAssetsV2/RequiredByOs/com_apple_MobileAsset_VoiceServices_VoiceResources/81473221311a492a68558a9115fdc6f022211ab0.asset/AssetData",0,a8b65051650ab5031d663ea7e9165372
Siri & Voices/Voice Assets,en-IN Riya Buddy.caf,en-IN Riya Buddy,en-IN_riya_Buddy.caf,"23G83__iPhone18,2/System/Library/PreinstalledAssetsV2/RequiredByOs/com_apple_MobileAsset_VoiceServices_VoiceResources/81473221311a492a68558a9115fdc6f022211ab0.asset/AssetData/en-IN_riya_Buddy.caf","23G83__iPhone18,2/System/Library/PreinstalledAssetsV2/RequiredByOs/com_apple_MobileAsset_VoiceServices_VoiceResources/81473221311a492a68558a9115fdc6f022211ab0.asset/AssetData",0,6ebdcaa2eceb7792fd61c536ea3e4e34
Siri & Voices/Voice Assets,es-MX Angel.caf,es-MX Angel,es-MX_angel.caf,"23G83__iPhone18,2/System/Library/PreinstalledAssetsV2/RequiredByOs/com_apple_MobileAsset_VoiceServices_VoiceResources/81f61f46b00900069daa952b1b39dde09faf11db.asset/AssetData/es-MX_angel.caf","23G83__iPhone18,2/System/Library/PreinstalledAssetsV2/RequiredByOs/com_apple_MobileAsset_VoiceServices_VoiceResources/81f61f46b00900069daa952b1b39dde09faf11db.asset/AssetData",0,b252cb5ee4f5f1112876b81bfeb77349
Siri & Voices/Voice Assets,es-MX Angel Buddy.caf,es-MX Angel Buddy,es-MX_angel_Buddy.caf,"23G83__iPhone18,2/System/Library/PreinstalledAssetsV2/RequiredByOs/com_apple_MobileAsset_VoiceServices_VoiceResources/81f61f46b00900069daa952b1b39dde09faf11db.asset/AssetData/es-MX_angel_Buddy.caf","23G83__iPhone18,2/System/Library/PreinstalledAssetsV2/RequiredByOs/com_apple_MobileAsset_VoiceServices_VoiceResources/81f61f46b00900069daa952b1b39dde09faf11db.asset/AssetData",0,bc753846e534e0571337e7060a85573a
Siri & Voices/Voice Assets,es-MX Carmen.caf,es-MX Carmen,es-MX_carmen.caf,"23G83__iPhone18,2/System/Library/PreinstalledAssetsV2/RequiredByOs/com_apple_MobileAsset_VoiceServices_VoiceResources/81f61f46b00900069daa952b1b39dde09faf11db.asset/AssetData/es-MX_carmen.caf","23G83__iPhone18,2/System/Library/PreinstalledAssetsV2/RequiredByOs/com_apple_MobileAsset_VoiceServices_VoiceResources/81f61f46b00900069daa952b1b39dde09faf11db.asset/AssetData",0,a21153e89ec206f3a729f564148be39b
Siri & Voices/Voice Assets,es-MX Carmen Buddy.caf,es-MX Carmen Buddy,es-MX_carmen_Buddy.caf,"23G83__iPhone18,2/System/Library/PreinstalledAssetsV2/RequiredByOs/com_apple_MobileAsset_VoiceServices_VoiceResources/81f61f46b00900069daa952b1b39dde09faf11db.asset/AssetData/es-MX_carmen_Buddy.caf","23G83__iPhone18,2/System/Library/PreinstalledAssetsV2/RequiredByOs/com_apple_MobileAsset_VoiceServices_VoiceResources/81f61f46b00900069daa952b1b39dde09faf11db.asset/AssetData",0,ad0a1d14f942c93ea98c5eae9893ce86
Siri & Voices/Voice Assets,en-AU Catherine.caf,en-AU Catherine,en-AU_catherine.caf,"23G83__iPhone18,2/System/Library/PreinstalledAssetsV2/RequiredByOs/com_apple_MobileAsset_VoiceServices_VoiceResources/8d437821c08b29b962a0e84f3223b33bd25d1b7d.asset/AssetData/en-AU_catherine.caf","23G83__iPhone18,2/System/Library/PreinstalledAssetsV2/RequiredByOs/com_apple_MobileAsset_VoiceServices_VoiceResources/8d437821c08b29b962a0e84f3223b33bd25d1b7d.asset/AssetData",0,54ca3e41bedb2db487dfc3dbec476d77
Siri & Voices/Voice Assets,en-AU Catherine Buddy.caf,en-AU Catherine Buddy,en-AU_catherine_Buddy.caf,"23G83__iPhone18,2/System/Library/PreinstalledAssetsV2/RequiredByOs/com_apple_MobileAsset_VoiceServices_VoiceResources/8d437821c08b29b962a0e84f3223b33bd25d1b7d.asset/AssetData/en-AU_catherine_Buddy.caf","23G83__iPhone18,2/System/Library/PreinstalledAssetsV2/RequiredByOs/com_apple_MobileAsset_VoiceServices_VoiceResources/8d437821c08b29b962a0e84f3223b33bd25d1b7d.asset/AssetData",0,65d91dbcdf94f1bfc5fd3f19ef746e87
Siri & Voices/Voice Assets,en-AU Gordon.caf,en-AU Gordon,en-AU_gordon.caf,"23G83__iPhone18,2/System/Library/PreinstalledAssetsV2/RequiredByOs/com_apple_MobileAsset_VoiceServices_VoiceResources/8d437821c08b29b962a0e84f3223b33bd25d1b7d.asset/AssetData/en-AU_gordon.caf","23G83__iPhone18,2/System/Library/PreinstalledAssetsV2/RequiredByOs/com_apple_MobileAsset_VoiceServices_VoiceResources/8d437821c08b29b962a0e84f3223b33bd25d1b7d.asset/AssetData",0,005ad4ce7ab1c80406116cfb0b78d09b
Siri & Voices/Voice Assets,en-AU Gordon Buddy.caf,en-AU Gordon Buddy,en-AU_gordon_Buddy.caf,"23G83__iPhone18,2/System/Library/PreinstalledAssetsV2/RequiredByOs/com_apple_MobileAsset_VoiceServices_VoiceResources/8d437821c08b29b962a0e84f3223b33bd25d1b7d.asset/AssetData/en-AU_gordon_Buddy.caf","23G83__iPhone18,2/System/Library/PreinstalledAssetsV2/RequiredByOs/com_apple_MobileAsset_VoiceServices_VoiceResources/8d437821c08b29b962a0e84f3223b33bd25d1b7d.asset/AssetData",0,2024f06283584f09dd78a06619df76f4
Siri & Voices/Voice Assets,sv-SE Axel.caf,sv-SE Axel,sv-SE_axel.caf,"23G83__iPhone18,2/System/Library/PreinstalledAssetsV2/RequiredByOs/com_apple_MobileAsset_VoiceServices_VoiceResources/9723c7a8c14f7a3313aa0201e29fb7ab8393d4a2.asset/AssetData/sv-SE_axel.caf","23G83__iPhone18,2/System/Library/PreinstalledAssetsV2/RequiredByOs/com_apple_MobileAsset_VoiceServices_VoiceResources/9723c7a8c14f7a3313aa0201e29fb7ab8393d4a2.asset/AssetData",0,6cd1990953c6776f81e368170e0a9ea6
Siri & Voices/Voice Assets,sv-SE Axel Buddy.caf,sv-SE Axel Buddy,sv-SE_axel_Buddy.caf,"23G83__iPhone18,2/System/Library/PreinstalledAssetsV2/RequiredByOs/com_apple_MobileAsset_VoiceServices_VoiceResources/9723c7a8c14f7a3313aa0201e29fb7ab8393d4a2.asset/AssetData/sv-SE_axel_Buddy.caf","23G83__iPhone18,2/System/Library/PreinstalledAssetsV2/RequiredByOs/com_apple_MobileAsset_VoiceServices_VoiceResources/9723c7a8c14f7a3313aa0201e29fb7ab8393d4a2.asset/AssetData",0,02b7f3e8b46f432ab78bbfd6962981fa
Siri & Voices/Voice Assets,sv-SE Tilde.caf,sv-SE Tilde,sv-SE_tilde.caf,"23G83__iPhone18,2/System/Library/PreinstalledAssetsV2/RequiredByOs/com_apple_MobileAsset_VoiceServices_VoiceResources/9723c7a8c14f7a3313aa0201e29fb7ab8393d4a2.asset/AssetData/sv-SE_tilde.caf","23G83__iPhone18,2/System/Library/PreinstalledAssetsV2/RequiredByOs/com_apple_MobileAsset_VoiceServices_VoiceResources/9723c7a8c14f7a3313aa0201e29fb7ab8393d4a2.asset/AssetData",0,e3575203acff75b61611828fa673b308
Siri & Voices/Voice Assets,sv-SE Tilde Buddy.caf,sv-SE Tilde Buddy,sv-SE_tilde_Buddy.caf,"23G83__iPhone18,2/System/Library/PreinstalledAssetsV2/RequiredByOs/com_apple_MobileAsset_VoiceServices_VoiceResources/9723c7a8c14f7a3313aa0201e29fb7ab8393d4a2.asset/AssetData/sv-SE_tilde_Buddy.caf","23G83__iPhone18,2/System/Library/PreinstalledAssetsV2/RequiredByOs/com_apple_MobileAsset_VoiceServices_VoiceResources/9723c7a8c14f7a3313aa0201e29fb7ab8393d4a2.asset/AssetData",0,30e5cbf82981760441acf1099ceb971a
Siri & Voices/Voice Assets,ar-SA Maged.caf,ar-SA Maged,ar-SA_maged.caf,"23G83__iPhone18,2/System/Library/PreinstalledAssetsV2/RequiredByOs/com_apple_MobileAsset_VoiceServices_VoiceResources/9b1fb1c63e5e2b2e49c2a60d4095222f578c96ab.asset/AssetData/ar-SA_maged.caf","23G83__iPhone18,2/System/Library/PreinstalledAssetsV2/RequiredByOs/com_apple_MobileAsset_VoiceServices_VoiceResources/9b1fb1c63e5e2b2e49c2a60d4095222f578c96ab.asset/AssetData",0,db6c68fbb6c98a77a32ed8904e27610f
Siri & Voices/Voice Assets,ar-SA Maged Buddy.caf,ar-SA Maged Buddy,ar-SA_maged_Buddy.caf,"23G83__iPhone18,2/System/Library/PreinstalledAssetsV2/RequiredByOs/com_apple_MobileAsset_VoiceServices_VoiceResources/9b1fb1c63e5e2b2e49c2a60d4095222f578c96ab.asset/AssetData/ar-SA_maged_Buddy.caf","23G83__iPhone18,2/System/Library/PreinstalledAssetsV2/RequiredByOs/com_apple_MobileAsset_VoiceServices_VoiceResources/9b1fb1c63e5e2b2e49c2a60d4095222f578c96ab.asset/AssetData",0,61f6442ae345f0ea796b808a831465a0
Siri & Voices/Voice Assets,en-GB Arthur.caf,en-GB Arthur,en-GB_arthur.caf,"23G83__iPhone18,2/System/Library/PreinstalledAssetsV2/RequiredByOs/com_apple_MobileAsset_VoiceServices_VoiceResources/a87ac808dec888e11983b8af6e1ec6fc04d19d4d.asset/AssetData/en-GB_arthur.caf","23G83__iPhone18,2/System/Library/PreinstalledAssetsV2/RequiredByOs/com_apple_MobileAsset_VoiceServices_VoiceResources/a87ac808dec888e11983b8af6e1ec6fc04d19d4d.asset/AssetData",0,109c501145d64adb1c7b34388f7205c8
Siri & Voices/Voice Assets,en-GB Arthur Buddy.caf,en-GB Arthur Buddy,en-GB_arthur_Buddy.caf,"23G83__iPhone18,2/System/Library/PreinstalledAssetsV2/RequiredByOs/com_apple_MobileAsset_VoiceServices_VoiceResources/a87ac808dec888e11983b8af6e1ec6fc04d19d4d.asset/AssetData/en-GB_arthur_Buddy.caf","23G83__iPhone18,2/System/Library/PreinstalledAssetsV2/RequiredByOs/com_apple_MobileAsset_VoiceServices_VoiceResources/a87ac808dec888e11983b8af6e1ec6fc04d19d4d.asset/AssetData",0,d95a97c3247ab8e57856b0c3bc984eba
Siri & Voices/Voice Assets,en-GB Martha.caf,en-GB Martha,en-GB_martha.caf,"23G83__iPhone18,2/System/Library/PreinstalledAssetsV2/RequiredByOs/com_apple_MobileAsset_VoiceServices_VoiceResources/a87ac808dec888e11983b8af6e1ec6fc04d19d4d.asset/AssetData/en-GB_martha.caf","23G83__iPhone18,2/System/Library/PreinstalledAssetsV2/RequiredByOs/com_apple_MobileAsset_VoiceServices_VoiceResources/a87ac808dec888e11983b8af6e1ec6fc04d19d4d.asset/AssetData",0,0977080375b52398d3a54dbbc70f339a
Siri & Voices/Voice Assets,en-GB Martha Buddy.caf,en-GB Martha Buddy,en-GB_martha_Buddy.caf,"23G83__iPhone18,2/System/Library/PreinstalledAssetsV2/RequiredByOs/com_apple_MobileAsset_VoiceServices_VoiceResources/a87ac808dec888e11983b8af6e1ec6fc04d19d4d.asset/AssetData/en-GB_martha_Buddy.caf","23G83__iPhone18,2/System/Library/PreinstalledAssetsV2/RequiredByOs/com_apple_MobileAsset_VoiceServices_VoiceResources/a87ac808dec888e11983b8af6e1ec6fc04d19d4d.asset/AssetData",0,c1603a48bdef0ff4116396249d016f7c
Siri & Voices/Voice Assets,en-IE Aidan.caf,en-IE Aidan,en-IE_aidan.caf,"23G83__iPhone18,2/System/Library/PreinstalledAssetsV2/RequiredByOs/com_apple_MobileAsset_VoiceServices_VoiceResources/ba68fbbde0f4e862587649a19d9041b70663437a.asset/AssetData/en-IE_aidan.caf","23G83__iPhone18,2/System/Library/PreinstalledAssetsV2/RequiredByOs/com_apple_MobileAsset_VoiceServices_VoiceResources/ba68fbbde0f4e862587649a19d9041b70663437a.asset/AssetData",0,590d281abe14dfd902bcaa71a013ba56
Siri & Voices/Voice Assets,en-IE Aidan Buddy.caf,en-IE Aidan Buddy,en-IE_aidan_Buddy.caf,"23G83__iPhone18,2/System/Library/PreinstalledAssetsV2/RequiredByOs/com_apple_MobileAsset_VoiceServices_VoiceResources/ba68fbbde0f4e862587649a19d9041b70663437a.asset/AssetData/en-IE_aidan_Buddy.caf","23G83__iPhone18,2/System/Library/PreinstalledAssetsV2/RequiredByOs/com_apple_MobileAsset_VoiceServices_VoiceResources/ba68fbbde0f4e862587649a19d9041b70663437a.asset/AssetData",0,529536d4b9b55617431090e20b275d3e
Siri & Voices/Voice Assets,en-IE Maeve.caf,en-IE Maeve,en-IE_maeve.caf,"23G83__iPhone18,2/System/Library/PreinstalledAssetsV2/RequiredByOs/com_apple_MobileAsset_VoiceServices_VoiceResources/ba68fbbde0f4e862587649a19d9041b70663437a.asset/AssetData/en-IE_maeve.caf","23G83__iPhone18,2/System/Library/PreinstalledAssetsV2/RequiredByOs/com_apple_MobileAsset_VoiceServices_VoiceResources/ba68fbbde0f4e862587649a19d9041b70663437a.asset/AssetData",0,fa55ab60d9096643403364c84c21d05d
Siri & Voices/Voice Assets,en-IE Maeve Buddy.caf,en-IE Maeve Buddy,en-IE_maeve_Buddy.caf,"23G83__iPhone18,2/System/Library/PreinstalledAssetsV2/RequiredByOs/com_apple_MobileAsset_VoiceServices_VoiceResources/ba68fbbde0f4e862587649a19d9041b70663437a.asset/AssetData/en-IE_maeve_Buddy.caf","23G83__iPhone18,2/System/Library/PreinstalledAssetsV2/RequiredByOs/com_apple_MobileAsset_VoiceServices_VoiceResources/ba68fbbde0f4e862587649a19d9041b70663437a.asset/AssetData",0,5fa640be321e57630d477bb697a0af92
Siri & Voices/Voice Assets,zh-HK Hoyin.caf,zh-HK Hoyin,zh-HK_hoyin.caf,"23G83__iPhone18,2/System/Library/PreinstalledAssetsV2/RequiredByOs/com_apple_MobileAsset_VoiceServices_VoiceResources/bae2a465539007d2e66ba7a4e946c1c69c06f17a.asset/AssetData/zh-HK_hoyin.caf","23G83__iPhone18,2/System/Library/PreinstalledAssetsV2/RequiredByOs/com_apple_MobileAsset_VoiceServices_VoiceResources/bae2a465539007d2e66ba7a4e946c1c69c06f17a.asset/AssetData",0,ef5b17f7860cfe0860ad3bbdc10882c9
Siri & Voices/Voice Assets,zh-HK Hoyin Buddy.caf,zh-HK Hoyin Buddy,zh-HK_hoyin_Buddy.caf,"23G83__iPhone18,2/System/Library/PreinstalledAssetsV2/RequiredByOs/com_apple_MobileAsset_VoiceServices_VoiceResources/bae2a465539007d2e66ba7a4e946c1c69c06f17a.asset/AssetData/zh-HK_hoyin_Buddy.caf","23G83__iPhone18,2/System/Library/PreinstalledAssetsV2/RequiredByOs/com_apple_MobileAsset_VoiceServices_VoiceResources/bae2a465539007d2e66ba7a4e946c1c69c06f17a.asset/AssetData",0,95f7af25b7f3fd68b707b36115fba5ad
Siri & Voices/Voice Assets,zh-HK Kayan.caf,zh-HK Kayan,zh-HK_kayan.caf,"23G83__iPhone18,2/System/Library/PreinstalledAssetsV2/RequiredByOs/com_apple_MobileAsset_VoiceServices_VoiceResources/bae2a465539007d2e66ba7a4e946c1c69c06f17a.asset/AssetData/zh-HK_kayan.caf","23G83__iPhone18,2/System/Library/PreinstalledAssetsV2/RequiredByOs/com_apple_MobileAsset_VoiceServices_VoiceResources/bae2a465539007d2e66ba7a4e946c1c69c06f17a.asset/AssetData",0,49d0b154c30c0a2d1dddb0307be8136c
Siri & Voices/Voice Assets,zh-HK Kayan Buddy.caf,zh-HK Kayan Buddy,zh-HK_kayan_Buddy.caf,"23G83__iPhone18,2/System/Library/PreinstalledAssetsV2/RequiredByOs/com_apple_MobileAsset_VoiceServices_VoiceResources/bae2a465539007d2e66ba7a4e946c1c69c06f17a.asset/AssetData/zh-HK_kayan_Buddy.caf","23G83__iPhone18,2/System/Library/PreinstalledAssetsV2/RequiredByOs/com_apple_MobileAsset_VoiceServices_VoiceResources/bae2a465539007d2e66ba7a4e946c1c69c06f17a.asset/AssetData",0,3c11ebb558f16efdf44aeef03b3e3d30
Siri & Voices/Voice Assets,ko-KR Jinsoo.caf,ko-KR Jinsoo,ko-KR_jinsoo.caf,"23G83__iPhone18,2/System/Library/PreinstalledAssetsV2/RequiredByOs/com_apple_MobileAsset_VoiceServices_VoiceResources/cf6c187859f65b3ef03cc5a735c40e0871fd48da.asset/AssetData/ko-KR_jinsoo.caf","23G83__iPhone18,2/System/Library/PreinstalledAssetsV2/RequiredByOs/com_apple_MobileAsset_VoiceServices_VoiceResources/cf6c187859f65b3ef03cc5a735c40e0871fd48da.asset/AssetData",0,b4a802109b5af68ea6f1ea2114db755d
Siri & Voices/Voice Assets,ko-KR Jinsoo Buddy.caf,ko-KR Jinsoo Buddy,ko-KR_jinsoo_Buddy.caf,"23G83__iPhone18,2/System/Library/PreinstalledAssetsV2/RequiredByOs/com_apple_MobileAsset_VoiceServices_VoiceResources/cf6c187859f65b3ef03cc5a735c40e0871fd48da.asset/AssetData/ko-KR_jinsoo_Buddy.caf","23G83__iPhone18,2/System/Library/PreinstalledAssetsV2/RequiredByOs/com_apple_MobileAsset_VoiceServices_VoiceResources/cf6c187859f65b3ef03cc5a735c40e0871fd48da.asset/AssetData",0,922865955a5e59c21cd7d4ffab989960
Siri & Voices/Voice Assets,ko-KR Minji.caf,ko-KR Minji,ko-KR_minji.caf,"23G83__iPhone18,2/System/Library/PreinstalledAssetsV2/RequiredByOs/com_apple_MobileAsset_VoiceServices_VoiceResources/cf6c187859f65b3ef03cc5a735c40e0871fd48da.asset/AssetData/ko-KR_minji.caf","23G83__iPhone18,2/System/Library/PreinstalledAssetsV2/RequiredByOs/com_apple_MobileAsset_VoiceServices_VoiceResources/cf6c187859f65b3ef03cc5a735c40e0871fd48da.asset/AssetData",0,6d29732b851e39abc43f0fe2b4b91f2a
Siri & Voices/Voice Assets,ko-KR Minji Buddy.caf,ko-KR Minji Buddy,ko-KR_minji_Buddy.caf,"23G83__iPhone18,2/System/Library/PreinstalledAssetsV2/RequiredByOs/com_apple_MobileAsset_VoiceServices_VoiceResources/cf6c187859f65b3ef03cc5a735c40e0871fd48da.asset/AssetData/ko-KR_minji_Buddy.caf","23G83__iPhone18,2/System/Library/PreinstalledAssetsV2/RequiredByOs/com_apple_MobileAsset_VoiceServices_VoiceResources/cf6c187859f65b3ef03cc5a735c40e0871fd48da.asset/AssetData",0,68ce157dc57bb3a86a19d3a04737edf9
Siri & Voices/Voice Assets,ru-RU Aleksei.caf,ru-RU Aleksei,ru-RU_aleksei.caf,"23G83__iPhone18,2/System/Library/PreinstalledAssetsV2/RequiredByOs/com_apple_MobileAsset_VoiceServices_VoiceResources/d2929571ddb47854d76232847682b7825f390c28.asset/AssetData/ru-RU_aleksei.caf","23G83__iPhone18,2/System/Library/PreinstalledAssetsV2/RequiredByOs/com_apple_MobileAsset_VoiceServices_VoiceResources/d2929571ddb47854d76232847682b7825f390c28.asset/AssetData",0,7a3560c0c8f88b2af92372003254fb8b
Siri & Voices/Voice Assets,ru-RU Aleksei Buddy.caf,ru-RU Aleksei Buddy,ru-RU_aleksei_Buddy.caf,"23G83__iPhone18,2/System/Library/PreinstalledAssetsV2/RequiredByOs/com_apple_MobileAsset_VoiceServices_VoiceResources/d2929571ddb47854d76232847682b7825f390c28.asset/AssetData/ru-RU_aleksei_Buddy.caf","23G83__iPhone18,2/System/Library/PreinstalledAssetsV2/RequiredByOs/com_apple_MobileAsset_VoiceServices_VoiceResources/d2929571ddb47854d76232847682b7825f390c28.asset/AssetData",0,45f2582c78c434d6d63c2801d9957b88
Siri & Voices/Voice Assets,ru-RU Yelena.caf,ru-RU Yelena,ru-RU_yelena.caf,"23G83__iPhone18,2/System/Library/PreinstalledAssetsV2/RequiredByOs/com_apple_MobileAsset_VoiceServices_VoiceResources/d2929571ddb47854d76232847682b7825f390c28.asset/AssetData/ru-RU_yelena.caf","23G83__iPhone18,2/System/Library/PreinstalledAssetsV2/RequiredByOs/com_apple_MobileAsset_VoiceServices_VoiceResources/d2929571ddb47854d76232847682b7825f390c28.asset/AssetData",0,3a2b546fa0ef5257b2f4e1d7a3007d59
Siri & Voices/Voice Assets,ru-RU Yelena Buddy.caf,ru-RU Yelena Buddy,ru-RU_yelena_Buddy.caf,"23G83__iPhone18,2/System/Library/PreinstalledAssetsV2/RequiredByOs/com_apple_MobileAsset_VoiceServices_VoiceResources/d2929571ddb47854d76232847682b7825f390c28.asset/AssetData/ru-RU_yelena_Buddy.caf","23G83__iPhone18,2/System/Library/PreinstalledAssetsV2/RequiredByOs/com_apple_MobileAsset_VoiceServices_VoiceResources/d2929571ddb47854d76232847682b7825f390c28.asset/AssetData",0,1e1a4f9c84dd703a85359946f60fb6d3
Siri & Voices/Voice Assets,da-DK Else.caf,da-DK Else,da-DK_else.caf,"23G83__iPhone18,2/System/Library/PreinstalledAssetsV2/RequiredByOs/com_apple_MobileAsset_VoiceServices_VoiceResources/d3d371bd383104724dbd05f32679c9937bf2c605.asset/AssetData/da-DK_else.caf","23G83__iPhone18,2/System/Library/PreinstalledAssetsV2/RequiredByOs/com_apple_MobileAsset_VoiceServices_VoiceResources/d3d371bd383104724dbd05f32679c9937bf2c605.asset/AssetData",0,fda7c9e096605a15c78f0b4cb4ce319b
Siri & Voices/Voice Assets,da-DK Else Buddy.caf,da-DK Else Buddy,da-DK_else_Buddy.caf,"23G83__iPhone18,2/System/Library/PreinstalledAssetsV2/RequiredByOs/com_apple_MobileAsset_VoiceServices_VoiceResources/d3d371bd383104724dbd05f32679c9937bf2c605.asset/AssetData/da-DK_else_Buddy.caf","23G83__iPhone18,2/System/Library/PreinstalledAssetsV2/RequiredByOs/com_apple_MobileAsset_VoiceServices_VoiceResources/d3d371bd383104724dbd05f32679c9937bf2c605.asset/AssetData",0,2317195e4e79c884bf901eb8e57f1441
Siri & Voices/Voice Assets,da-DK Jens.caf,da-DK Jens,da-DK_jens.caf,"23G83__iPhone18,2/System/Library/PreinstalledAssetsV2/RequiredByOs/com_apple_MobileAsset_VoiceServices_VoiceResources/d3d371bd383104724dbd05f32679c9937bf2c605.asset/AssetData/da-DK_jens.caf","23G83__iPhone18,2/System/Library/PreinstalledAssetsV2/RequiredByOs/com_apple_MobileAsset_VoiceServices_VoiceResources/d3d371bd383104724dbd05f32679c9937bf2c605.asset/AssetData",0,846f63cc439c272fce425dd59e359e09
Siri & Voices/Voice Assets,da-DK Jens Buddy.caf,da-DK Jens Buddy,da-DK_jens_Buddy.caf,"23G83__iPhone18,2/System/Library/PreinstalledAssetsV2/RequiredByOs/com_apple_MobileAsset_VoiceServices_VoiceResources/d3d371bd383104724dbd05f32679c9937bf2c605.asset/AssetData/da-DK_jens_Buddy.caf","23G83__iPhone18,2/System/Library/PreinstalledAssetsV2/RequiredByOs/com_apple_MobileAsset_VoiceServices_VoiceResources/d3d371bd383104724dbd05f32679c9937bf2c605.asset/AssetData",0,9dff96e1c9c3c6d40f28ce42a4a26971
Siri & Voices/Voice Assets,zh-TW Chenghan.caf,zh-TW Chenghan,zh-TW_chenghan.caf,"23G83__iPhone18,2/System/Library/PreinstalledAssetsV2/RequiredByOs/com_apple_MobileAsset_VoiceServices_VoiceResources/d99d7689663d40a905d441f36716591336925868.asset/AssetData/zh-TW_chenghan.caf","23G83__iPhone18,2/System/Library/PreinstalledAssetsV2/RequiredByOs/com_apple_MobileAsset_VoiceServices_VoiceResources/d99d7689663d40a905d441f36716591336925868.asset/AssetData",0,11b78ce6c9f5e4833f12c35d5ffbac89
Siri & Voices/Voice Assets,zh-TW Chenghan Buddy.caf,zh-TW Chenghan Buddy,zh-TW_chenghan_Buddy.caf,"23G83__iPhone18,2/System/Library/PreinstalledAssetsV2/RequiredByOs/com_apple_MobileAsset_VoiceServices_VoiceResources/d99d7689663d40a905d441f36716591336925868.asset/AssetData/zh-TW_chenghan_Buddy.caf","23G83__iPhone18,2/System/Library/PreinstalledAssetsV2/RequiredByOs/com_apple_MobileAsset_VoiceServices_VoiceResources/d99d7689663d40a905d441f36716591336925868.asset/AssetData",0,29ddd136653de1e452867ad14a5e54bf
Siri & Voices/Voice Assets,zh-TW Shufen.caf,zh-TW Shufen,zh-TW_shufen.caf,"23G83__iPhone18,2/System/Library/PreinstalledAssetsV2/RequiredByOs/com_apple_MobileAsset_VoiceServices_VoiceResources/d99d7689663d40a905d441f36716591336925868.asset/AssetData/zh-TW_shufen.caf","23G83__iPhone18,2/System/Library/PreinstalledAssetsV2/RequiredByOs/com_apple_MobileAsset_VoiceServices_VoiceResources/d99d7689663d40a905d441f36716591336925868.asset/AssetData",0,4ab18f9edfd19f36206205a003ff73cc
Siri & Voices/Voice Assets,zh-TW Shufen Buddy.caf,zh-TW Shufen Buddy,zh-TW_shufen_Buddy.caf,"23G83__iPhone18,2/System/Library/PreinstalledAssetsV2/RequiredByOs/com_apple_MobileAsset_VoiceServices_VoiceResources/d99d7689663d40a905d441f36716591336925868.asset/AssetData/zh-TW_shufen_Buddy.caf","23G83__iPhone18,2/System/Library/PreinstalledAssetsV2/RequiredByOs/com_apple_MobileAsset_VoiceServices_VoiceResources/d99d7689663d40a905d441f36716591336925868.asset/AssetData",0,4e4054e13414998046ef96df4ecb7342
Siri & Voices/Voice Assets,nl-NL Klaar.caf,nl-NL Klaar,nl-NL_klaar.caf,"23G83__iPhone18,2/System/Library/PreinstalledAssetsV2/RequiredByOs/com_apple_MobileAsset_VoiceServices_VoiceResources/dab52a15b005d701e525a148e838e5e587373b24.asset/AssetData/nl-NL_klaar.caf","23G83__iPhone18,2/System/Library/PreinstalledAssetsV2/RequiredByOs/com_apple_MobileAsset_VoiceServices_VoiceResources/dab52a15b005d701e525a148e838e5e587373b24.asset/AssetData",0,bb0e91786ebbeadc7203c51bfe8a8ab4
Siri & Voices/Voice Assets,nl-NL Klaar Buddy.caf,nl-NL Klaar Buddy,nl-NL_klaar_Buddy.caf,"23G83__iPhone18,2/System/Library/PreinstalledAssetsV2/RequiredByOs/com_apple_MobileAsset_VoiceServices_VoiceResources/dab52a15b005d701e525a148e838e5e587373b24.asset/AssetData/nl-NL_klaar_Buddy.caf","23G83__iPhone18,2/System/Library/PreinstalledAssetsV2/RequiredByOs/com_apple_MobileAsset_VoiceServices_VoiceResources/dab52a15b005d701e525a148e838e5e587373b24.asset/AssetData",0,b2ed58442ef37bb6cebfbd155e54e3bb
Siri & Voices/Voice Assets,nl-NL Pieter.caf,nl-NL Pieter,nl-NL_pieter.caf,"23G83__iPhone18,2/System/Library/PreinstalledAssetsV2/RequiredByOs/com_apple_MobileAsset_VoiceServices_VoiceResources/dab52a15b005d701e525a148e838e5e587373b24.asset/AssetData/nl-NL_pieter.caf","23G83__iPhone18,2/System/Library/PreinstalledAssetsV2/RequiredByOs/com_apple_MobileAsset_VoiceServices_VoiceResources/dab52a15b005d701e525a148e838e5e587373b24.asset/AssetData",0,9b25ebe90bd3eb5bf30d4909d3f39eea
Siri & Voices/Voice Assets,nl-NL Pieter Buddy.caf,nl-NL Pieter Buddy,nl-NL_pieter_Buddy.caf,"23G83__iPhone18,2/System/Library/PreinstalledAssetsV2/RequiredByOs/com_apple_MobileAsset_VoiceServices_VoiceResources/dab52a15b005d701e525a148e838e5e587373b24.asset/AssetData/nl-NL_pieter_Buddy.caf","23G83__iPhone18,2/System/Library/PreinstalledAssetsV2/RequiredByOs/com_apple_MobileAsset_VoiceServices_VoiceResources/dab52a15b005d701e525a148e838e5e587373b24.asset/AssetData",0,b4129b2c7e3ffce60b347accc3295437
Siri & Voices/Voice Assets,fr-FR Daniel.caf,fr-FR Daniel,fr-FR_daniel.caf,"23G83__iPhone18,2/System/Library/PreinstalledAssetsV2/RequiredByOs/com_apple_MobileAsset_VoiceServices_VoiceResources/e6b46f872e6805709cd80381e20d9defe4bf2130.asset/AssetData/fr-FR_daniel.caf","23G83__iPhone18,2/System/Library/PreinstalledAssetsV2/RequiredByOs/com_apple_MobileAsset_VoiceServices_VoiceResources/e6b46f872e6805709cd80381e20d9defe4bf2130.asset/AssetData",0,da7bf5b554c3d3c1e610edbdcdf51f49
Siri & Voices/Voice Assets,fr-FR Daniel Buddy.caf,fr-FR Daniel Buddy,fr-FR_daniel_Buddy.caf,"23G83__iPhone18,2/System/Library/PreinstalledAssetsV2/RequiredByOs/com_apple_MobileAsset_VoiceServices_VoiceResources/e6b46f872e6805709cd80381e20d9defe4bf2130.asset/AssetData/fr-FR_daniel_Buddy.caf","23G83__iPhone18,2/System/Library/PreinstalledAssetsV2/RequiredByOs/com_apple_MobileAsset_VoiceServices_VoiceResources/e6b46f872e6805709cd80381e20d9defe4bf2130.asset/AssetData",0,6d3111147698e99abc6036444ff63f1c
Siri & Voices/Voice Assets,fr-FR Marie.caf,fr-FR Marie,fr-FR_marie.caf,"23G83__iPhone18,2/System/Library/PreinstalledAssetsV2/RequiredByOs/com_apple_MobileAsset_VoiceServices_VoiceResources/e6b46f872e6805709cd80381e20d9defe4bf2130.asset/AssetData/fr-FR_marie.caf","23G83__iPhone18,2/System/Library/PreinstalledAssetsV2/RequiredByOs/com_apple_MobileAsset_VoiceServices_VoiceResources/e6b46f872e6805709cd80381e20d9defe4bf2130.asset/AssetData",0,698b439e29fc3b7ec6ddd1667e646790
Siri & Voices/Voice Assets,fr-FR Marie Buddy.caf,fr-FR Marie Buddy,fr-FR_marie_Buddy.caf,"23G83__iPhone18,2/System/Library/PreinstalledAssetsV2/RequiredByOs/com_apple_MobileAsset_VoiceServices_VoiceResources/e6b46f872e6805709cd80381e20d9defe4bf2130.asset/AssetData/fr-FR_marie_Buddy.caf","23G83__iPhone18,2/System/Library/PreinstalledAssetsV2/RequiredByOs/com_apple_MobileAsset_VoiceServices_VoiceResources/e6b46f872e6805709cd80381e20d9defe4bf2130.asset/AssetData",0,fc82e4f3d1efa815f815b4bf36aeaeba
Siri & Voices/Voice Assets,it-IT Francesca.caf,it-IT Francesca,it-IT_francesca.caf,"23G83__iPhone18,2/System/Library/PreinstalledAssetsV2/RequiredByOs/com_apple_MobileAsset_VoiceServices_VoiceResources/f9025ffba1820378062984ba3be0a57292ae4c67.asset/AssetData/it-IT_francesca.caf","23G83__iPhone18,2/System/Library/PreinstalledAssetsV2/RequiredByOs/com_apple_MobileAsset_VoiceServices_VoiceResources/f9025ffba1820378062984ba3be0a57292ae4c67.asset/AssetData",0,8ebcdb54eeea232c40f51dff2c1987e4
Siri & Voices/Voice Assets,it-IT Francesca Buddy.caf,it-IT Francesca Buddy,it-IT_francesca_Buddy.caf,"23G83__iPhone18,2/System/Library/PreinstalledAssetsV2/RequiredByOs/com_apple_MobileAsset_VoiceServices_VoiceResources/f9025ffba1820378062984ba3be0a57292ae4c67.asset/AssetData/it-IT_francesca_Buddy.caf","23G83__iPhone18,2/System/Library/PreinstalledAssetsV2/RequiredByOs/com_apple_MobileAsset_VoiceServices_VoiceResources/f9025ffba1820378062984ba3be0a57292ae4c67.asset/AssetData",0,ef941fa55cbb41817a43a397adf4e30e
Siri & Voices/Voice Assets,it-IT Paolo.caf,it-IT Paolo,it-IT_paolo.caf,"23G83__iPhone18,2/System/Library/PreinstalledAssetsV2/RequiredByOs/com_apple_MobileAsset_VoiceServices_VoiceResources/f9025ffba1820378062984ba3be0a57292ae4c67.asset/AssetData/it-IT_paolo.caf","23G83__iPhone18,2/System/Library/PreinstalledAssetsV2/RequiredByOs/com_apple_MobileAsset_VoiceServices_VoiceResources/f9025ffba1820378062984ba3be0a57292ae4c67.asset/AssetData",0,c3288314aacf21eeeffff9eecd744c99
Siri & Voices/Voice Assets,it-IT Paolo Buddy.caf,it-IT Paolo Buddy,it-IT_paolo_Buddy.caf,"23G83__iPhone18,2/System/Library/PreinstalledAssetsV2/RequiredByOs/com_apple_MobileAsset_VoiceServices_VoiceResources/f9025ffba1820378062984ba3be0a57292ae4c67.asset/AssetData/it-IT_paolo_Buddy.caf","23G83__iPhone18,2/System/Library/PreinstalledAssetsV2/RequiredByOs/com_apple_MobileAsset_VoiceServices_VoiceResources/f9025ffba1820378062984ba3be0a57292ae4c67.asset/AssetData",0,ccfa20590541cf91309da79a5bf83f8b
System Frameworks/AX Media Utilities,Bass Tone.wav,Bass Tone,bassTone.wav,"23G83__iPhone18,2/System/Library/PrivateFrameworks/AXMediaUtilities.framework/bassTone.wav","23G83__iPhone18,2/System/Library/PrivateFrameworks/AXMediaUtilities.framework",0,9de3804e219414cf2c42ad40ac5565a5
Accessibility/Other,Bubble Down.aiff,Bubble Down,bubbleDown.aiff,"23G83__iPhone18,2/System/Library/PrivateFrameworks/AXMediaUtilities.framework/sounds/bubbleDown.aiff","23G83__iPhone18,2/System/Library/PrivateFrameworks/AXMediaUtilities.framework/sounds",0,63a26079053f5bde9fba8276cf8d3ec5
Accessibility/Other,Bubble Up.aiff,Bubble Up,bubbleUp.aiff,"23G83__iPhone18,2/System/Library/PrivateFrameworks/AXMediaUtilities.framework/sounds/bubbleUp.aiff","23G83__iPhone18,2/System/Library/PrivateFrameworks/AXMediaUtilities.framework/sounds",0,e189027d224b33c5bf0274615b7b4b66
Accessibility/Other,Pluck 1.aiff,Pluck 1,pluck1.aiff,"23G83__iPhone18,2/System/Library/PrivateFrameworks/AXMediaUtilities.framework/sounds/pluck1.aiff","23G83__iPhone18,2/System/Library/PrivateFrameworks/AXMediaUtilities.framework/sounds",0,05cb430502dd7ed410658b790481b762
Accessibility/Other,Pluck 2.aiff,Pluck 2,pluck2.aiff,"23G83__iPhone18,2/System/Library/PrivateFrameworks/AXMediaUtilities.framework/sounds/pluck2.aiff","23G83__iPhone18,2/System/Library/PrivateFrameworks/AXMediaUtilities.framework/sounds",0,64ef7f7b30226fab3d0b65b59940347f
Accessibility/Other,Success 1.aiff,Success 1,success1.aiff,"23G83__iPhone18,2/System/Library/PrivateFrameworks/AXMediaUtilities.framework/sounds/success1.aiff","23G83__iPhone18,2/System/Library/PrivateFrameworks/AXMediaUtilities.framework/sounds",0,f979234650ea56aa3f2a74fb4cbef997
System Frameworks/AX Spring Board Server Instance,AX Auto Answer.wav,AX Auto Answer,ax_autoAnswer.wav,"23G83__iPhone18,2/System/Library/PrivateFrameworks/AXSpringBoardServerInstance.framework/ax_autoAnswer.wav","23G83__iPhone18,2/System/Library/PrivateFrameworks/AXSpringBoardServerInstance.framework",0,ad74733f9d34d884abb0e2e50513490e
System Frameworks/Action Kit,Sound Default.m4a,Sound Default,soundDefault.caf,"23G83__iPhone18,2/System/Library/PrivateFrameworks/ActionKit.framework/soundDefault.caf","23G83__iPhone18,2/System/Library/PrivateFrameworks/ActionKit.framework",0,43a09f46ef959810a1aff91ff5b5a077
Siri & Voices/Siri Interface,Announce In Between.wav,Announce In Between,AnnounceInBetween.wav,"23G83__iPhone18,2/System/Library/PrivateFrameworks/Announce.framework/AnnounceInBetween.wav","23G83__iPhone18,2/System/Library/PrivateFrameworks/Announce.framework",0,88c18c433172213c4a770f58a86bc537
Siri & Voices/Siri Interface,Announce Notification.wav,Announce Notification,AnnounceNotification.wav,"23G83__iPhone18,2/System/Library/PrivateFrameworks/Announce.framework/AnnounceNotification.wav","23G83__iPhone18,2/System/Library/PrivateFrameworks/Announce.framework",0,85dba17f81ba0b9211265cead458023a
Siri & Voices/Siri Interface,Announce Sent.wav,Announce Sent,AnnounceSent.wav,"23G83__iPhone18,2/System/Library/PrivateFrameworks/Announce.framework/AnnounceSent.wav","23G83__iPhone18,2/System/Library/PrivateFrameworks/Announce.framework",0,218ab8ae31aaae29c0b1086441bcb507
Siri & Voices/Siri Interface,Announce Messages Tone Carplay.wav,Announce Messages Tone Carplay,announce-messages-tone-carplay.wav,"23G83__iPhone18,2/System/Library/PrivateFrameworks/AssistantServices.framework/announce-messages-tone-carplay.wav","23G83__iPhone18,2/System/Library/PrivateFrameworks/AssistantServices.framework",0,a8e14cc9857df2710b65d5d628ac15b6
Siri & Voices/Siri Interface,Announce Messages Tone.wav,Announce Messages Tone,announce-messages-tone.wav,"23G83__iPhone18,2/System/Library/PrivateFrameworks/AssistantServices.framework/announce-messages-tone.wav","23G83__iPhone18,2/System/Library/PrivateFrameworks/AssistantServices.framework",0,b236177a863d67e89cbf8b4dc4b3d759
Siri & Voices/Siri Interface,Attending Window End.wav,Attending Window End,attending-window-end.wav,"23G83__iPhone18,2/System/Library/PrivateFrameworks/AssistantServices.framework/attending-window-end.wav","23G83__iPhone18,2/System/Library/PrivateFrameworks/AssistantServices.framework",0,972a986c71d2e551b10472cd9a909aff
Siri & Voices/Siri Interface,Begin Sae Short.caf,Begin Sae Short,begin_sae_short.caf,"23G83__iPhone18,2/System/Library/PrivateFrameworks/AssistantServices.framework/begin_sae_short.caf","23G83__iPhone18,2/System/Library/PrivateFrameworks/AssistantServices.framework",0,3ebac171a0e583924c688a031ed7c472
Siri & Voices/Siri Interface,Dt Begin.caf,Dt Begin,dt-begin.caf,"23G83__iPhone18,2/System/Library/PrivateFrameworks/AssistantServices.framework/dt-begin.caf","23G83__iPhone18,2/System/Library/PrivateFrameworks/AssistantServices.framework",0,601dc6993978b4b3486a1773a18f321d
Siri & Voices/Siri Interface,Dt Cancel.caf,Dt Cancel,dt-cancel.caf,"23G83__iPhone18,2/System/Library/PrivateFrameworks/AssistantServices.framework/dt-cancel.caf","23G83__iPhone18,2/System/Library/PrivateFrameworks/AssistantServices.framework",1,4f3b0be3794cc56cc31d3f30e8bdd122
Siri & Voices/Siri Interface,Home Announcement Received.wav,Home Announcement Received,home-announcement-received.wav,"23G83__iPhone18,2/System/Library/PrivateFrameworks/AssistantServices.framework/home-announcement-received.wav","23G83__iPhone18,2/System/Library/PrivateFrameworks/AssistantServices.framework",0,8c44e275ea5743dce5867ec0c0f9fb9c
Siri & Voices/Siri Interface,Home Announcement Recording Begin.caf,Home Announcement Recording Begin,home-announcement-recording-begin.caf,"23G83__iPhone18,2/System/Library/PrivateFrameworks/AssistantServices.framework/home-announcement-recording-begin.caf","23G83__iPhone18,2/System/Library/PrivateFrameworks/AssistantServices.framework",0,217bf03c12cdbcf930572f3ba3d8ec09
Siri & Voices/Siri Interface,Interstitial Delay Tone.wav,Interstitial Delay Tone,interstitial-delay-tone.wav,"23G83__iPhone18,2/System/Library/PrivateFrameworks/AssistantServices.framework/interstitial-delay-tone.wav","23G83__iPhone18,2/System/Library/PrivateFrameworks/AssistantServices.framework",0,d476ea347a8d259dc90dfcd51e58f88e
Siri & Voices/Siri Interface,Jbl Begin Sae.caf,Jbl Begin Sae,jbl_begin_sae.caf,"23G83__iPhone18,2/System/Library/PrivateFrameworks/AssistantServices.framework/jbl_begin_sae.caf","23G83__iPhone18,2/System/Library/PrivateFrameworks/AssistantServices.framework",0,9f426b63ebf146f9a343caf53193c700
Siri & Voices/Siri Interface,Jbl Latency Sae.caf,Jbl Latency Sae,jbl_latency_sae.caf,"23G83__iPhone18,2/System/Library/PrivateFrameworks/AssistantServices.framework/jbl_latency_sae.caf","23G83__iPhone18,2/System/Library/PrivateFrameworks/AssistantServices.framework",0,307c0c3aa1a09038881a739d64e2cccb
Siri & Voices/Siri Interface,Jbl Success Sae.caf,Jbl Success Sae,jbl_success_sae.caf,"23G83__iPhone18,2/System/Library/PrivateFrameworks/AssistantServices.framework/jbl_success_sae.caf","23G83__iPhone18,2/System/Library/PrivateFrameworks/AssistantServices.framework",0,93e7b2a10c18385feae6f3fbe1bc394b
Siri & Voices/Siri Interface,Latency Experience Long.wav,Latency Experience Long,latency_experience_long.wav,"23G83__iPhone18,2/System/Library/PrivateFrameworks/AssistantServices.framework/latency_experience_long.wav","23G83__iPhone18,2/System/Library/PrivateFrameworks/AssistantServices.framework",0,38578a2250f71f23f3ca6ee9f712b039
Siri & Voices/Siri Interface,Latency Loop.caf,Latency Loop,latency_loop.caf,"23G83__iPhone18,2/System/Library/PrivateFrameworks/AssistantServices.framework/latency_loop.caf","23G83__iPhone18,2/System/Library/PrivateFrameworks/AssistantServices.framework",0,16fd44b2731a3ab901fa5f306bf5e41c
Siri & Voices/Siri Interface,Latency Response.caf,Latency Response,latency_response.caf,"23G83__iPhone18,2/System/Library/PrivateFrameworks/AssistantServices.framework/latency_response.caf","23G83__iPhone18,2/System/Library/PrivateFrameworks/AssistantServices.framework",0,1f86ef8e3469ec62f189c8d088291657
Siri & Voices/Siri Interface,Siri Begin Improved.caf,Siri Begin Improved,siri-begin-improved.caf,"23G83__iPhone18,2/System/Library/PrivateFrameworks/AssistantServices.framework/siri-begin-improved.caf","23G83__iPhone18,2/System/Library/PrivateFrameworks/AssistantServices.framework",0,e4b0d2696262fa5edb543e048115dd8d
Audio & Headphones,Fading Ping Pong.wav,Fading Ping Pong,FadingPingPong.wav,"23G83__iPhone18,2/System/Library/PrivateFrameworks/AudioPasscode.framework/FadingPingPong.wav","23G83__iPhone18,2/System/Library/PrivateFrameworks/AudioPasscode.framework",0,2651fcf888716675ca644ba44e8e8b1b
Audio & Headphones,Fading Ring.wav,Fading Ring,FadingRing.wav,"23G83__iPhone18,2/System/Library/PrivateFrameworks/AudioPasscode.framework/FadingRing.wav","23G83__iPhone18,2/System/Library/PrivateFrameworks/AudioPasscode.framework",0,c5d3c9ee6c35c01be12b16ddd47828ef
Audio & Headphones,Lighthouse.wav,Lighthouse,Lighthouse.wav,"23G83__iPhone18,2/System/Library/PrivateFrameworks/AudioPasscode.framework/Lighthouse.wav","23G83__iPhone18,2/System/Library/PrivateFrameworks/AudioPasscode.framework",0,53de0fd4002c2632c17d8cb3276e4afb
Audio & Headphones,WOC Audio Passcode Tone.wav,WOC Audio Passcode Tone,WOCAudioPasscodeTone.wav,"23G83__iPhone18,2/System/Library/PrivateFrameworks/AudioPasscode.framework/WOCAudioPasscodeTone.wav","23G83__iPhone18,2/System/Library/PrivateFrameworks/AudioPasscode.framework",0,dbb82ca39743728c676a46a7016b0414
System Frameworks/Biometric Kit UI,Pearl Enrollment Complete D22.caf,Pearl Enrollment Complete D22,PearlEnrollment_Complete-D22.caf,"23G83__iPhone18,2/System/Library/PrivateFrameworks/BiometricKitUI.framework/PearlEnrollment_Complete-D22.caf","23G83__iPhone18,2/System/Library/PrivateFrameworks/BiometricKitUI.framework",0,82851a17dc5aa15afa901614fd13a008
System Frameworks/Biometric Kit UI,Pearl Enrollment End D22.caf,Pearl Enrollment End D22,PearlEnrollment_End-D22.caf,"23G83__iPhone18,2/System/Library/PrivateFrameworks/BiometricKitUI.framework/PearlEnrollment_End-D22.caf","23G83__iPhone18,2/System/Library/PrivateFrameworks/BiometricKitUI.framework",0,4fb9c6f8d215abc13ac728fe1c8c3aca
System Frameworks/Biometric Kit UI,Pearl Enrollment Fail D22.caf,Pearl Enrollment Fail D22,PearlEnrollment_Fail-D22.caf,"23G83__iPhone18,2/System/Library/PrivateFrameworks/BiometricKitUI.framework/PearlEnrollment_Fail-D22.caf","23G83__iPhone18,2/System/Library/PrivateFrameworks/BiometricKitUI.framework",0,a281e6e798ad87aeee9aa28e33a162be
System Frameworks/Biometric Kit UI,Pearl Enrollment Lock D22.caf,Pearl Enrollment Lock D22,PearlEnrollment_Lock-D22.caf,"23G83__iPhone18,2/System/Library/PrivateFrameworks/BiometricKitUI.framework/PearlEnrollment_Lock-D22.caf","23G83__iPhone18,2/System/Library/PrivateFrameworks/BiometricKitUI.framework",0,b18404dff06cee4950674d2e0d39887c
System Frameworks/Biometric Kit UI,Pearl Enrollment Scan D22.caf,Pearl Enrollment Scan D22,PearlEnrollment_Scan-D22.caf,"23G83__iPhone18,2/System/Library/PrivateFrameworks/BiometricKitUI.framework/PearlEnrollment_Scan-D22.caf","23G83__iPhone18,2/System/Library/PrivateFrameworks/BiometricKitUI.framework",0,eabd13e2835d5e7daa971738154d46d9
Camera & Photos,CEK End Stop Tick.wav,CEK End Stop Tick,CEKEndStopTick.wav,"23G83__iPhone18,2/System/Library/PrivateFrameworks/CameraEditKit.framework/CEKEndStopTick.wav","23G83__iPhone18,2/System/Library/PrivateFrameworks/CameraEditKit.framework",0,c0c34e9e6570d40b4758e1bac2f3133c
Camera & Photos,CEK Full Stop Tick.wav,CEK Full Stop Tick,CEKFullStopTick.wav,"23G83__iPhone18,2/System/Library/PrivateFrameworks/CameraEditKit.framework/CEKFullStopTick.wav","23G83__iPhone18,2/System/Library/PrivateFrameworks/CameraEditKit.framework",0,be98fc7424bcfa0a112927b6ca1f9828
Camera & Photos,CEK Overscroll Stop Tick.wav,CEK Overscroll Stop Tick,CEKOverscrollStopTick.wav,"23G83__iPhone18,2/System/Library/PrivateFrameworks/CameraEditKit.framework/CEKOverscrollStopTick.wav","23G83__iPhone18,2/System/Library/PrivateFrameworks/CameraEditKit.framework",0,19cba54cf6855636e84acf071bcc6e11
Camera & Photos,CEK Third Stop Tick.wav,CEK Third Stop Tick,CEKThirdStopTick.wav,"23G83__iPhone18,2/System/Library/PrivateFrameworks/CameraEditKit.framework/CEKThirdStopTick.wav","23G83__iPhone18,2/System/Library/PrivateFrameworks/CameraEditKit.framework",0,f7d91aec2db8e6ac3de2d0e6d3844b2d
Telephony & Messaging,Acknowledgment Receive Sound.aiff,Acknowledgment Receive Sound,AcknowledgmentReceiveSound.aif,"23G83__iPhone18,2/System/Library/PrivateFrameworks/ChatKit.framework/AcknowledgmentReceiveSound.aif","23G83__iPhone18,2/System/Library/PrivateFrameworks/ChatKit.framework",0,032f2e1ba308bf502217726a0c40f339
Telephony & Messaging,Message Listen.caf,Message Listen,MessageListen.caf,"23G83__iPhone18,2/System/Library/PrivateFrameworks/ChatKit.framework/MessageListen.caf","23G83__iPhone18,2/System/Library/PrivateFrameworks/ChatKit.framework",0,9dbb1e9582ac568de7eb55798cdb57ce
Telephony & Messaging,Message Listen End.caf,Message Listen End,MessageListenEnd.caf,"23G83__iPhone18,2/System/Library/PrivateFrameworks/ChatKit.framework/MessageListenEnd.caf","23G83__iPhone18,2/System/Library/PrivateFrameworks/ChatKit.framework",0,5711e225763bf4b115d852bba322f438
Telephony & Messaging,Message Record Start.caf,Message Record Start,MessageRecordStart.caf,"23G83__iPhone18,2/System/Library/PrivateFrameworks/ChatKit.framework/MessageRecordStart.caf","23G83__iPhone18,2/System/Library/PrivateFrameworks/ChatKit.framework",0,a2caf701f3084c3711a792bbaf889a7f
System Frameworks/Clip UI Services,Card Alert.m4a,Card Alert,card_alert.m4a,"23G83__iPhone18,2/System/Library/PrivateFrameworks/ClipUIServices.framework/card_alert.m4a","23G83__iPhone18,2/System/Library/PrivateFrameworks/ClipUIServices.framework",0,9c3506fa1ec5b6fca1d2c0222e74da3e
Telephony & Messaging,Countdown Beat.caf,Countdown Beat,countdown-beat.caf,"23G83__iPhone18,2/System/Library/PrivateFrameworks/ConversationKit.framework/countdown-beat.caf","23G83__iPhone18,2/System/Library/PrivateFrameworks/ConversationKit.framework",0,e3e9c660d9a806477ac43b0298acb926
Telephony & Messaging,Send Video Message ML.caf,Send Video Message ML,send_video_message_ML.caf,"23G83__iPhone18,2/System/Library/PrivateFrameworks/ConversationKit.framework/send_video_message_ML.caf","23G83__iPhone18,2/System/Library/PrivateFrameworks/ConversationKit.framework",0,4b4335716b6d3b6198f577118153f841
System Frameworks/Core IDVRGB Liveness,Liveness Complete.wav,Liveness Complete,Liveness_Complete.wav,"23G83__iPhone18,2/System/Library/PrivateFrameworks/CoreIDVRGBLiveness.framework/Liveness_Complete.wav","23G83__iPhone18,2/System/Library/PrivateFrameworks/CoreIDVRGBLiveness.framework",0,eb1fad357a01b95a3ed32f74cd95da79
System Frameworks/Core IDVRGB Liveness,Liveness End.wav,Liveness End,Liveness_End.wav,"23G83__iPhone18,2/System/Library/PrivateFrameworks/CoreIDVRGBLiveness.framework/Liveness_End.wav","23G83__iPhone18,2/System/Library/PrivateFrameworks/CoreIDVRGBLiveness.framework",0,46668d68f64e0b18586dc5517b9a7f7d
System Frameworks/Core IDVRGB Liveness,Liveness Fail.wav,Liveness Fail,Liveness_Fail.wav,"23G83__iPhone18,2/System/Library/PrivateFrameworks/CoreIDVRGBLiveness.framework/Liveness_Fail.wav","23G83__iPhone18,2/System/Library/PrivateFrameworks/CoreIDVRGBLiveness.framework",0,048372e2b37b5531a286a8e29bb75fad
System Frameworks/Core IDVRGB Liveness,Liveness Lock.wav,Liveness Lock,Liveness_Lock.wav,"23G83__iPhone18,2/System/Library/PrivateFrameworks/CoreIDVRGBLiveness.framework/Liveness_Lock.wav","23G83__iPhone18,2/System/Library/PrivateFrameworks/CoreIDVRGBLiveness.framework",0,3f52fd2ce6744ccf298983d8a4130328
System Frameworks/Core IDVRGB Liveness,Liveness Scan.wav,Liveness Scan,Liveness_Scan.wav,"23G83__iPhone18,2/System/Library/PrivateFrameworks/CoreIDVRGBLiveness.framework/Liveness_Scan.wav","23G83__iPhone18,2/System/Library/PrivateFrameworks/CoreIDVRGBLiveness.framework",0,437a51bf8f9a33b88c4c299253d99abe
Home & Devices,Guest User Mode Ended.wav,Guest User Mode Ended,GuestUserMode_Ended.wav,"23G83__iPhone18,2/System/Library/PrivateFrameworks/DeviceSharing.framework/GuestUserMode_Ended.wav","23G83__iPhone18,2/System/Library/PrivateFrameworks/DeviceSharing.framework | 23G83__iPhone18,2/System/Library/PrivateFrameworks/DeviceSharingServices.framework",2,de90b410784e03937d3d4f74f1170419
Home & Devices,Guest User Mode Started.wav,Guest User Mode Started,GuestUserMode_Started.wav,"23G83__iPhone18,2/System/Library/PrivateFrameworks/DeviceSharing.framework/GuestUserMode_Started.wav","23G83__iPhone18,2/System/Library/PrivateFrameworks/DeviceSharing.framework | 23G83__iPhone18,2/System/Library/PrivateFrameworks/DeviceSharingServices.framework",2,66b19b6c035e9eddd359f6e64c12a3e2
Telephony & Messaging,Drop In End Tone.wav,Drop In End Tone,DropInEndTone.wav,"23G83__iPhone18,2/System/Library/PrivateFrameworks/DropIn.framework/DropInEndTone.wav","23G83__iPhone18,2/System/Library/PrivateFrameworks/DropIn.framework",0,c7c7b4b431f0a3a35909624ce445f13f
Telephony & Messaging,Drop In Ongoing Tone.wav,Drop In Ongoing Tone,DropInOngoingTone.wav,"23G83__iPhone18,2/System/Library/PrivateFrameworks/DropIn.framework/DropInOngoingTone.wav","23G83__iPhone18,2/System/Library/PrivateFrameworks/DropIn.framework",0,a185d57f23bfc9418af985aa59b884d7
Telephony & Messaging,Drop In Start Tone.wav,Drop In Start Tone,DropInStartTone.wav,"23G83__iPhone18,2/System/Library/PrivateFrameworks/DropIn.framework/DropInStartTone.wav","23G83__iPhone18,2/System/Library/PrivateFrameworks/DropIn.framework",0,270f7aac911ecfd5d52f59d21159c270
Find My,FMR1 Ahead B389.caf,FMR1 Ahead B389,FMR1Ahead-B389.caf,"23G83__iPhone18,2/System/Library/PrivateFrameworks/FMFindingUI.framework/FMR1Ahead-B389.caf","23G83__iPhone18,2/System/Library/PrivateFrameworks/FMFindingUI.framework | 23G83__iPhone18,2/System/Library/PrivateFrameworks/TVRemoteUI.framework | 23G83__iPhone18,2/private/tmp/094-95330-089.dmg.mount/private/var/staged_system_apps/FindMy.app | 23G83__iPhone18,2/private/var/staged_system_apps/FindMy.app",3,36cd059921cbefb4f40495d338ba93d0
Find My,FMR1 Ahead Off B389.caf,FMR1 Ahead Off B389,FMR1Ahead-Off-B389.caf,"23G83__iPhone18,2/System/Library/PrivateFrameworks/FMFindingUI.framework/FMR1Ahead-Off-B389.caf","23G83__iPhone18,2/System/Library/PrivateFrameworks/FMFindingUI.framework | 23G83__iPhone18,2/System/Library/PrivateFrameworks/TVRemoteUI.framework | 23G83__iPhone18,2/private/tmp/094-95330-089.dmg.mount/private/var/staged_system_apps/FindMy.app | 23G83__iPhone18,2/private/var/staged_system_apps/FindMy.app",3,8a855e5812ffaaf7fd18a37a5f89b53b
Find My,FMR1 Arms Reach B389.caf,FMR1 Arms Reach B389,FMR1ArmsReach-B389.caf,"23G83__iPhone18,2/System/Library/PrivateFrameworks/FMFindingUI.framework/FMR1ArmsReach-B389.caf","23G83__iPhone18,2/System/Library/PrivateFrameworks/FMFindingUI.framework | 23G83__iPhone18,2/System/Library/PrivateFrameworks/TVRemoteUI.framework | 23G83__iPhone18,2/private/tmp/094-95330-089.dmg.mount/private/var/staged_system_apps/FindMy.app | 23G83__iPhone18,2/private/var/staged_system_apps/FindMy.app",7,08a4c79567fdb7514c5436ae7d3e0755
Find My,FMR1 Arms Reach Off B389.caf,FMR1 Arms Reach Off B389,FMR1ArmsReach-Off-B389.caf,"23G83__iPhone18,2/System/Library/PrivateFrameworks/FMFindingUI.framework/FMR1ArmsReach-Off-B389.caf","23G83__iPhone18,2/System/Library/PrivateFrameworks/FMFindingUI.framework | 23G83__iPhone18,2/System/Library/PrivateFrameworks/TVRemoteUI.framework | 23G83__iPhone18,2/private/tmp/094-95330-089.dmg.mount/private/var/staged_system_apps/FindMy.app | 23G83__iPhone18,2/private/var/staged_system_apps/FindMy.app",3,dfec26c5aa79248462aff075c02a5dcf
Find My,FMR1 Arrow Build B389.caf,FMR1 Arrow Build B389,FMR1Arrow-Build-B389.caf,"23G83__iPhone18,2/System/Library/PrivateFrameworks/FMFindingUI.framework/FMR1Arrow-Build-B389.caf","23G83__iPhone18,2/System/Library/PrivateFrameworks/FMFindingUI.framework | 23G83__iPhone18,2/System/Library/PrivateFrameworks/TVRemoteUI.framework | 23G83__iPhone18,2/private/tmp/094-95330-089.dmg.mount/private/var/staged_system_apps/FindMy.app | 23G83__iPhone18,2/private/var/staged_system_apps/FindMy.app",3,f40f03a51bbbc22893b1f3edba942586
Find My,FMR1 Arrow Scatter B389.caf,FMR1 Arrow Scatter B389,FMR1Arrow-Scatter-B389.caf,"23G83__iPhone18,2/System/Library/PrivateFrameworks/FMFindingUI.framework/FMR1Arrow-Scatter-B389.caf","23G83__iPhone18,2/System/Library/PrivateFrameworks/FMFindingUI.framework | 23G83__iPhone18,2/System/Library/PrivateFrameworks/TVRemoteUI.framework | 23G83__iPhone18,2/private/tmp/094-95330-089.dmg.mount/private/var/staged_system_apps/FindMy.app | 23G83__iPhone18,2/private/var/staged_system_apps/FindMy.app",3,a0bd95f57bc725e23583a5ec5a5098cd
Find My,FMR1 Nearby B389.caf,FMR1 Nearby B389,FMR1Nearby-B389.caf,"23G83__iPhone18,2/System/Library/PrivateFrameworks/FMFindingUI.framework/FMR1Nearby-B389.caf","23G83__iPhone18,2/System/Library/PrivateFrameworks/FMFindingUI.framework | 23G83__iPhone18,2/System/Library/PrivateFrameworks/TVRemoteUI.framework | 23G83__iPhone18,2/private/tmp/094-95330-089.dmg.mount/private/var/staged_system_apps/FindMy.app | 23G83__iPhone18,2/private/var/staged_system_apps/FindMy.app",3,814562cfe85f033c515f6f4a9b64ee1e
Find My,FMR1 Pre Nearby B389.caf,FMR1 Pre Nearby B389,FMR1PreNearby-B389.caf,"23G83__iPhone18,2/System/Library/PrivateFrameworks/FMFindingUI.framework/FMR1PreNearby-B389.caf","23G83__iPhone18,2/System/Library/PrivateFrameworks/FMFindingUI.framework | 23G83__iPhone18,2/System/Library/PrivateFrameworks/TVRemoteUI.framework | 23G83__iPhone18,2/private/tmp/094-95330-089.dmg.mount/private/var/staged_system_apps/FindMy.app | 23G83__iPhone18,2/private/var/staged_system_apps/FindMy.app",3,9c9a0890344c67ebb35a4359d16bf02d
Find My,FMRSSI Level Decrease (Finding UI).wav,FMRSSI Level Decrease (Finding UI),FMRSSI-Level-Decrease.caf,"23G83__iPhone18,2/System/Library/PrivateFrameworks/FMFindingUI.framework/FMRSSI-Level-Decrease.caf","23G83__iPhone18,2/System/Library/PrivateFrameworks/FMFindingUI.framework | 23G83__iPhone18,2/System/Library/PrivateFrameworks/TVRemoteUI.framework",1,9d4606e7768a303291eb50905a62681c
Find My,FMRSSI Level Increase (Finding UI).wav,FMRSSI Level Increase (Finding UI),FMRSSI-Level-Increase.caf,"23G83__iPhone18,2/System/Library/PrivateFrameworks/FMFindingUI.framework/FMRSSI-Level-Increase.caf","23G83__iPhone18,2/System/Library/PrivateFrameworks/FMFindingUI.framework | 23G83__iPhone18,2/System/Library/PrivateFrameworks/TVRemoteUI.framework",1,61716cb3787ab246a9830337d1116e23
Find My,Arc To Particles.wav,Arc To Particles,arcToParticles.wav,"23G83__iPhone18,2/System/Library/PrivateFrameworks/FMFindingUI.framework/arcToParticles.wav","23G83__iPhone18,2/System/Library/PrivateFrameworks/FMFindingUI.framework",0,a8fe40dd983d3212453c260c53ec4e2a
Find My,Arc To Puck Audio.wav,Arc To Puck Audio,arcToPuckAudio.wav,"23G83__iPhone18,2/System/Library/PrivateFrameworks/FMFindingUI.framework/arcToPuckAudio.wav","23G83__iPhone18,2/System/Library/PrivateFrameworks/FMFindingUI.framework",0,2263645d5ec1bcf8e9b3cf9365473d8c
Find My,Black To Green Audio.wav,Black To Green Audio,blackToGreenAudio.wav,"23G83__iPhone18,2/System/Library/PrivateFrameworks/FMFindingUI.framework/blackToGreenAudio.wav","23G83__iPhone18,2/System/Library/PrivateFrameworks/FMFindingUI.framework",0,e80ed54638305b4cbd709b31ec7d84fd
Find My,Check Mark Audio.wav,Check Mark Audio,checkMarkAudio.wav,"23G83__iPhone18,2/System/Library/PrivateFrameworks/FMFindingUI.framework/checkMarkAudio.wav","23G83__iPhone18,2/System/Library/PrivateFrameworks/FMFindingUI.framework",0,7167ab59562c3f49b42c337f2e41cc53
Find My,Green To Black Audio.wav,Green To Black Audio,greenToBlackAudio.wav,"23G83__iPhone18,2/System/Library/PrivateFrameworks/FMFindingUI.framework/greenToBlackAudio.wav","23G83__iPhone18,2/System/Library/PrivateFrameworks/FMFindingUI.framework",0,4175df32adb153a4e95afa54798d2a88
Find My,Accessory Locate Sound.wav,Accessory Locate Sound,accessory_locateSound.wav,"23G83__iPhone18,2/System/Library/PrivateFrameworks/FindMyDevice.framework/XPCServices/FindMyDeviceHelperXPCService.xpc/accessory_locateSound.wav","23G83__iPhone18,2/System/Library/PrivateFrameworks/FindMyDevice.framework/XPCServices/FindMyDeviceHelperXPCService.xpc",0,e80a591ffad3ea3f525991b3a4d28bfa
Find My,Accessory Locate Sound Lg B515.wav,Accessory Locate Sound Lg B515,accessory_locateSound_lg-B515.wav,"23G83__iPhone18,2/System/Library/PrivateFrameworks/FindMyDevice.framework/accessory_locateSound_lg-B515.wav","23G83__iPhone18,2/System/Library/PrivateFrameworks/FindMyDevice.framework",0,787ce23bda7358fc943727aa629bb7ef
Find My,Beats Sound.wav,Beats Sound,beats_sound.wav,"23G83__iPhone18,2/System/Library/PrivateFrameworks/FindMyDevice.framework/beats_sound.wav","23G83__iPhone18,2/System/Library/PrivateFrameworks/FindMyDevice.framework",0,163af25faab50a7a6a37086baf930a8f
Find My,Beats Sound Anc.wav,Beats Sound Anc,beats_sound_anc.wav,"23G83__iPhone18,2/System/Library/PrivateFrameworks/FindMyDevice.framework/beats_sound_anc.wav","23G83__iPhone18,2/System/Library/PrivateFrameworks/FindMyDevice.framework",0,7aa507a47798eb29ea0a30c854da40e8
Find My,FMD Sound.caf,FMD Sound,fmd_sound.caf,"23G83__iPhone18,2/System/Library/PrivateFrameworks/FindMyDevice.framework/fmd_sound.caf","23G83__iPhone18,2/System/Library/PrivateFrameworks/FindMyDevice.framework | 23G83__iPhone18,2/System/Library/PrivateFrameworks/FindMyDevice.framework/Versions/A/Resources | 23G83__iPhone18,2/System/Library/PrivateFrameworks/NanoLeash.framework",2,6dda4ff37e95d297686ef7a2d9c1c119
System Frameworks/Fitness Intelligence Inference,Workout Announce.flac,Workout Announce,workout_announce.caf,"23G83__iPhone18,2/System/Library/PrivateFrameworks/FitnessIntelligenceInference.framework/workout_announce.caf","23G83__iPhone18,2/System/Library/PrivateFrameworks/FitnessIntelligenceInference.framework | 23G83__iPhone18,2/System/Library/PrivateFrameworks/WorkoutAnnouncements.framework",1,82bc9a37e09bad068ec47f3227bcd5de
Audio & Headphones,Announce Loop.wav,Announce Loop,announce_loop.wav,"23G83__iPhone18,2/System/Library/PrivateFrameworks/HeadGestures.framework/announce_loop.wav","23G83__iPhone18,2/System/Library/PrivateFrameworks/HeadGestures.framework",0,def74a900dbb3c8999fce00b15f1d0e6
Audio & Headphones,Blip No.wav,Blip No,blip_no.wav,"23G83__iPhone18,2/System/Library/PrivateFrameworks/HeadGestures.framework/blip_no.wav","23G83__iPhone18,2/System/Library/PrivateFrameworks/HeadGestures.framework",0,672e4694b27eaef62e3562841888c40f
Audio & Headphones,Blip Yes.wav,Blip Yes,blip_yes.wav,"23G83__iPhone18,2/System/Library/PrivateFrameworks/HeadGestures.framework/blip_yes.wav","23G83__iPhone18,2/System/Library/PrivateFrameworks/HeadGestures.framework",0,70a111f6694335f621002068ceb803ac
Audio & Headphones,Confirm No.wav,Confirm No,confirm_no.wav,"23G83__iPhone18,2/System/Library/PrivateFrameworks/HeadGestures.framework/confirm_no.wav","23G83__iPhone18,2/System/Library/PrivateFrameworks/HeadGestures.framework",0,4677020fb3115e7db9167490148e03e7
Audio & Headphones,Confirm Yes.wav,Confirm Yes,confirm_yes.wav,"23G83__iPhone18,2/System/Library/PrivateFrameworks/HeadGestures.framework/confirm_yes.wav","23G83__iPhone18,2/System/Library/PrivateFrameworks/HeadGestures.framework",0,dfb4a6235fc119397bfc5bbf0743af34
Audio & Headphones,Experimental No.wav,Experimental No,experimental_no.wav,"23G83__iPhone18,2/System/Library/PrivateFrameworks/HeadGestures.framework/experimental_no.wav","23G83__iPhone18,2/System/Library/PrivateFrameworks/HeadGestures.framework",0,fb7ecb5ba16d65f8835015896bf4cd0d
Audio & Headphones,Experimental Yes.wav,Experimental Yes,experimental_yes.wav,"23G83__iPhone18,2/System/Library/PrivateFrameworks/HeadGestures.framework/experimental_yes.wav","23G83__iPhone18,2/System/Library/PrivateFrameworks/HeadGestures.framework",0,75a8515de8a00e11884516997b289646
Audio & Headphones,E+D US ML.wav,E+D US ML,E+D-US_ML.wav,"23G83__iPhone18,2/System/Library/PrivateFrameworks/HeadphoneCommonUIKit.framework/E+D-US_ML.wav","23G83__iPhone18,2/System/Library/PrivateFrameworks/HeadphoneCommonUIKit.framework | 23G83__iPhone18,2/System/Library/PrivateFrameworks/HeadphoneConfigs.framework | 23G83__iPhone18,2/System/Library/PrivateFrameworks/HeadphoneSettingsUI.framework | 23G83__iPhone18,2/System/Library/PrivateFrameworks/HearingModeSettingsUI.framework | 23G83__iPhone18,2/System/Library/PrivateFrameworks/HearingModeUI.framework",4,c8827fc25e5ccdf0b2b218f2086ce3a6
Audio & Headphones,First Ear Complete.wav,First Ear Complete,First_ear_complete.wav,"23G83__iPhone18,2/System/Library/PrivateFrameworks/HeadphoneConfigs.framework/First_ear_complete.wav","23G83__iPhone18,2/System/Library/PrivateFrameworks/HeadphoneConfigs.framework | 23G83__iPhone18,2/System/Library/PrivateFrameworks/HeadphoneSettingsUI.framework",1,ca45ec08962ef8311945532975140398
Audio & Headphones,Second Ear Complete.wav,Second Ear Complete,Second_ear_complete.wav,"23G83__iPhone18,2/System/Library/PrivateFrameworks/HeadphoneConfigs.framework/Second_ear_complete.wav","23G83__iPhone18,2/System/Library/PrivateFrameworks/HeadphoneConfigs.framework | 23G83__iPhone18,2/System/Library/PrivateFrameworks/HeadphoneSettingsUI.framework",1,5077cd827eea29d3ead456ada6139aee
Audio & Headphones,Spatial Profile Enrollment Completed.wav,Spatial Profile Enrollment Completed,Spatial_Profile_Enrollment_Completed.wav,"23G83__iPhone18,2/System/Library/PrivateFrameworks/HeadphoneConfigs.framework/Spatial_Profile_Enrollment_Completed.wav","23G83__iPhone18,2/System/Library/PrivateFrameworks/HeadphoneConfigs.framework | 23G83__iPhone18,2/System/Library/PrivateFrameworks/HeadphoneSettingsUI.framework",1,07558366d64100e484bd2e4c9dc826d9
Audio & Headphones,Spatial Profile Scan Completed.wav,Spatial Profile Scan Completed,Spatial_Profile_Scan_Completed.wav,"23G83__iPhone18,2/System/Library/PrivateFrameworks/HeadphoneConfigs.framework/Spatial_Profile_Scan_Completed.wav","23G83__iPhone18,2/System/Library/PrivateFrameworks/HeadphoneConfigs.framework | 23G83__iPhone18,2/System/Library/PrivateFrameworks/HeadphoneSettingsUI.framework",1,080d8b80605553ed3c0f6bbed52b695d
Audio & Headphones,Spatial Profile Scan Error.wav,Spatial Profile Scan Error,Spatial_Profile_Scan_Error.wav,"23G83__iPhone18,2/System/Library/PrivateFrameworks/HeadphoneConfigs.framework/Spatial_Profile_Scan_Error.wav","23G83__iPhone18,2/System/Library/PrivateFrameworks/HeadphoneConfigs.framework | 23G83__iPhone18,2/System/Library/PrivateFrameworks/HeadphoneSettingsUI.framework",1,1ca5eb2dfbd79d42067caaffbb324ff1
Audio & Headphones,Spatial Profile Scan First Tick.wav,Spatial Profile Scan First Tick,Spatial_Profile_Scan_First_Tick.wav,"23G83__iPhone18,2/System/Library/PrivateFrameworks/HeadphoneConfigs.framework/Spatial_Profile_Scan_First_Tick.wav","23G83__iPhone18,2/System/Library/PrivateFrameworks/HeadphoneConfigs.framework | 23G83__iPhone18,2/System/Library/PrivateFrameworks/HeadphoneSettingsUI.framework",1,ff7ebe09ff6991e4973410a2769249f0
Audio & Headphones,Spatial Profile Scan In Progress.wav,Spatial Profile Scan In Progress,Spatial_Profile_Scan_In_Progress.wav,"23G83__iPhone18,2/System/Library/PrivateFrameworks/HeadphoneConfigs.framework/Spatial_Profile_Scan_In_Progress.wav","23G83__iPhone18,2/System/Library/PrivateFrameworks/HeadphoneConfigs.framework | 23G83__iPhone18,2/System/Library/PrivateFrameworks/HeadphoneSettingsUI.framework",1,b87bafd7a5cf550930f05a3e3fd6dad0
Audio & Headphones,Spatial Profile Scan Lock.wav,Spatial Profile Scan Lock,Spatial_Profile_Scan_Lock.wav,"23G83__iPhone18,2/System/Library/PrivateFrameworks/HeadphoneConfigs.framework/Spatial_Profile_Scan_Lock.wav","23G83__iPhone18,2/System/Library/PrivateFrameworks/HeadphoneConfigs.framework | 23G83__iPhone18,2/System/Library/PrivateFrameworks/HeadphoneSettingsUI.framework",1,c740350627e9738f64e0116c3dcb9b2d
Audio & Headphones,Spatial Profile Scan Orient User.wav,Spatial Profile Scan Orient User,Spatial_Profile_Scan_Orient_User.wav,"23G83__iPhone18,2/System/Library/PrivateFrameworks/HeadphoneConfigs.framework/Spatial_Profile_Scan_Orient_User.wav","23G83__iPhone18,2/System/Library/PrivateFrameworks/HeadphoneConfigs.framework | 23G83__iPhone18,2/System/Library/PrivateFrameworks/HeadphoneSettingsUI.framework",1,8016e50d807f942144e5ae5a441fb2f4
Audio & Headphones,Spatial Profile Scan Second Tick.wav,Spatial Profile Scan Second Tick,Spatial_Profile_Scan_Second_Tick.wav,"23G83__iPhone18,2/System/Library/PrivateFrameworks/HeadphoneConfigs.framework/Spatial_Profile_Scan_Second_Tick.wav","23G83__iPhone18,2/System/Library/PrivateFrameworks/HeadphoneConfigs.framework | 23G83__iPhone18,2/System/Library/PrivateFrameworks/HeadphoneSettingsUI.framework",1,2fa131fe52ebad5bc5491e9a53de4ce6
Audio & Headphones,Complete.wav,Complete,complete.wav,"23G83__iPhone18,2/System/Library/PrivateFrameworks/HeadphoneConfigs.framework/complete.wav","23G83__iPhone18,2/System/Library/PrivateFrameworks/HeadphoneConfigs.framework | 23G83__iPhone18,2/System/Library/PrivateFrameworks/HeadphoneSettingsUI.framework",1,04b177061003e3ba9d2aa6bf24b24776
Audio & Headphones,Tonal Loop.wav,Tonal Loop,tonal_loop.wav,"23G83__iPhone18,2/System/Library/PrivateFrameworks/HeadphoneConfigs.framework/tonal_loop.wav","23G83__iPhone18,2/System/Library/PrivateFrameworks/HeadphoneConfigs.framework | 23G83__iPhone18,2/System/Library/PrivateFrameworks/HeadphoneSettingsUI.framework",1,6644bdc18bc837190bad09afe68bd855
Audio & Headphones,Notification Audio Tone.wav,Notification Audio Tone,NotificationAudioTone.wav,"23G83__iPhone18,2/System/Library/PrivateFrameworks/HearingModeService_Private.framework/NotificationAudioTone.wav","23G83__iPhone18,2/System/Library/PrivateFrameworks/HearingModeService_Private.framework",0,f1e85742b1a001ac0e49c44513882a3d
Audio & Headphones,Silence 48000.caf,Silence 48000,silence_48000.caf,"23G83__iPhone18,2/System/Library/PrivateFrameworks/HearingTest.framework/silence_48000.caf","23G83__iPhone18,2/System/Library/PrivateFrameworks/HearingTest.framework",0,b667fa7dcbed23e50d9a72f732b662fa
Audio & Headphones,Airplane.m4a,Airplane,Airplane.m4a,"23G83__iPhone18,2/System/Library/PrivateFrameworks/HearingUtilities.framework/Airplane.m4a","23G83__iPhone18,2/System/Library/PrivateFrameworks/HearingUtilities.framework",0,5552f85f96e8bec1f62e6302c7c54737
Audio & Headphones,Babble.m4a,Babble,Babble.m4a,"23G83__iPhone18,2/System/Library/PrivateFrameworks/HearingUtilities.framework/Babble.m4a","23G83__iPhone18,2/System/Library/PrivateFrameworks/HearingUtilities.framework",0,c2d796046a1704d4adf3b4ea3f75b95b
Audio & Headphones,Boat.m4a,Boat,Boat.m4a,"23G83__iPhone18,2/System/Library/PrivateFrameworks/HearingUtilities.framework/Boat.m4a","23G83__iPhone18,2/System/Library/PrivateFrameworks/HearingUtilities.framework",0,cd42e29ab3306c3511341cd8b7485e60
Audio & Headphones,Brown Noise.m4a,Brown Noise,BrownNoise.m4a,"23G83__iPhone18,2/System/Library/PrivateFrameworks/HearingUtilities.framework/BrownNoise.m4a","23G83__iPhone18,2/System/Library/PrivateFrameworks/HearingUtilities.framework",0,8bd65145569a1043d2972b3b4d49065b
Audio & Headphones,Bus.m4a,Bus,Bus.m4a,"23G83__iPhone18,2/System/Library/PrivateFrameworks/HearingUtilities.framework/Bus.m4a","23G83__iPhone18,2/System/Library/PrivateFrameworks/HearingUtilities.framework",0,35199f32c945f2f6005eb626c80cbebf
Audio & Headphones,Fire.m4a,Fire,Fire.m4a,"23G83__iPhone18,2/System/Library/PrivateFrameworks/HearingUtilities.framework/Fire.m4a","23G83__iPhone18,2/System/Library/PrivateFrameworks/HearingUtilities.framework",0,cd39e3ee446845887f57e0bcae1758c4
Audio & Headphones,Night.m4a,Night,Night.m4a,"23G83__iPhone18,2/System/Library/PrivateFrameworks/HearingUtilities.framework/Night.m4a","23G83__iPhone18,2/System/Library/PrivateFrameworks/HearingUtilities.framework",0,7b0d7f174d9f2ebecbf0b49e644c07ea
Audio & Headphones,Ocean.m4a,Ocean,Ocean.m4a,"23G83__iPhone18,2/System/Library/PrivateFrameworks/HearingUtilities.framework/Ocean.m4a","23G83__iPhone18,2/System/Library/PrivateFrameworks/HearingUtilities.framework",0,894adbdd8cdfd05535b34493e5f0c466
Audio & Headphones,Pink Noise.m4a,Pink Noise,PinkNoise.m4a,"23G83__iPhone18,2/System/Library/PrivateFrameworks/HearingUtilities.framework/PinkNoise.m4a","23G83__iPhone18,2/System/Library/PrivateFrameworks/HearingUtilities.framework",0,76813c0c2027f4c2f4ca575a95b747bd
Audio & Headphones,Quiet Night.m4a,Quiet Night,QuietNight.m4a,"23G83__iPhone18,2/System/Library/PrivateFrameworks/HearingUtilities.framework/QuietNight.m4a","23G83__iPhone18,2/System/Library/PrivateFrameworks/HearingUtilities.framework",0,b227da071d293169a362f263a8df61b0
Audio & Headphones,Rain.m4a,Rain,Rain.m4a,"23G83__iPhone18,2/System/Library/PrivateFrameworks/HearingUtilities.framework/Rain.m4a","23G83__iPhone18,2/System/Library/PrivateFrameworks/HearingUtilities.framework",0,135ffd802d154c4b4c345d26ba5c3a05
Audio & Headphones,Rain On Roof.m4a,Rain On Roof,RainOnRoof.m4a,"23G83__iPhone18,2/System/Library/PrivateFrameworks/HearingUtilities.framework/RainOnRoof.m4a","23G83__iPhone18,2/System/Library/PrivateFrameworks/HearingUtilities.framework",0,aed947c4a4fcf2b1b35e2c2f406a7c8c
Audio & Headphones,Steam.m4a,Steam,Steam.m4a,"23G83__iPhone18,2/System/Library/PrivateFrameworks/HearingUtilities.framework/Steam.m4a","23G83__iPhone18,2/System/Library/PrivateFrameworks/HearingUtilities.framework",0,fd608160d0c96260674e6d8ab461defa
Audio & Headphones,Stream.m4a,Stream,Stream.m4a,"23G83__iPhone18,2/System/Library/PrivateFrameworks/HearingUtilities.framework/Stream.m4a","23G83__iPhone18,2/System/Library/PrivateFrameworks/HearingUtilities.framework",0,2fc6a7f10361da09f1c0eb8dcd1e187c
Audio & Headphones,Train.m4a,Train,Train.m4a,"23G83__iPhone18,2/System/Library/PrivateFrameworks/HearingUtilities.framework/Train.m4a","23G83__iPhone18,2/System/Library/PrivateFrameworks/HearingUtilities.framework",0,e6801e73b94578eb2a7dfaaf51858c0e
Audio & Headphones,White Noise.m4a,White Noise,WhiteNoise.m4a,"23G83__iPhone18,2/System/Library/PrivateFrameworks/HearingUtilities.framework/WhiteNoise.m4a","23G83__iPhone18,2/System/Library/PrivateFrameworks/HearingUtilities.framework",0,3d716a13171b0231748661a9adc5695c
Home & Devices,Mic Closed Announce.wav,Mic Closed Announce,mic_closed-Announce.wav,"23G83__iPhone18,2/System/Library/PrivateFrameworks/Home.framework/mic_closed-Announce.wav","23G83__iPhone18,2/System/Library/PrivateFrameworks/Home.framework",0,38c6e41b7a779b382e37e4725f8d4ee9
Home & Devices,Mic Open Announce.wav,Mic Open Announce,mic_open-Announce.wav,"23G83__iPhone18,2/System/Library/PrivateFrameworks/Home.framework/mic_open-Announce.wav","23G83__iPhone18,2/System/Library/PrivateFrameworks/Home.framework",0,208566b2353c0be0533a0b2a81933679
Home & Devices,Home Pod Passcode B 238.m4a,Home Pod Passcode B 238,HomePodPasscode-b238.m4a,"23G83__iPhone18,2/System/Library/PrivateFrameworks/HomeDeviceSetup.framework/HomePodPasscode-b238.m4a","23G83__iPhone18,2/System/Library/PrivateFrameworks/HomeDeviceSetup.framework",0,bcb36efe3ca0e8f15b2194acb21792ee
Home & Devices,Home Pod Ready To Set Up B 238.m4a,Home Pod Ready To Set Up B 238,HomePodReadyToSetUp-b238.m4a,"23G83__iPhone18,2/System/Library/PrivateFrameworks/HomeDeviceSetup.framework/HomePodReadyToSetUp-b238.m4a","23G83__iPhone18,2/System/Library/PrivateFrameworks/HomeDeviceSetup.framework",0,6c063d32ce592694776df00b429e6791
Home & Devices,Home Pod Setup Source 1 B 238.m4a,Home Pod Setup Source 1 B 238,HomePodSetupSource1-b238.m4a,"23G83__iPhone18,2/System/Library/PrivateFrameworks/HomeDeviceSetup.framework/HomePodSetupSource1-b238.m4a","23G83__iPhone18,2/System/Library/PrivateFrameworks/HomeDeviceSetup.framework",0,1b7f4d245121dab3d7e210000442eb30
Home & Devices,Home Pod Setup Source 2 B 238.m4a,Home Pod Setup Source 2 B 238,HomePodSetupSource2-b238.m4a,"23G83__iPhone18,2/System/Library/PrivateFrameworks/HomeDeviceSetup.framework/HomePodSetupSource2-b238.m4a","23G83__iPhone18,2/System/Library/PrivateFrameworks/HomeDeviceSetup.framework",0,5c96104aff1450d870a867d4a7702be9
Home & Devices,Home Pod Setup Target B 238.m4a,Home Pod Setup Target B 238,HomePodSetupTarget-b238.m4a,"23G83__iPhone18,2/System/Library/PrivateFrameworks/HomeDeviceSetup.framework/HomePodSetupTarget-b238.m4a","23G83__iPhone18,2/System/Library/PrivateFrameworks/HomeDeviceSetup.framework",0,35cbdcca8dd930abd34d5a5531ea6871
Telephony & Messaging,Sent Scheduled Message.caf,Sent Scheduled Message,Sent Scheduled Message.caf,"23G83__iPhone18,2/System/Library/PrivateFrameworks/IMDaemonCore.framework/Sent Scheduled Message.caf","23G83__iPhone18,2/System/Library/PrivateFrameworks/IMDaemonCore.framework",0,19a0edc22b828e9e67c142e4527214cd
Accessibility/Magnifier,Found Magnifier ML.wav,Found Magnifier ML,FoundMagnifier_ML.wav,"23G83__iPhone18,2/System/Library/PrivateFrameworks/MagnifierSupport.framework/FoundMagnifier_ML.wav","23G83__iPhone18,2/System/Library/PrivateFrameworks/MagnifierSupport.framework",0,5d40129d8105fb8fa882149aea43545e
Accessibility/Magnifier,Lock Off Magnifier ML.wav,Lock Off Magnifier ML,LockOffMagnifier_ML.wav,"23G83__iPhone18,2/System/Library/PrivateFrameworks/MagnifierSupport.framework/LockOffMagnifier_ML.wav","23G83__iPhone18,2/System/Library/PrivateFrameworks/MagnifierSupport.framework",0,f83f3750c88572092fd7616e7be1529d
Accessibility/Magnifier,Lock On Magnifier ML.wav,Lock On Magnifier ML,LockOnMagnifier_ML.wav,"23G83__iPhone18,2/System/Library/PrivateFrameworks/MagnifierSupport.framework/LockOnMagnifier_ML.wav","23G83__iPhone18,2/System/Library/PrivateFrameworks/MagnifierSupport.framework",0,600cf02528999a2b412b76047478d5bc
Accessibility/Magnifier,Loop Scanning Magnifier ML.wav,Loop Scanning Magnifier ML,LoopScanningMagnifier_ML.wav,"23G83__iPhone18,2/System/Library/PrivateFrameworks/MagnifierSupport.framework/LoopScanningMagnifier_ML.wav","23G83__iPhone18,2/System/Library/PrivateFrameworks/MagnifierSupport.framework",0,564b95ca1c643f22e7ab31dd3ca392c0
Accessibility/Magnifier,Lost Magnifier ML.wav,Lost Magnifier ML,LostMagnifier_ML.wav,"23G83__iPhone18,2/System/Library/PrivateFrameworks/MagnifierSupport.framework/LostMagnifier_ML.wav","23G83__iPhone18,2/System/Library/PrivateFrameworks/MagnifierSupport.framework",0,a5fa4182ac1b6279a7fa6d06c1b63fb6
Accessibility/Magnifier,Model Processing.aiff,Model Processing,ModelProcessing.aiff,"23G83__iPhone18,2/System/Library/PrivateFrameworks/MagnifierSupport.framework/ModelProcessing.aiff","23G83__iPhone18,2/System/Library/PrivateFrameworks/MagnifierSupport.framework",0,f30a23dcc683eb269a8c6666c1e42208
Accessibility/Magnifier,AX Distance High.aiff,AX Distance High,ax_distance_high.aiff,"23G83__iPhone18,2/System/Library/PrivateFrameworks/MagnifierSupport.framework/ax_distance_high.aiff","23G83__iPhone18,2/System/Library/PrivateFrameworks/MagnifierSupport.framework",0,bd865155302137919449b571ce924062
Accessibility/Magnifier,AX Distance Low.aiff,AX Distance Low,ax_distance_low.aiff,"23G83__iPhone18,2/System/Library/PrivateFrameworks/MagnifierSupport.framework/ax_distance_low.aiff","23G83__iPhone18,2/System/Library/PrivateFrameworks/MagnifierSupport.framework",0,4d99caca5af49aa5b5f97f867a8bbe7b
Accessibility/Magnifier,AX Distance Mid High.aiff,AX Distance Mid High,ax_distance_midHigh.aiff,"23G83__iPhone18,2/System/Library/PrivateFrameworks/MagnifierSupport.framework/ax_distance_midHigh.aiff","23G83__iPhone18,2/System/Library/PrivateFrameworks/MagnifierSupport.framework",0,f5a2f3c0825d77a61f6e5a7517e96a5a
Accessibility/Magnifier,AX Distance Mid Low.aiff,AX Distance Mid Low,ax_distance_midLow.aiff,"23G83__iPhone18,2/System/Library/PrivateFrameworks/MagnifierSupport.framework/ax_distance_midLow.aiff","23G83__iPhone18,2/System/Library/PrivateFrameworks/MagnifierSupport.framework",0,130b829267fd3299de117f7fe0f3522d
Accessibility/Magnifier,Detection Paused.aiff,Detection Paused,detection_paused.aiff,"23G83__iPhone18,2/System/Library/PrivateFrameworks/MagnifierSupport.framework/detection_paused.aiff","23G83__iPhone18,2/System/Library/CoreServices/VoiceOverTouch.app/Sounds | 23G83__iPhone18,2/System/Library/PrivateFrameworks/MagnifierSupport.framework",1,0f6366f6af87da5c7be6345cfa7e70a8
Accessibility/Magnifier,Detection Resumed.aiff,Detection Resumed,detection_resumed.aiff,"23G83__iPhone18,2/System/Library/PrivateFrameworks/MagnifierSupport.framework/detection_resumed.aiff","23G83__iPhone18,2/System/Library/CoreServices/VoiceOverTouch.app/Sounds | 23G83__iPhone18,2/System/Library/PrivateFrameworks/MagnifierSupport.framework",1,0898de2b5f53fb22106d0fc50d9a3c20
Accessibility/Magnifier,Door Distance High.aiff,Door Distance High,door_distance_high.aiff,"23G83__iPhone18,2/System/Library/PrivateFrameworks/MagnifierSupport.framework/door_distance_high.aiff","23G83__iPhone18,2/System/Library/PrivateFrameworks/MagnifierSupport.framework",0,d2d36102556ddd15da0aeb8fd146b653
Accessibility/Magnifier,Door Distance Low.aiff,Door Distance Low,door_distance_low.aiff,"23G83__iPhone18,2/System/Library/PrivateFrameworks/MagnifierSupport.framework/door_distance_low.aiff","23G83__iPhone18,2/System/Library/PrivateFrameworks/MagnifierSupport.framework",0,a90830552f65b7e024028d4018a19e3f
Accessibility/Magnifier,Hand Absent.aiff,Hand Absent,hand_absent.aiff,"23G83__iPhone18,2/System/Library/PrivateFrameworks/MagnifierSupport.framework/hand_absent.aiff","23G83__iPhone18,2/System/Library/PrivateFrameworks/AXMediaUtilities.framework/sounds | 23G83__iPhone18,2/System/Library/PrivateFrameworks/MagnifierSupport.framework",2,61ea9440b699853f6bd372709d76d864
Accessibility/Magnifier,Point Speak Border.aiff,Point Speak Border,point_speak_border.aiff,"23G83__iPhone18,2/System/Library/PrivateFrameworks/MagnifierSupport.framework/point_speak_border.aiff","23G83__iPhone18,2/System/Library/PrivateFrameworks/MagnifierSupport.framework",0,01740f5f821578993110a431ed91d149
Accessibility/Magnifier,Speech Recognition Did Begin.aiff,Speech Recognition Did Begin,speech_recognition_did_begin.aiff,"23G83__iPhone18,2/System/Library/PrivateFrameworks/MagnifierSupport.framework/speech_recognition_did_begin.aiff","23G83__iPhone18,2/System/Library/PrivateFrameworks/MagnifierSupport.framework",0,24eb0487ff5803fa4521e32cb24b1bda
Accessibility/Magnifier,Speech Recognition Did End.aiff,Speech Recognition Did End,speech_recognition_did_end.aiff,"23G83__iPhone18,2/System/Library/PrivateFrameworks/MagnifierSupport.framework/speech_recognition_did_end.aiff","23G83__iPhone18,2/System/Library/PrivateFrameworks/MagnifierSupport.framework",0,7a4767662ef4d3323e536363c0294802
Audio & Headphones,Empty.m4a,Empty,empty.m4a,"23G83__iPhone18,2/System/Library/PrivateFrameworks/MediaPlaybackCore.framework/empty.m4a","23G83__iPhone18,2/System/Library/PrivateFrameworks/MediaPlaybackCore.framework",0,c6e2b440f71536e8645e2ca1d2637549
Find My,Chirp.caf,Chirp,chirp.caf,"23G83__iPhone18,2/System/Library/PrivateFrameworks/NanoLeash.framework/chirp.caf","23G83__iPhone18,2/System/Library/PrivateFrameworks/NanoLeash.framework",0,198071b902ee36b6315f4cc7e5e903d2
System Frameworks/Navigation,Approach.caf,Approach,Approach.caf,"23G83__iPhone18,2/System/Library/PrivateFrameworks/Navigation.framework/Approach.caf","23G83__iPhone18,2/System/Library/PrivateFrameworks/Navigation.framework",0,c65d5ea9ff36ffb54fa0c63a514da243
System Frameworks/Navigation,Turn Left.caf,Turn Left,TurnLeft.caf,"23G83__iPhone18,2/System/Library/PrivateFrameworks/Navigation.framework/TurnLeft.caf","23G83__iPhone18,2/System/Library/PrivateFrameworks/Navigation.framework",0,3d84211b5275024288a20c55019fb21a
System Frameworks/Navigation,Turn Right.caf,Turn Right,TurnRight.caf,"23G83__iPhone18,2/System/Library/PrivateFrameworks/Navigation.framework/TurnRight.caf","23G83__iPhone18,2/System/Library/PrivateFrameworks/Navigation.framework",0,26644ca07bc810b2176da23745ee06e2
Accessibility/Personal Audio,Enrollment 1+15d B.mp3,Enrollment 1+15d B,Enrollment_1+15dB.mp3,"23G83__iPhone18,2/System/Library/PrivateFrameworks/PersonalAudio.framework/Enrollment_1+15dB.mp3","23G83__iPhone18,2/System/Library/PrivateFrameworks/PersonalAudio.framework",0,b68a0145ac22f768b69dfae1d5f91662
Accessibility/Personal Audio,Enrollment 1.mp3,Enrollment 1,Enrollment_1.mp3,"23G83__iPhone18,2/System/Library/PrivateFrameworks/PersonalAudio.framework/Enrollment_1.mp3","23G83__iPhone18,2/System/Library/PrivateFrameworks/PersonalAudio.framework",0,60c7460ade028ad54e90ec985d2b0a78
Accessibility/Personal Audio,Enrollment 2.caf,Enrollment 2,Enrollment_2.caf,"23G83__iPhone18,2/System/Library/PrivateFrameworks/PersonalAudio.framework/Enrollment_2.caf","23G83__iPhone18,2/System/Library/PrivateFrameworks/PersonalAudio.framework",0,21bfe4956740a4bffaa2004c17d14d9b
Camera & Photos,PX People Confirm No.caf,PX People Confirm No,PXPeopleConfirmNo.caf,"23G83__iPhone18,2/System/Library/PrivateFrameworks/PhotosUICore.framework/PXPeopleConfirmNo.caf","23G83__iPhone18,2/System/Library/PrivateFrameworks/PhotosUICore.framework",0,83e1ce57e0bbb032b4834f736e37c541
Camera & Photos,PX People Confirm Yes.caf,PX People Confirm Yes,PXPeopleConfirmYes.caf,"23G83__iPhone18,2/System/Library/PrivateFrameworks/PhotosUICore.framework/PXPeopleConfirmYes.caf","23G83__iPhone18,2/System/Library/PrivateFrameworks/PhotosUICore.framework",0,644a356e2356657175c2a64633f3ec69
Safety & Emergency,V 4 Level 1 Urgent ML.wav,V 4 Level 1 Urgent ML,v4_level1_urgent_ML.wav,"23G83__iPhone18,2/System/Library/PrivateFrameworks/SafetyMonitor.framework/v4_level1_urgent_ML.wav","23G83__iPhone18,2/System/Library/PrivateFrameworks/SafetyMonitor.framework",0,7c3fd113868dd5515bd35197f673703b
Safety & Emergency,V 4 Level 2 Urgent ML.wav,V 4 Level 2 Urgent ML,v4_level2_urgent_ML.wav,"23G83__iPhone18,2/System/Library/PrivateFrameworks/SafetyMonitor.framework/v4_level2_urgent_ML.wav","23G83__iPhone18,2/System/Library/PrivateFrameworks/SafetyMonitor.framework",0,21c96a09621ff5ee3dc9173c19dab4b5
Safety & Emergency,V 4 Level 3 Urgent ML.wav,V 4 Level 3 Urgent ML,v4_level3_urgent_ML.wav,"23G83__iPhone18,2/System/Library/PrivateFrameworks/SafetyMonitor.framework/v4_level3_urgent_ML.wav","23G83__iPhone18,2/System/Library/PrivateFrameworks/SafetyMonitor.framework",0,beefd651468c0e5ac5889c20ad663409
Home & Devices,Audio Focus Enter Mode.caf,Audio Focus Enter Mode,Audio_Focus_Enter_Mode.caf,"23G83__iPhone18,2/System/Library/PrivateFrameworks/SeymourUI.framework/Audio_Focus_Enter_Mode.caf","23G83__iPhone18,2/System/Library/PrivateFrameworks/SeymourUI.framework",0,461022484172c742181a58d6c0ed4078
Home & Devices,Audio Focus Exit Mode.caf,Audio Focus Exit Mode,Audio_Focus_Exit_Mode.caf,"23G83__iPhone18,2/System/Library/PrivateFrameworks/SeymourUI.framework/Audio_Focus_Exit_Mode.caf","23G83__iPhone18,2/System/Library/PrivateFrameworks/SeymourUI.framework",0,d463e28323655916202af12f589bfaf3
Home & Devices,Workout Countdown Haptic.caf,Workout Countdown Haptic,WorkoutCountdown_Haptic.caf,"23G83__iPhone18,2/System/Library/PrivateFrameworks/SeymourUI.framework/WorkoutCountdown_Haptic.caf","23G83__iPhone18,2/System/Library/Audio/UISounds/nano | 23G83__iPhone18,2/System/Library/PrivateFrameworks/SeymourUI.framework",1,abfa4ce7254f2ecf9d4abaa18929dd3e
Telephony & Messaging,Sent Msg.wav,Sent Msg,SentMsg.wav,"23G83__iPhone18,2/System/Library/PrivateFrameworks/SiriMessagesUICommon.framework/SentMsg.wav","23G83__iPhone18,2/System/Library/PrivateFrameworks/SiriMessagesUICommon.framework",0,4a59d4d79f1e2a29a18e33836e4cc5a0
Telephony & Messaging,Sent Msg 3p.wav,Sent Msg 3p,SentMsg3p.wav,"23G83__iPhone18,2/System/Library/PrivateFrameworks/SiriMessagesUICommon.framework/SentMsg3p.wav","23G83__iPhone18,2/System/Library/PrivateFrameworks/SiriMessagesUICommon.framework",0,018710754c7846570b35b21f4bd41e8e
Siri & Voices/Siri Interface,Read This Sound.wav,Read This Sound,ReadThisSound.wav,"23G83__iPhone18,2/System/Library/PrivateFrameworks/SiriReaderServices.framework/ReadThisSound.wav","23G83__iPhone18,2/System/Library/PrivateFrameworks/SiriReaderServices.framework",0,a5bfa3a30ee0e471c2ed7d39c4c4a3f3
Siri & Voices/Siri Interface,Interaction Background.wav,Interaction Background,InteractionBackground.wav,"23G83__iPhone18,2/System/Library/PrivateFrameworks/SiriSetup.framework/InteractionBackground.wav","23G83__iPhone18,2/System/Library/PrivateFrameworks/SiriSetup.framework",0,48674c9edb57baa14f0ffed74b0e7265
Siri & Voices/Siri Interface,Assistant Etiquette.wav,Assistant Etiquette,AssistantEtiquette.wav,"23G83__iPhone18,2/System/Library/PrivateFrameworks/SiriTTS.framework/AdditionalResources/AssistantEtiquette.wav","23G83__iPhone18,2/System/Library/PrivateFrameworks/SiriTTS.framework/AdditionalResources | 23G83__iPhone18,2/System/Library/PrivateFrameworks/VoiceServices.framework/TTSResources/Tones",1,a04b2598953363b91d5825975fd270a1
Siri & Voices/Siri Interface,ja-JP Sakura 6 COMPACT.caf,ja-JP Sakura 6 COMPACT,ja-JP_sakura_6_COMPACT.caf,"23G83__iPhone18,2/System/Library/PrivateFrameworks/SiriTTSService.framework/AudioHintFiles/ja-JP/ja-JP_sakura_6_COMPACT.caf","23G83__iPhone18,2/System/Library/PrivateFrameworks/SiriTTSService.framework/AudioHintFiles/ja-JP",0,603bd75d2aed6ce24d71a5850035a6ea
Siri & Voices/Voice Previews (Interactive),en-AU Catherine.caf,en-AU Catherine,en-AU_catherine.caf,"23G83__iPhone18,2/System/Library/PrivateFrameworks/SiriTTSService.framework/InteractiveVoicePreviews/en-AU_catherine.caf","23G83__iPhone18,2/System/Library/PrivateFrameworks/SiriTTSService.framework/InteractiveVoicePreviews",0,f27d40e430091dcaa17e4dedbd5e7000
Siri & Voices/Voice Previews (Interactive),en-AU (C).caf,en-AU (C),en-AU_en-AU-C.caf,"23G83__iPhone18,2/System/Library/PrivateFrameworks/SiriTTSService.framework/InteractiveVoicePreviews/en-AU_en-AU-C.caf","23G83__iPhone18,2/System/Library/PrivateFrameworks/SiriTTSService.framework/InteractiveVoicePreviews",0,09da1645b0e2226bd668d76d9069badf
Siri & Voices/Voice Previews (Interactive),en-AU (D).caf,en-AU (D),en-AU_en-AU-D.caf,"23G83__iPhone18,2/System/Library/PrivateFrameworks/SiriTTSService.framework/InteractiveVoicePreviews/en-AU_en-AU-D.caf","23G83__iPhone18,2/System/Library/PrivateFrameworks/SiriTTSService.framework/InteractiveVoicePreviews",0,df7ca79161dd8375d87c2e791fb7fad0
Siri & Voices/Voice Previews (Interactive),en-AU Gordon.caf,en-AU Gordon,en-AU_gordon.caf,"23G83__iPhone18,2/System/Library/PrivateFrameworks/SiriTTSService.framework/InteractiveVoicePreviews/en-AU_gordon.caf","23G83__iPhone18,2/System/Library/PrivateFrameworks/SiriTTSService.framework/InteractiveVoicePreviews",0,6c66b308ebc71053a9ecc8538eccbb9e
Siri & Voices/Voice Previews (Interactive),en-GB Arthur.caf,en-GB Arthur,en-GB_arthur.caf,"23G83__iPhone18,2/System/Library/PrivateFrameworks/SiriTTSService.framework/InteractiveVoicePreviews/en-GB_arthur.caf","23G83__iPhone18,2/System/Library/PrivateFrameworks/SiriTTSService.framework/InteractiveVoicePreviews",0,118b142e1ccf56f61b26d9dd082cad98
Siri & Voices/Voice Previews (Interactive),en-GB (C).caf,en-GB (C),en-GB_en-GB-C.caf,"23G83__iPhone18,2/System/Library/PrivateFrameworks/SiriTTSService.framework/InteractiveVoicePreviews/en-GB_en-GB-C.caf","23G83__iPhone18,2/System/Library/PrivateFrameworks/SiriTTSService.framework/InteractiveVoicePreviews",0,2c6b84747bf2348a2e6cbec5d2ca32af
Siri & Voices/Voice Previews (Interactive),en-GB (D).caf,en-GB (D),en-GB_en-GB-D.caf,"23G83__iPhone18,2/System/Library/PrivateFrameworks/SiriTTSService.framework/InteractiveVoicePreviews/en-GB_en-GB-D.caf","23G83__iPhone18,2/System/Library/PrivateFrameworks/SiriTTSService.framework/InteractiveVoicePreviews",0,1569aaa8bd2c1caade2ca4893abc9a2e
Siri & Voices/Voice Previews (Interactive),en-GB Martha.caf,en-GB Martha,en-GB_martha.caf,"23G83__iPhone18,2/System/Library/PrivateFrameworks/SiriTTSService.framework/InteractiveVoicePreviews/en-GB_martha.caf","23G83__iPhone18,2/System/Library/PrivateFrameworks/SiriTTSService.framework/InteractiveVoicePreviews",0,e32f6a19f2827dae0e1664489d30cee6
Siri & Voices/Voice Previews (Interactive),en-IE Aidan.caf,en-IE Aidan,en-IE_aidan.caf,"23G83__iPhone18,2/System/Library/PrivateFrameworks/SiriTTSService.framework/InteractiveVoicePreviews/en-IE_aidan.caf","23G83__iPhone18,2/System/Library/PrivateFrameworks/SiriTTSService.framework/InteractiveVoicePreviews",0,1884a492852cdffc80ee40d0f264f93d
Siri & Voices/Voice Previews (Interactive),en-IE Maeve.caf,en-IE Maeve,en-IE_maeve.caf,"23G83__iPhone18,2/System/Library/PrivateFrameworks/SiriTTSService.framework/InteractiveVoicePreviews/en-IE_maeve.caf","23G83__iPhone18,2/System/Library/PrivateFrameworks/SiriTTSService.framework/InteractiveVoicePreviews",0,660e34baa61d18fbedd8a16d0751373a
Siri & Voices/Voice Previews (Interactive),en-IN Akash.caf,en-IN Akash,en-IN_akash.caf,"23G83__iPhone18,2/System/Library/PrivateFrameworks/SiriTTSService.framework/InteractiveVoicePreviews/en-IN_akash.caf","23G83__iPhone18,2/System/Library/PrivateFrameworks/SiriTTSService.framework/InteractiveVoicePreviews",0,99090739f5e216ec024cdce0d0a93bfa
Siri & Voices/Voice Previews (Interactive),en-IN Riya.caf,en-IN Riya,en-IN_riya.caf,"23G83__iPhone18,2/System/Library/PrivateFrameworks/SiriTTSService.framework/InteractiveVoicePreviews/en-IN_riya.caf","23G83__iPhone18,2/System/Library/PrivateFrameworks/SiriTTSService.framework/InteractiveVoicePreviews",0,2415c4b75ce7a8505793343c877605f6
Siri & Voices/Voice Previews (Interactive),en-US Aaron.caf,en-US Aaron,en-US_aaron.caf,"23G83__iPhone18,2/System/Library/PrivateFrameworks/SiriTTSService.framework/InteractiveVoicePreviews/en-US_aaron.caf","23G83__iPhone18,2/System/Library/PrivateFrameworks/SiriTTSService.framework/InteractiveVoicePreviews",0,52826fc2ba8628bdd78cdb4a05e1cb89
Siri & Voices/Voice Previews (Interactive),en-US Damon.caf,en-US Damon,en-US_damon.caf,"23G83__iPhone18,2/System/Library/PrivateFrameworks/SiriTTSService.framework/InteractiveVoicePreviews/en-US_damon.caf","23G83__iPhone18,2/System/Library/PrivateFrameworks/SiriTTSService.framework/InteractiveVoicePreviews",0,865471c329d398697017981f3e09813f
Siri & Voices/Voice Previews (Interactive),en-US (F).caf,en-US (F),en-US_en-US-F.caf,"23G83__iPhone18,2/System/Library/PrivateFrameworks/SiriTTSService.framework/InteractiveVoicePreviews/en-US_en-US-F.caf","23G83__iPhone18,2/System/Library/PrivateFrameworks/SiriTTSService.framework/InteractiveVoicePreviews",0,dbb583269d8ed2c3da3ed5dbba23c68d
Siri & Voices/Voice Previews (Interactive),en-US (G).caf,en-US (G),en-US_en-US-G.caf,"23G83__iPhone18,2/System/Library/PrivateFrameworks/SiriTTSService.framework/InteractiveVoicePreviews/en-US_en-US-G.caf","23G83__iPhone18,2/System/Library/PrivateFrameworks/SiriTTSService.framework/InteractiveVoicePreviews",0,f04e1997b97430d082a912a3d9062c2b
Siri & Voices/Voice Previews (Interactive),en-US Nora.caf,en-US Nora,en-US_nora.caf,"23G83__iPhone18,2/System/Library/PrivateFrameworks/SiriTTSService.framework/InteractiveVoicePreviews/en-US_nora.caf","23G83__iPhone18,2/System/Library/PrivateFrameworks/SiriTTSService.framework/InteractiveVoicePreviews",0,ab958e9027d6a79346b48f15a9bda016
Siri & Voices/Voice Previews (Interactive),en-US Quinn.caf,en-US Quinn,en-US_quinn.caf,"23G83__iPhone18,2/System/Library/PrivateFrameworks/SiriTTSService.framework/InteractiveVoicePreviews/en-US_quinn.caf","23G83__iPhone18,2/System/Library/PrivateFrameworks/SiriTTSService.framework/InteractiveVoicePreviews",0,d4c3d18d1c1df17ee7eff9f00150568a
Siri & Voices/Voice Previews (Interactive),en-US Simone.caf,en-US Simone,en-US_simone.caf,"23G83__iPhone18,2/System/Library/PrivateFrameworks/SiriTTSService.framework/InteractiveVoicePreviews/en-US_simone.caf","23G83__iPhone18,2/System/Library/PrivateFrameworks/SiriTTSService.framework/InteractiveVoicePreviews",0,fec17123c9eed2359eb387206dc06385
Siri & Voices/Voice Previews (Interactive),en-US vp_4d0_v0_000013.caf,en-US vp_4d0_v0_000013,en-US_vp_4d0_v0_000013.caf,"23G83__iPhone18,2/System/Library/PrivateFrameworks/SiriTTSService.framework/InteractiveVoicePreviews/en-US_vp_4d0_v0_000013.caf","23G83__iPhone18,2/System/Library/PrivateFrameworks/SiriTTSService.framework/InteractiveVoicePreviews",0,4462b7bafd145284959404d216335c21
Siri & Voices/Voice Previews (Interactive),en-US vp_4d0_v0_000014.caf,en-US vp_4d0_v0_000014,en-US_vp_4d0_v0_000014.caf,"23G83__iPhone18,2/System/Library/PrivateFrameworks/SiriTTSService.framework/InteractiveVoicePreviews/en-US_vp_4d0_v0_000014.caf","23G83__iPhone18,2/System/Library/PrivateFrameworks/SiriTTSService.framework/InteractiveVoicePreviews",0,fbdf8c67fb5f58ee91cd975635d219d0
Siri & Voices/Voice Previews (Interactive),en-US vp_4d0_v0_000016.caf,en-US vp_4d0_v0_000016,en-US_vp_4d0_v0_000016.caf,"23G83__iPhone18,2/System/Library/PrivateFrameworks/SiriTTSService.framework/InteractiveVoicePreviews/en-US_vp_4d0_v0_000016.caf","23G83__iPhone18,2/System/Library/PrivateFrameworks/SiriTTSService.framework/InteractiveVoicePreviews",0,743ec478fb3428aeff9864e17fecf212
Siri & Voices/Voice Previews (Interactive),en-US vp_4d0_v0_000023.caf,en-US vp_4d0_v0_000023,en-US_vp_4d0_v0_000023.caf,"23G83__iPhone18,2/System/Library/PrivateFrameworks/SiriTTSService.framework/InteractiveVoicePreviews/en-US_vp_4d0_v0_000023.caf","23G83__iPhone18,2/System/Library/PrivateFrameworks/SiriTTSService.framework/InteractiveVoicePreviews",0,49246575d0fbf2daa33c48d141040d8a
Siri & Voices/Voice Previews (Interactive),en-US vp_4d0_v0_000037.caf,en-US vp_4d0_v0_000037,en-US_vp_4d0_v0_000037.caf,"23G83__iPhone18,2/System/Library/PrivateFrameworks/SiriTTSService.framework/InteractiveVoicePreviews/en-US_vp_4d0_v0_000037.caf","23G83__iPhone18,2/System/Library/PrivateFrameworks/SiriTTSService.framework/InteractiveVoicePreviews",0,1c89d0318ba22575705d1a0e8228edbb
Siri & Voices/Voice Previews (Interactive),en-US vp_4d0_v0_000038.caf,en-US vp_4d0_v0_000038,en-US_vp_4d0_v0_000038.caf,"23G83__iPhone18,2/System/Library/PrivateFrameworks/SiriTTSService.framework/InteractiveVoicePreviews/en-US_vp_4d0_v0_000038.caf","23G83__iPhone18,2/System/Library/PrivateFrameworks/SiriTTSService.framework/InteractiveVoicePreviews",0,d26a9105eee90fd2ae216fa361192288
Siri & Voices/Voice Previews (Interactive),en-US vp_4d0_v0_000043.caf,en-US vp_4d0_v0_000043,en-US_vp_4d0_v0_000043.caf,"23G83__iPhone18,2/System/Library/PrivateFrameworks/SiriTTSService.framework/InteractiveVoicePreviews/en-US_vp_4d0_v0_000043.caf","23G83__iPhone18,2/System/Library/PrivateFrameworks/SiriTTSService.framework/InteractiveVoicePreviews",0,42e811811c7a4400cff6736b18d660f0
Siri & Voices/Voice Previews (Interactive),en-US vp_4d0_v0_000052.caf,en-US vp_4d0_v0_000052,en-US_vp_4d0_v0_000052.caf,"23G83__iPhone18,2/System/Library/PrivateFrameworks/SiriTTSService.framework/InteractiveVoicePreviews/en-US_vp_4d0_v0_000052.caf","23G83__iPhone18,2/System/Library/PrivateFrameworks/SiriTTSService.framework/InteractiveVoicePreviews",0,1c3b7536e866a80e700b9b2b29392113
Siri & Voices/Voice Previews (Interactive),en-US vp_4d0_v0_000064.caf,en-US vp_4d0_v0_000064,en-US_vp_4d0_v0_000064.caf,"23G83__iPhone18,2/System/Library/PrivateFrameworks/SiriTTSService.framework/InteractiveVoicePreviews/en-US_vp_4d0_v0_000064.caf","23G83__iPhone18,2/System/Library/PrivateFrameworks/SiriTTSService.framework/InteractiveVoicePreviews",0,a1597a723f2c0b837a9fc549d46c3bb4
Siri & Voices/Voice Previews (Interactive),en-US vp_4d0_v0_000071.caf,en-US vp_4d0_v0_000071,en-US_vp_4d0_v0_000071.caf,"23G83__iPhone18,2/System/Library/PrivateFrameworks/SiriTTSService.framework/InteractiveVoicePreviews/en-US_vp_4d0_v0_000071.caf","23G83__iPhone18,2/System/Library/PrivateFrameworks/SiriTTSService.framework/InteractiveVoicePreviews",0,7cf63bff914ce2d519924d745eb4ef44
Siri & Voices/Voice Previews (Interactive),en-US vp_4d0_v0_000078.caf,en-US vp_4d0_v0_000078,en-US_vp_4d0_v0_000078.caf,"23G83__iPhone18,2/System/Library/PrivateFrameworks/SiriTTSService.framework/InteractiveVoicePreviews/en-US_vp_4d0_v0_000078.caf","23G83__iPhone18,2/System/Library/PrivateFrameworks/SiriTTSService.framework/InteractiveVoicePreviews",0,6ca704f1ba43e29b958603fbe1153a76
Siri & Voices/Voice Previews (Interactive),en-US vp_4d0_v0_000081.caf,en-US vp_4d0_v0_000081,en-US_vp_4d0_v0_000081.caf,"23G83__iPhone18,2/System/Library/PrivateFrameworks/SiriTTSService.framework/InteractiveVoicePreviews/en-US_vp_4d0_v0_000081.caf","23G83__iPhone18,2/System/Library/PrivateFrameworks/SiriTTSService.framework/InteractiveVoicePreviews",0,151b5634eb12a3c785fc1f922a081d6f
Siri & Voices/Voice Previews (Interactive),en-US vp_4d0_v0_000086.caf,en-US vp_4d0_v0_000086,en-US_vp_4d0_v0_000086.caf,"23G83__iPhone18,2/System/Library/PrivateFrameworks/SiriTTSService.framework/InteractiveVoicePreviews/en-US_vp_4d0_v0_000086.caf","23G83__iPhone18,2/System/Library/PrivateFrameworks/SiriTTSService.framework/InteractiveVoicePreviews",0,382ec64a2ce14bc29a6db6cd275ccfc0
Siri & Voices/Voice Previews (Interactive),en-US vp_4d0_v0_000087.caf,en-US vp_4d0_v0_000087,en-US_vp_4d0_v0_000087.caf,"23G83__iPhone18,2/System/Library/PrivateFrameworks/SiriTTSService.framework/InteractiveVoicePreviews/en-US_vp_4d0_v0_000087.caf","23G83__iPhone18,2/System/Library/PrivateFrameworks/SiriTTSService.framework/InteractiveVoicePreviews",0,943102cf6be6138898b3068e02453abf
Siri & Voices/Voice Previews (Interactive),en-US vp_4d0_v0_000090.caf,en-US vp_4d0_v0_000090,en-US_vp_4d0_v0_000090.caf,"23G83__iPhone18,2/System/Library/PrivateFrameworks/SiriTTSService.framework/InteractiveVoicePreviews/en-US_vp_4d0_v0_000090.caf","23G83__iPhone18,2/System/Library/PrivateFrameworks/SiriTTSService.framework/InteractiveVoicePreviews",0,b847d9304500ff72eb4e4c3490ea7c0b
Siri & Voices/Voice Previews (Interactive),en-US vp_4d0_v0_000093.caf,en-US vp_4d0_v0_000093,en-US_vp_4d0_v0_000093.caf,"23G83__iPhone18,2/System/Library/PrivateFrameworks/SiriTTSService.framework/InteractiveVoicePreviews/en-US_vp_4d0_v0_000093.caf","23G83__iPhone18,2/System/Library/PrivateFrameworks/SiriTTSService.framework/InteractiveVoicePreviews",0,0768a7827928ff03dedd64213a485f4d
Siri & Voices/Voice Previews (Interactive),en-ZA Leona.caf,en-ZA Leona,en-ZA_leona.caf,"23G83__iPhone18,2/System/Library/PrivateFrameworks/SiriTTSService.framework/InteractiveVoicePreviews/en-ZA_leona.caf","23G83__iPhone18,2/System/Library/PrivateFrameworks/SiriTTSService.framework/InteractiveVoicePreviews",0,53e2a65f44127307453c0bc3eb8c1502
Siri & Voices/Voice Previews (Interactive),en-ZA Xander.caf,en-ZA Xander,en-ZA_xander.caf,"23G83__iPhone18,2/System/Library/PrivateFrameworks/SiriTTSService.framework/InteractiveVoicePreviews/en-ZA_xander.caf","23G83__iPhone18,2/System/Library/PrivateFrameworks/SiriTTSService.framework/InteractiveVoicePreviews",0,c5307d640f13820b27ec220ef4e54fde
Siri & Voices/Voice Previews,ar-SA Samer.caf,ar-SA Samer,ar-SA_samer.caf,"23G83__iPhone18,2/System/Library/PrivateFrameworks/SiriTTSService.framework/VoicePreviews/ar-SA_samer.caf","23G83__iPhone18,2/System/Library/PrivateFrameworks/SiriTTSService.framework/VoicePreviews",0,79c0a2896950a79c16f9507557380496
Siri & Voices/Voice Previews,ar-SA Soha.caf,ar-SA Soha,ar-SA_soha.caf,"23G83__iPhone18,2/System/Library/PrivateFrameworks/SiriTTSService.framework/VoicePreviews/ar-SA_soha.caf","23G83__iPhone18,2/System/Library/PrivateFrameworks/SiriTTSService.framework/VoicePreviews",0,4a1abcf453c4cee7e15c348da5140be8
Siri & Voices/Voice Previews,da-DK Else.caf,da-DK Else,da-DK_else.caf,"23G83__iPhone18,2/System/Library/PrivateFrameworks/SiriTTSService.framework/VoicePreviews/da-DK_else.caf","23G83__iPhone18,2/System/Library/PrivateFrameworks/SiriTTSService.framework/VoicePreviews",0,9d88abf734a8074d4a7be70a988fc9f3
Siri & Voices/Voice Previews,da-DK Jens.caf,da-DK Jens,da-DK_jens.caf,"23G83__iPhone18,2/System/Library/PrivateFrameworks/SiriTTSService.framework/VoicePreviews/da-DK_jens.caf","23G83__iPhone18,2/System/Library/PrivateFrameworks/SiriTTSService.framework/VoicePreviews",0,8182956c3e0dc2998c5abea68d142293
Siri & Voices/Voice Previews,de-DE (C).caf,de-DE (C),de-DE_de-DE-C.caf,"23G83__iPhone18,2/System/Library/PrivateFrameworks/SiriTTSService.framework/VoicePreviews/de-DE_de-DE-C.caf","23G83__iPhone18,2/System/Library/PrivateFrameworks/SiriTTSService.framework/VoicePreviews",0,f52626357ba64d6d9b5bfecdcb122d5a
Siri & Voices/Voice Previews,de-DE (D).caf,de-DE (D),de-DE_de-DE-D.caf,"23G83__iPhone18,2/System/Library/PrivateFrameworks/SiriTTSService.framework/VoicePreviews/de-DE_de-DE-D.caf","23G83__iPhone18,2/System/Library/PrivateFrameworks/SiriTTSService.framework/VoicePreviews",0,e47bb18777b9c840c670641f31c81238
Siri & Voices/Voice Previews,de-DE Helena.caf,de-DE Helena,de-DE_helena.caf,"23G83__iPhone18,2/System/Library/PrivateFrameworks/SiriTTSService.framework/VoicePreviews/de-DE_helena.caf","23G83__iPhone18,2/System/Library/PrivateFrameworks/SiriTTSService.framework/VoicePreviews",0,83f93dd3763c1d01f900ed099feb35d0
Siri & Voices/Voice Previews,de-DE Martin.caf,de-DE Martin,de-DE_martin.caf,"23G83__iPhone18,2/System/Library/PrivateFrameworks/SiriTTSService.framework/VoicePreviews/de-DE_martin.caf","23G83__iPhone18,2/System/Library/PrivateFrameworks/SiriTTSService.framework/VoicePreviews",0,4955544d1ec92cbbcfa7542e657951e2
Siri & Voices/Voice Previews,en-AU Catherine.caf,en-AU Catherine,en-AU_catherine.caf,"23G83__iPhone18,2/System/Library/PrivateFrameworks/SiriTTSService.framework/VoicePreviews/en-AU_catherine.caf","23G83__iPhone18,2/System/Library/PrivateFrameworks/SiriTTSService.framework/VoicePreviews",0,e8235e483f4573d49385069e39121585
Siri & Voices/Voice Previews,en-AU (C).caf,en-AU (C),en-AU_en-AU-C.caf,"23G83__iPhone18,2/System/Library/PrivateFrameworks/SiriTTSService.framework/VoicePreviews/en-AU_en-AU-C.caf","23G83__iPhone18,2/System/Library/PrivateFrameworks/SiriTTSService.framework/VoicePreviews",0,ee27dad138daa1021e48f7e97b88aee9
Siri & Voices/Voice Previews,en-AU (D).caf,en-AU (D),en-AU_en-AU-D.caf,"23G83__iPhone18,2/System/Library/PrivateFrameworks/SiriTTSService.framework/VoicePreviews/en-AU_en-AU-D.caf","23G83__iPhone18,2/System/Library/PrivateFrameworks/SiriTTSService.framework/VoicePreviews",0,5d7b53c31eac6d66a23d428c7b3dfafb
Siri & Voices/Voice Previews,en-AU Gordon.caf,en-AU Gordon,en-AU_gordon.caf,"23G83__iPhone18,2/System/Library/PrivateFrameworks/SiriTTSService.framework/VoicePreviews/en-AU_gordon.caf","23G83__iPhone18,2/System/Library/PrivateFrameworks/SiriTTSService.framework/VoicePreviews",0,537c32b9e27f1fe1a2a6200353c25ded
Siri & Voices/Voice Previews,en-GB Arthur.caf,en-GB Arthur,en-GB_arthur.caf,"23G83__iPhone18,2/System/Library/PrivateFrameworks/SiriTTSService.framework/VoicePreviews/en-GB_arthur.caf","23G83__iPhone18,2/System/Library/PrivateFrameworks/SiriTTSService.framework/VoicePreviews",0,bfaf592bec3e52186535063cfe8ee699
Siri & Voices/Voice Previews,en-GB (C).caf,en-GB (C),en-GB_en-GB-C.caf,"23G83__iPhone18,2/System/Library/PrivateFrameworks/SiriTTSService.framework/VoicePreviews/en-GB_en-GB-C.caf","23G83__iPhone18,2/System/Library/PrivateFrameworks/SiriTTSService.framework/VoicePreviews",0,66c0a8913b54f51d8152ff4cdfe11d56
Siri & Voices/Voice Previews,en-GB (D).caf,en-GB (D),en-GB_en-GB-D.caf,"23G83__iPhone18,2/System/Library/PrivateFrameworks/SiriTTSService.framework/VoicePreviews/en-GB_en-GB-D.caf","23G83__iPhone18,2/System/Library/PrivateFrameworks/SiriTTSService.framework/VoicePreviews",0,cdfd7f4c4cbca6e39edec1bed027c358
Siri & Voices/Voice Previews,en-GB Martha.caf,en-GB Martha,en-GB_martha.caf,"23G83__iPhone18,2/System/Library/PrivateFrameworks/SiriTTSService.framework/VoicePreviews/en-GB_martha.caf","23G83__iPhone18,2/System/Library/PrivateFrameworks/SiriTTSService.framework/VoicePreviews",0,7b221dc3f164b2f0abe652ecadf276d6
Siri & Voices/Voice Previews,en-IE Aidan.caf,en-IE Aidan,en-IE_aidan.caf,"23G83__iPhone18,2/System/Library/PrivateFrameworks/SiriTTSService.framework/VoicePreviews/en-IE_aidan.caf","23G83__iPhone18,2/System/Library/PrivateFrameworks/SiriTTSService.framework/VoicePreviews",0,183d79d6fe1afbf0c61fc5e9cee081d4
Siri & Voices/Voice Previews,en-IE Maeve.caf,en-IE Maeve,en-IE_maeve.caf,"23G83__iPhone18,2/System/Library/PrivateFrameworks/SiriTTSService.framework/VoicePreviews/en-IE_maeve.caf","23G83__iPhone18,2/System/Library/PrivateFrameworks/SiriTTSService.framework/VoicePreviews",0,d7db1f20985ce69cf404c5c04c9d6b03
Siri & Voices/Voice Previews,en-IN Akash.caf,en-IN Akash,en-IN_akash.caf,"23G83__iPhone18,2/System/Library/PrivateFrameworks/SiriTTSService.framework/VoicePreviews/en-IN_akash.caf","23G83__iPhone18,2/System/Library/PrivateFrameworks/SiriTTSService.framework/VoicePreviews",0,5849f45b0034e9d8054feee1881f9133
Siri & Voices/Voice Previews,en-IN Riya.caf,en-IN Riya,en-IN_riya.caf,"23G83__iPhone18,2/System/Library/PrivateFrameworks/SiriTTSService.framework/VoicePreviews/en-IN_riya.caf","23G83__iPhone18,2/System/Library/PrivateFrameworks/SiriTTSService.framework/VoicePreviews",0,fb34a8e60e2c5dd623e15740f39e53b2
Siri & Voices/Voice Previews,en-US Aaron.caf,en-US Aaron,en-US_aaron.caf,"23G83__iPhone18,2/System/Library/PrivateFrameworks/SiriTTSService.framework/VoicePreviews/en-US_aaron.caf","23G83__iPhone18,2/System/Library/PrivateFrameworks/SiriTTSService.framework/VoicePreviews",0,9f3018ee036fdd1ae9ed514b47ebb551
Siri & Voices/Voice Previews,en-US Damon.caf,en-US Damon,en-US_damon.caf,"23G83__iPhone18,2/System/Library/PrivateFrameworks/SiriTTSService.framework/VoicePreviews/en-US_damon.caf","23G83__iPhone18,2/System/Library/PrivateFrameworks/SiriTTSService.framework/VoicePreviews",0,5a9c67074c4063e95b3152f55d13d72c
Siri & Voices/Voice Previews,en-US Workout A.caf,en-US Workout A,en-US_en-US-workout-A.caf,"23G83__iPhone18,2/System/Library/PrivateFrameworks/SiriTTSService.framework/VoicePreviews/en-US_en-US-workout-A.caf","23G83__iPhone18,2/System/Library/PrivateFrameworks/SiriTTSService.framework/VoicePreviews",0,711071ac152643abb08ae48d7705df9a
Siri & Voices/Voice Previews,en-US Workout B.caf,en-US Workout B,en-US_en-US-workout-B.caf,"23G83__iPhone18,2/System/Library/PrivateFrameworks/SiriTTSService.framework/VoicePreviews/en-US_en-US-workout-B.caf","23G83__iPhone18,2/System/Library/PrivateFrameworks/SiriTTSService.framework/VoicePreviews",0,97305ea2e20163d909396f8db05591c7
Siri & Voices/Voice Previews,en-US Workout C.caf,en-US Workout C,en-US_en-US-workout-C.caf,"23G83__iPhone18,2/System/Library/PrivateFrameworks/SiriTTSService.framework/VoicePreviews/en-US_en-US-workout-C.caf","23G83__iPhone18,2/System/Library/PrivateFrameworks/SiriTTSService.framework/VoicePreviews",0,bdca92b8f1646b2ed5c6b16e96a4745d
Siri & Voices/Voice Previews,en-US Nora.caf,en-US Nora,en-US_nora.caf,"23G83__iPhone18,2/System/Library/PrivateFrameworks/SiriTTSService.framework/VoicePreviews/en-US_nora.caf","23G83__iPhone18,2/System/Library/PrivateFrameworks/SiriTTSService.framework/VoicePreviews",0,3c8c225fb40b3819dddfa9ce83c5cf3d
Siri & Voices/Voice Previews,en-US Quinn.caf,en-US Quinn,en-US_quinn.caf,"23G83__iPhone18,2/System/Library/PrivateFrameworks/SiriTTSService.framework/VoicePreviews/en-US_quinn.caf","23G83__iPhone18,2/System/Library/PrivateFrameworks/SiriTTSService.framework/VoicePreviews",0,ab217158bb794eb79fc0d70f6f36ba27
Siri & Voices/Voice Previews,en-US Simone.caf,en-US Simone,en-US_simone.caf,"23G83__iPhone18,2/System/Library/PrivateFrameworks/SiriTTSService.framework/VoicePreviews/en-US_simone.caf","23G83__iPhone18,2/System/Library/PrivateFrameworks/SiriTTSService.framework/VoicePreviews",0,b94c768962444802304c969f335c91ce
Siri & Voices/Voice Previews,en-ZA Leona.caf,en-ZA Leona,en-ZA_leona.caf,"23G83__iPhone18,2/System/Library/PrivateFrameworks/SiriTTSService.framework/VoicePreviews/en-ZA_leona.caf","23G83__iPhone18,2/System/Library/PrivateFrameworks/SiriTTSService.framework/VoicePreviews",0,0baecb7790f7d556248de60e30972b76
Siri & Voices/Voice Previews,en-ZA Xander.caf,en-ZA Xander,en-ZA_xander.caf,"23G83__iPhone18,2/System/Library/PrivateFrameworks/SiriTTSService.framework/VoicePreviews/en-ZA_xander.caf","23G83__iPhone18,2/System/Library/PrivateFrameworks/SiriTTSService.framework/VoicePreviews",0,139705adc8648ad019f6cb8dd58ea577
Siri & Voices/Voice Previews,es-ES Luisa.caf,es-ES Luisa,es-ES_luisa.caf,"23G83__iPhone18,2/System/Library/PrivateFrameworks/SiriTTSService.framework/VoicePreviews/es-ES_luisa.caf","23G83__iPhone18,2/System/Library/PrivateFrameworks/SiriTTSService.framework/VoicePreviews",0,c24c00b23e7dff148789b3e6214f101c
Siri & Voices/Voice Previews,es-ES Vincent.caf,es-ES Vincent,es-ES_vincent.caf,"23G83__iPhone18,2/System/Library/PrivateFrameworks/SiriTTSService.framework/VoicePreviews/es-ES_vincent.caf","23G83__iPhone18,2/System/Library/PrivateFrameworks/SiriTTSService.framework/VoicePreviews",0,52fa3de432576a0926610c2005e830f9
Siri & Voices/Voice Previews,es-MX Angel.caf,es-MX Angel,es-MX_angel.caf,"23G83__iPhone18,2/System/Library/PrivateFrameworks/SiriTTSService.framework/VoicePreviews/es-MX_angel.caf","23G83__iPhone18,2/System/Library/PrivateFrameworks/SiriTTSService.framework/VoicePreviews",0,909db7ad58fd5ef46162e091dc2b522f
Siri & Voices/Voice Previews,es-MX Carmen.caf,es-MX Carmen,es-MX_carmen.caf,"23G83__iPhone18,2/System/Library/PrivateFrameworks/SiriTTSService.framework/VoicePreviews/es-MX_carmen.caf","23G83__iPhone18,2/System/Library/PrivateFrameworks/SiriTTSService.framework/VoicePreviews",0,69373dc59455f04b7f4de7349efcf0d6
Siri & Voices/Voice Previews,fi-FI Suvi.caf,fi-FI Suvi,fi-FI_suvi.caf,"23G83__iPhone18,2/System/Library/PrivateFrameworks/SiriTTSService.framework/VoicePreviews/fi-FI_suvi.caf","23G83__iPhone18,2/System/Library/PrivateFrameworks/SiriTTSService.framework/VoicePreviews",0,30642055bbf62735f026c66eab982158
Siri & Voices/Voice Previews,fi-FI Topi.caf,fi-FI Topi,fi-FI_topi.caf,"23G83__iPhone18,2/System/Library/PrivateFrameworks/SiriTTSService.framework/VoicePreviews/fi-FI_topi.caf","23G83__iPhone18,2/System/Library/PrivateFrameworks/SiriTTSService.framework/VoicePreviews",0,22b574e2b800339621c1475003e61ae8
Siri & Voices/Voice Previews,fr-CA Pierre.caf,fr-CA Pierre,fr-CA_pierre.caf,"23G83__iPhone18,2/System/Library/PrivateFrameworks/SiriTTSService.framework/VoicePreviews/fr-CA_pierre.caf","23G83__iPhone18,2/System/Library/PrivateFrameworks/SiriTTSService.framework/VoicePreviews",0,d484eb7785cd8025c520bb6311d76ffc
Siri & Voices/Voice Previews,fr-CA Sophie.caf,fr-CA Sophie,fr-CA_sophie.caf,"23G83__iPhone18,2/System/Library/PrivateFrameworks/SiriTTSService.framework/VoicePreviews/fr-CA_sophie.caf","23G83__iPhone18,2/System/Library/PrivateFrameworks/SiriTTSService.framework/VoicePreviews",0,0bfc4e63edcb0adcd4af40fb5b198301
Siri & Voices/Voice Previews,fr-FR Daniel.caf,fr-FR Daniel,fr-FR_daniel.caf,"23G83__iPhone18,2/System/Library/PrivateFrameworks/SiriTTSService.framework/VoicePreviews/fr-FR_daniel.caf","23G83__iPhone18,2/System/Library/PrivateFrameworks/SiriTTSService.framework/VoicePreviews",0,375dc4a9f812fab86505537e82d828d4
Siri & Voices/Voice Previews,fr-FR (C).caf,fr-FR (C),fr-FR_fr-FR-C.caf,"23G83__iPhone18,2/System/Library/PrivateFrameworks/SiriTTSService.framework/VoicePreviews/fr-FR_fr-FR-C.caf","23G83__iPhone18,2/System/Library/PrivateFrameworks/SiriTTSService.framework/VoicePreviews",0,e36622a26f5645e6463251e45a4ec187
Siri & Voices/Voice Previews,fr-FR (D).caf,fr-FR (D),fr-FR_fr-FR-D.caf,"23G83__iPhone18,2/System/Library/PrivateFrameworks/SiriTTSService.framework/VoicePreviews/fr-FR_fr-FR-D.caf","23G83__iPhone18,2/System/Library/PrivateFrameworks/SiriTTSService.framework/VoicePreviews",0,385411d713d738e69ee1c4c8dc3a1bc8
Siri & Voices/Voice Previews,fr-FR Marie.caf,fr-FR Marie,fr-FR_marie.caf,"23G83__iPhone18,2/System/Library/PrivateFrameworks/SiriTTSService.framework/VoicePreviews/fr-FR_marie.caf","23G83__iPhone18,2/System/Library/PrivateFrameworks/SiriTTSService.framework/VoicePreviews",0,077800ce931c4f5a8a10de88f7aaec98
Siri & Voices/Voice Previews,he-IL Yasmin.caf,he-IL Yasmin,he-IL_yasmin.caf,"23G83__iPhone18,2/System/Library/PrivateFrameworks/SiriTTSService.framework/VoicePreviews/he-IL_yasmin.caf","23G83__iPhone18,2/System/Library/PrivateFrameworks/SiriTTSService.framework/VoicePreviews",0,e1be8b7a6b77bbb9795c60b648c358cf
Siri & Voices/Voice Previews,he-IL Ziv.caf,he-IL Ziv,he-IL_ziv.caf,"23G83__iPhone18,2/System/Library/PrivateFrameworks/SiriTTSService.framework/VoicePreviews/he-IL_ziv.caf","23G83__iPhone18,2/System/Library/PrivateFrameworks/SiriTTSService.framework/VoicePreviews",0,9b11deb4f030a8c1641c3b5695fe991e
Siri & Voices/Voice Previews,it-IT Francesca.caf,it-IT Francesca,it-IT_francesca.caf,"23G83__iPhone18,2/System/Library/PrivateFrameworks/SiriTTSService.framework/VoicePreviews/it-IT_francesca.caf","23G83__iPhone18,2/System/Library/PrivateFrameworks/SiriTTSService.framework/VoicePreviews",0,19ca3ec754358b9a3cf5213df9200bba
Siri & Voices/Voice Previews,it-IT (C).caf,it-IT (C),it-IT_it-IT-C.caf,"23G83__iPhone18,2/System/Library/PrivateFrameworks/SiriTTSService.framework/VoicePreviews/it-IT_it-IT-C.caf","23G83__iPhone18,2/System/Library/PrivateFrameworks/SiriTTSService.framework/VoicePreviews",0,653bc041a26ec28f1b1620f4b03e442f
Siri & Voices/Voice Previews,it-IT (D).caf,it-IT (D),it-IT_it-IT-D.caf,"23G83__iPhone18,2/System/Library/PrivateFrameworks/SiriTTSService.framework/VoicePreviews/it-IT_it-IT-D.caf","23G83__iPhone18,2/System/Library/PrivateFrameworks/SiriTTSService.framework/VoicePreviews",0,8d8024bdf6e949135ff179c42a1dd6dd
Siri & Voices/Voice Previews,it-IT Paolo.caf,it-IT Paolo,it-IT_paolo.caf,"23G83__iPhone18,2/System/Library/PrivateFrameworks/SiriTTSService.framework/VoicePreviews/it-IT_paolo.caf","23G83__iPhone18,2/System/Library/PrivateFrameworks/SiriTTSService.framework/VoicePreviews",0,5093fe904418248f62ea70e2578a00a9
Siri & Voices/Voice Previews,ja-JP Hiro.caf,ja-JP Hiro,ja-JP_hiro.caf,"23G83__iPhone18,2/System/Library/PrivateFrameworks/SiriTTSService.framework/VoicePreviews/ja-JP_hiro.caf","23G83__iPhone18,2/System/Library/PrivateFrameworks/SiriTTSService.framework/VoicePreviews",0,a160650ece9e0d16a8a6b3f59b95c5bf
Siri & Voices/Voice Previews,ja-JP Sakura.caf,ja-JP Sakura,ja-JP_sakura.caf,"23G83__iPhone18,2/System/Library/PrivateFrameworks/SiriTTSService.framework/VoicePreviews/ja-JP_sakura.caf","23G83__iPhone18,2/System/Library/PrivateFrameworks/SiriTTSService.framework/VoicePreviews",0,723b8c1f6f3998bfb285ee74c29ca40d
Siri & Voices/Voice Previews,ko-KR Jinsoo.caf,ko-KR Jinsoo,ko-KR_jinsoo.caf,"23G83__iPhone18,2/System/Library/PrivateFrameworks/SiriTTSService.framework/VoicePreviews/ko-KR_jinsoo.caf","23G83__iPhone18,2/System/Library/PrivateFrameworks/SiriTTSService.framework/VoicePreviews",0,d40a34b9c63211d61da6be74080ff4dd
Siri & Voices/Voice Previews,ko-KR Minji.caf,ko-KR Minji,ko-KR_minji.caf,"23G83__iPhone18,2/System/Library/PrivateFrameworks/SiriTTSService.framework/VoicePreviews/ko-KR_minji.caf","23G83__iPhone18,2/System/Library/PrivateFrameworks/SiriTTSService.framework/VoicePreviews",0,31280dbb9612708cd7a902e91c9174ee
Siri & Voices/Voice Previews,ms-MY (A).caf,ms-MY (A),ms-MY_ms-MY-A.caf,"23G83__iPhone18,2/System/Library/PrivateFrameworks/SiriTTSService.framework/VoicePreviews/ms-MY_ms-MY-A.caf","23G83__iPhone18,2/System/Library/PrivateFrameworks/SiriTTSService.framework/VoicePreviews",0,c987d0990f4943a6cb7ba4054a9d4688
Siri & Voices/Voice Previews,ms-MY (B).caf,ms-MY (B),ms-MY_ms-MY-B.caf,"23G83__iPhone18,2/System/Library/PrivateFrameworks/SiriTTSService.framework/VoicePreviews/ms-MY_ms-MY-B.caf","23G83__iPhone18,2/System/Library/PrivateFrameworks/SiriTTSService.framework/VoicePreviews",0,b14361c056aaba0d0ec425043ffbe162
Siri & Voices/Voice Previews,nb-NO Ingrid.caf,nb-NO Ingrid,nb-NO_ingrid.caf,"23G83__iPhone18,2/System/Library/PrivateFrameworks/SiriTTSService.framework/VoicePreviews/nb-NO_ingrid.caf","23G83__iPhone18,2/System/Library/PrivateFrameworks/SiriTTSService.framework/VoicePreviews",0,f1317b3b813280771e05d85ed76230e5
Siri & Voices/Voice Previews,nb-NO Marius.caf,nb-NO Marius,nb-NO_marius.caf,"23G83__iPhone18,2/System/Library/PrivateFrameworks/SiriTTSService.framework/VoicePreviews/nb-NO_marius.caf","23G83__iPhone18,2/System/Library/PrivateFrameworks/SiriTTSService.framework/VoicePreviews",0,fa9eb665123613853b8b2fc00b6cb8d2
Siri & Voices/Voice Previews,nl-NL Klaar.caf,nl-NL Klaar,nl-NL_klaar.caf,"23G83__iPhone18,2/System/Library/PrivateFrameworks/SiriTTSService.framework/VoicePreviews/nl-NL_klaar.caf","23G83__iPhone18,2/System/Library/PrivateFrameworks/SiriTTSService.framework/VoicePreviews",0,c63904b43f2fe03aeee3e8e28ad6a85c
Siri & Voices/Voice Previews,nl-NL Pieter.caf,nl-NL Pieter,nl-NL_pieter.caf,"23G83__iPhone18,2/System/Library/PrivateFrameworks/SiriTTSService.framework/VoicePreviews/nl-NL_pieter.caf","23G83__iPhone18,2/System/Library/PrivateFrameworks/SiriTTSService.framework/VoicePreviews",0,2cf12709e71f89b5feb10976fea7c7fb
Siri & Voices/Voice Previews,pt-BR Nando.caf,pt-BR Nando,pt-BR_nando.caf,"23G83__iPhone18,2/System/Library/PrivateFrameworks/SiriTTSService.framework/VoicePreviews/pt-BR_nando.caf","23G83__iPhone18,2/System/Library/PrivateFrameworks/SiriTTSService.framework/VoicePreviews",0,c11cb0cf2901254f18adf8cb3b8c989d
Siri & Voices/Voice Previews,pt-BR Sandra.caf,pt-BR Sandra,pt-BR_sandra.caf,"23G83__iPhone18,2/System/Library/PrivateFrameworks/SiriTTSService.framework/VoicePreviews/pt-BR_sandra.caf","23G83__iPhone18,2/System/Library/PrivateFrameworks/SiriTTSService.framework/VoicePreviews",0,e4e7d22b74462f96b554406b83cdc73f
Siri & Voices/Voice Previews,pt-PT (A).caf,pt-PT (A),pt-PT_pt-PT-A.caf,"23G83__iPhone18,2/System/Library/PrivateFrameworks/SiriTTSService.framework/VoicePreviews/pt-PT_pt-PT-A.caf","23G83__iPhone18,2/System/Library/PrivateFrameworks/SiriTTSService.framework/VoicePreviews",0,4803e390fdd51319dffdeac79c881576
Siri & Voices/Voice Previews,pt-PT (B).caf,pt-PT (B),pt-PT_pt-PT-B.caf,"23G83__iPhone18,2/System/Library/PrivateFrameworks/SiriTTSService.framework/VoicePreviews/pt-PT_pt-PT-B.caf","23G83__iPhone18,2/System/Library/PrivateFrameworks/SiriTTSService.framework/VoicePreviews",0,7711d8860959561d6a8583062c2ed077
Siri & Voices/Voice Previews,ru-RU Aleksei.caf,ru-RU Aleksei,ru-RU_aleksei.caf,"23G83__iPhone18,2/System/Library/PrivateFrameworks/SiriTTSService.framework/VoicePreviews/ru-RU_aleksei.caf","23G83__iPhone18,2/System/Library/PrivateFrameworks/SiriTTSService.framework/VoicePreviews",0,75d3f6327eec544912f510d267a91e23
Siri & Voices/Voice Previews,ru-RU Yelena.caf,ru-RU Yelena,ru-RU_yelena.caf,"23G83__iPhone18,2/System/Library/PrivateFrameworks/SiriTTSService.framework/VoicePreviews/ru-RU_yelena.caf","23G83__iPhone18,2/System/Library/PrivateFrameworks/SiriTTSService.framework/VoicePreviews",0,8c1b69893e152f3882c1173f5e74e8f0
Siri & Voices/Voice Previews,sv-SE Axel.caf,sv-SE Axel,sv-SE_axel.caf,"23G83__iPhone18,2/System/Library/PrivateFrameworks/SiriTTSService.framework/VoicePreviews/sv-SE_axel.caf","23G83__iPhone18,2/System/Library/PrivateFrameworks/SiriTTSService.framework/VoicePreviews",0,478503a3e7a74eecb38d8e9075904c5d
Siri & Voices/Voice Previews,sv-SE Tilde.caf,sv-SE Tilde,sv-SE_tilde.caf,"23G83__iPhone18,2/System/Library/PrivateFrameworks/SiriTTSService.framework/VoicePreviews/sv-SE_tilde.caf","23G83__iPhone18,2/System/Library/PrivateFrameworks/SiriTTSService.framework/VoicePreviews",0,7605c29cdfc89972c18b2f7245b7cf29
Siri & Voices/Voice Previews,th-TH (A).caf,th-TH (A),th-TH_th-TH-A.caf,"23G83__iPhone18,2/System/Library/PrivateFrameworks/SiriTTSService.framework/VoicePreviews/th-TH_th-TH-A.caf","23G83__iPhone18,2/System/Library/PrivateFrameworks/SiriTTSService.framework/VoicePreviews",0,1c4326e15cdf0998f8c539b545f314e5
Siri & Voices/Voice Previews,th-TH (B).caf,th-TH (B),th-TH_th-TH-B.caf,"23G83__iPhone18,2/System/Library/PrivateFrameworks/SiriTTSService.framework/VoicePreviews/th-TH_th-TH-B.caf","23G83__iPhone18,2/System/Library/PrivateFrameworks/SiriTTSService.framework/VoicePreviews",0,9172163366242ae1f4c74ee750b1e42a
Siri & Voices/Voice Previews,tr-TR Elif.caf,tr-TR Elif,tr-TR_elif.caf,"23G83__iPhone18,2/System/Library/PrivateFrameworks/SiriTTSService.framework/VoicePreviews/tr-TR_elif.caf","23G83__iPhone18,2/System/Library/PrivateFrameworks/SiriTTSService.framework/VoicePreviews",0,d6c1f82f70c0d250a0f1349af3b1298e
Siri & Voices/Voice Previews,tr-TR Kaan.caf,tr-TR Kaan,tr-TR_kaan.caf,"23G83__iPhone18,2/System/Library/PrivateFrameworks/SiriTTSService.framework/VoicePreviews/tr-TR_kaan.caf","23G83__iPhone18,2/System/Library/PrivateFrameworks/SiriTTSService.framework/VoicePreviews",0,1594a724fa73cb5f8e35f7cec68f2fb1
Siri & Voices/Voice Previews,vi-VN-u-sd-vnct (C).caf,vi-VN-u-sd-vnct (C),vi-VN-u-sd-vnct_vi-VN-C.caf,"23G83__iPhone18,2/System/Library/PrivateFrameworks/SiriTTSService.framework/VoicePreviews/vi-VN-u-sd-vnct_vi-VN-C.caf","23G83__iPhone18,2/System/Library/PrivateFrameworks/SiriTTSService.framework/VoicePreviews",0,74c828658932a392e363e0030571534a
Siri & Voices/Voice Previews,vi-VN-u-sd-vnct (D).caf,vi-VN-u-sd-vnct (D),vi-VN-u-sd-vnct_vi-VN-D.caf,"23G83__iPhone18,2/System/Library/PrivateFrameworks/SiriTTSService.framework/VoicePreviews/vi-VN-u-sd-vnct_vi-VN-D.caf","23G83__iPhone18,2/System/Library/PrivateFrameworks/SiriTTSService.framework/VoicePreviews",0,c66fc8e9787258467d647fc882f2f574
Siri & Voices/Voice Previews,vi-VN (A).caf,vi-VN (A),vi-VN_vi-VN-A.caf,"23G83__iPhone18,2/System/Library/PrivateFrameworks/SiriTTSService.framework/VoicePreviews/vi-VN_vi-VN-A.caf","23G83__iPhone18,2/System/Library/PrivateFrameworks/SiriTTSService.framework/VoicePreviews",0,f13dfe02119249cba90895bb9f3dc65d
Siri & Voices/Voice Previews,vi-VN (B).caf,vi-VN (B),vi-VN_vi-VN-B.caf,"23G83__iPhone18,2/System/Library/PrivateFrameworks/SiriTTSService.framework/VoicePreviews/vi-VN_vi-VN-B.caf","23G83__iPhone18,2/System/Library/PrivateFrameworks/SiriTTSService.framework/VoicePreviews",0,97484616b436e44fd69a6ece21030a2c
Siri & Voices/Voice Previews,zh-CN Limu.caf,zh-CN Limu,zh-CN_limu.caf,"23G83__iPhone18,2/System/Library/PrivateFrameworks/SiriTTSService.framework/VoicePreviews/zh-CN_limu.caf","23G83__iPhone18,2/System/Library/PrivateFrameworks/SiriTTSService.framework/VoicePreviews",0,7a67c578fce5342c2e7c2252236fddf4
Siri & Voices/Voice Previews,zh-CN Linfei.caf,zh-CN Linfei,zh-CN_linfei.caf,"23G83__iPhone18,2/System/Library/PrivateFrameworks/SiriTTSService.framework/VoicePreviews/zh-CN_linfei.caf","23G83__iPhone18,2/System/Library/PrivateFrameworks/SiriTTSService.framework/VoicePreviews",0,07cff1bcf4ce3b2213250a15597d07eb
Siri & Voices/Voice Previews,zh-CN (C).caf,zh-CN (C),zh-CN_zh-CN-C.caf,"23G83__iPhone18,2/System/Library/PrivateFrameworks/SiriTTSService.framework/VoicePreviews/zh-CN_zh-CN-C.caf","23G83__iPhone18,2/System/Library/PrivateFrameworks/SiriTTSService.framework/VoicePreviews",0,62c49850cec52924452b47294f83cc28
Siri & Voices/Voice Previews,zh-CN (D).caf,zh-CN (D),zh-CN_zh-CN-D.caf,"23G83__iPhone18,2/System/Library/PrivateFrameworks/SiriTTSService.framework/VoicePreviews/zh-CN_zh-CN-D.caf","23G83__iPhone18,2/System/Library/PrivateFrameworks/SiriTTSService.framework/VoicePreviews",0,91dad38d13a472c4f78a9df904bb7121
Siri & Voices/Voice Previews,zh-HK Hoyin.caf,zh-HK Hoyin,zh-HK_hoyin.caf,"23G83__iPhone18,2/System/Library/PrivateFrameworks/SiriTTSService.framework/VoicePreviews/zh-HK_hoyin.caf","23G83__iPhone18,2/System/Library/PrivateFrameworks/SiriTTSService.framework/VoicePreviews",0,8e85f9631077c7f20ed72461a7b1f063
Siri & Voices/Voice Previews,zh-HK Kayan.caf,zh-HK Kayan,zh-HK_kayan.caf,"23G83__iPhone18,2/System/Library/PrivateFrameworks/SiriTTSService.framework/VoicePreviews/zh-HK_kayan.caf","23G83__iPhone18,2/System/Library/PrivateFrameworks/SiriTTSService.framework/VoicePreviews",0,d616f5e17e6f361c5fc41f40712c0a9f
Siri & Voices/Voice Previews,zh-TW Chenghan.caf,zh-TW Chenghan,zh-TW_chenghan.caf,"23G83__iPhone18,2/System/Library/PrivateFrameworks/SiriTTSService.framework/VoicePreviews/zh-TW_chenghan.caf","23G83__iPhone18,2/System/Library/PrivateFrameworks/SiriTTSService.framework/VoicePreviews",0,8f341766c016404069b4e2de6a027284
Siri & Voices/Voice Previews,zh-TW Shufen.caf,zh-TW Shufen,zh-TW_shufen.caf,"23G83__iPhone18,2/System/Library/PrivateFrameworks/SiriTTSService.framework/VoicePreviews/zh-TW_shufen.caf","23G83__iPhone18,2/System/Library/PrivateFrameworks/SiriTTSService.framework/VoicePreviews",0,c9a41f863e2a446733dc231f37c1b118
Siri & Voices/Voice Previews (Accessibility),ar-SA Samer.caf,ar-SA Samer,ar-SA_samer_AX.caf,"23G83__iPhone18,2/System/Library/PrivateFrameworks/SiriTTSService.framework/VoicePreviews_AX/ar-SA_samer_AX.caf","23G83__iPhone18,2/System/Library/PrivateFrameworks/SiriTTSService.framework/VoicePreviews_AX",0,d3be26a0331ca15d540baa84bea635e7
Siri & Voices/Voice Previews (Accessibility),ar-SA Soha.caf,ar-SA Soha,ar-SA_soha_AX.caf,"23G83__iPhone18,2/System/Library/PrivateFrameworks/SiriTTSService.framework/VoicePreviews_AX/ar-SA_soha_AX.caf","23G83__iPhone18,2/System/Library/PrivateFrameworks/SiriTTSService.framework/VoicePreviews_AX",0,8aa7bfd4c11d73d44c0f78b378765d27
Siri & Voices/Voice Previews (Accessibility),bn-IN Aman.caf,bn-IN Aman,bn-IN_aman_AX.caf,"23G83__iPhone18,2/System/Library/PrivateFrameworks/SiriTTSService.framework/VoicePreviews_AX/bn-IN_aman_AX.caf","23G83__iPhone18,2/System/Library/PrivateFrameworks/SiriTTSService.framework/VoicePreviews_AX",0,d692afdc6b833b8650ecbb0c79b13d66
Siri & Voices/Voice Previews (Accessibility),bn-IN Tara.caf,bn-IN Tara,bn-IN_tara_AX.caf,"23G83__iPhone18,2/System/Library/PrivateFrameworks/SiriTTSService.framework/VoicePreviews_AX/bn-IN_tara_AX.caf","23G83__iPhone18,2/System/Library/PrivateFrameworks/SiriTTSService.framework/VoicePreviews_AX",0,e8b53863dc369d5f4fb3d3fec63d0c09
Siri & Voices/Voice Previews (Accessibility),da-DK Else.caf,da-DK Else,da-DK_else_AX.caf,"23G83__iPhone18,2/System/Library/PrivateFrameworks/SiriTTSService.framework/VoicePreviews_AX/da-DK_else_AX.caf","23G83__iPhone18,2/System/Library/PrivateFrameworks/SiriTTSService.framework/VoicePreviews_AX",0,54d3f64ba605e742844947047a63d203
Siri & Voices/Voice Previews (Accessibility),da-DK Jens.caf,da-DK Jens,da-DK_jens_AX.caf,"23G83__iPhone18,2/System/Library/PrivateFrameworks/SiriTTSService.framework/VoicePreviews_AX/da-DK_jens_AX.caf","23G83__iPhone18,2/System/Library/PrivateFrameworks/SiriTTSService.framework/VoicePreviews_AX",0,044cc6229fd949dd9561957cbc445307
Siri & Voices/Voice Previews (Accessibility),de-DE (C).caf,de-DE (C),de-DE_de-DE-C_AX.caf,"23G83__iPhone18,2/System/Library/PrivateFrameworks/SiriTTSService.framework/VoicePreviews_AX/de-DE_de-DE-C_AX.caf","23G83__iPhone18,2/System/Library/PrivateFrameworks/SiriTTSService.framework/VoicePreviews_AX",0,1e4eab0a50861314167e46e665e06e98
Siri & Voices/Voice Previews (Accessibility),de-DE (D).caf,de-DE (D),de-DE_de-DE-D_AX.caf,"23G83__iPhone18,2/System/Library/PrivateFrameworks/SiriTTSService.framework/VoicePreviews_AX/de-DE_de-DE-D_AX.caf","23G83__iPhone18,2/System/Library/PrivateFrameworks/SiriTTSService.framework/VoicePreviews_AX",0,bd997a63ce26ba7448979fa7a9b6d5b8
Siri & Voices/Voice Previews (Accessibility),de-DE Helena.caf,de-DE Helena,de-DE_helena_AX.caf,"23G83__iPhone18,2/System/Library/PrivateFrameworks/SiriTTSService.framework/VoicePreviews_AX/de-DE_helena_AX.caf","23G83__iPhone18,2/System/Library/PrivateFrameworks/SiriTTSService.framework/VoicePreviews_AX",0,f689e3a09ff040b08fb1b56a8358a1a3
Siri & Voices/Voice Previews (Accessibility),de-DE Martin.caf,de-DE Martin,de-DE_martin_AX.caf,"23G83__iPhone18,2/System/Library/PrivateFrameworks/SiriTTSService.framework/VoicePreviews_AX/de-DE_martin_AX.caf","23G83__iPhone18,2/System/Library/PrivateFrameworks/SiriTTSService.framework/VoicePreviews_AX",0,2ad2907d6d80c0d7ecc0160100d00e61
Siri & Voices/Voice Previews (Accessibility),en-AU Catherine.caf,en-AU Catherine,en-AU_catherine_AX.caf,"23G83__iPhone18,2/System/Library/PrivateFrameworks/SiriTTSService.framework/VoicePreviews_AX/en-AU_catherine_AX.caf","23G83__iPhone18,2/System/Library/PrivateFrameworks/SiriTTSService.framework/VoicePreviews_AX",0,b7b1a4654e61bf9e2e54e6125a7255cc
Siri & Voices/Voice Previews (Accessibility),en-AU (C).caf,en-AU (C),en-AU_en-AU-C_AX.caf,"23G83__iPhone18,2/System/Library/PrivateFrameworks/SiriTTSService.framework/VoicePreviews_AX/en-AU_en-AU-C_AX.caf","23G83__iPhone18,2/System/Library/PrivateFrameworks/SiriTTSService.framework/VoicePreviews_AX",0,9cf5154b0aee655158ef3f218b5bf79d
Siri & Voices/Voice Previews (Accessibility),en-AU (D).caf,en-AU (D),en-AU_en-AU-D_AX.caf,"23G83__iPhone18,2/System/Library/PrivateFrameworks/SiriTTSService.framework/VoicePreviews_AX/en-AU_en-AU-D_AX.caf","23G83__iPhone18,2/System/Library/PrivateFrameworks/SiriTTSService.framework/VoicePreviews_AX",0,152ac6be686321ea05a7101577d37d94
Siri & Voices/Voice Previews (Accessibility),en-AU Gordon.caf,en-AU Gordon,en-AU_gordon_AX.caf,"23G83__iPhone18,2/System/Library/PrivateFrameworks/SiriTTSService.framework/VoicePreviews_AX/en-AU_gordon_AX.caf","23G83__iPhone18,2/System/Library/PrivateFrameworks/SiriTTSService.framework/VoicePreviews_AX",0,c58407753c92b23f88f98c586356d749
Siri & Voices/Voice Previews (Accessibility),en-GB Arthur.caf,en-GB Arthur,en-GB_arthur_AX.caf,"23G83__iPhone18,2/System/Library/PrivateFrameworks/SiriTTSService.framework/VoicePreviews_AX/en-GB_arthur_AX.caf","23G83__iPhone18,2/System/Library/PrivateFrameworks/SiriTTSService.framework/VoicePreviews_AX",0,880b2f1aa7bba49d0812b6f2208027d1
Siri & Voices/Voice Previews (Accessibility),en-GB (C).caf,en-GB (C),en-GB_en-GB-C_AX.caf,"23G83__iPhone18,2/System/Library/PrivateFrameworks/SiriTTSService.framework/VoicePreviews_AX/en-GB_en-GB-C_AX.caf","23G83__iPhone18,2/System/Library/PrivateFrameworks/SiriTTSService.framework/VoicePreviews_AX",0,32da8c8e5a36cb6a3fe97c92a74a60fb
Siri & Voices/Voice Previews (Accessibility),en-GB (D).caf,en-GB (D),en-GB_en-GB-D_AX.caf,"23G83__iPhone18,2/System/Library/PrivateFrameworks/SiriTTSService.framework/VoicePreviews_AX/en-GB_en-GB-D_AX.caf","23G83__iPhone18,2/System/Library/PrivateFrameworks/SiriTTSService.framework/VoicePreviews_AX",0,aebddf8e6691a370d5669de88e2f18a4
Siri & Voices/Voice Previews (Accessibility),en-GB Martha.caf,en-GB Martha,en-GB_martha_AX.caf,"23G83__iPhone18,2/System/Library/PrivateFrameworks/SiriTTSService.framework/VoicePreviews_AX/en-GB_martha_AX.caf","23G83__iPhone18,2/System/Library/PrivateFrameworks/SiriTTSService.framework/VoicePreviews_AX",0,1e80e7fa09cbcb492eeef0ed213f2333
Siri & Voices/Voice Previews (Accessibility),en-IE Aidan.caf,en-IE Aidan,en-IE_aidan_AX.caf,"23G83__iPhone18,2/System/Library/PrivateFrameworks/SiriTTSService.framework/VoicePreviews_AX/en-IE_aidan_AX.caf","23G83__iPhone18,2/System/Library/PrivateFrameworks/SiriTTSService.framework/VoicePreviews_AX",0,a37f42fcea216b35f5b8dedd4ac8acbf
Siri & Voices/Voice Previews (Accessibility),en-IE Maeve.caf,en-IE Maeve,en-IE_maeve_AX.caf,"23G83__iPhone18,2/System/Library/PrivateFrameworks/SiriTTSService.framework/VoicePreviews_AX/en-IE_maeve_AX.caf","23G83__iPhone18,2/System/Library/PrivateFrameworks/SiriTTSService.framework/VoicePreviews_AX",0,0943c6c061c1052125dfc3f9c9f7a331
Siri & Voices/Voice Previews (Accessibility),en-IN Akash.caf,en-IN Akash,en-IN_akash_AX.caf,"23G83__iPhone18,2/System/Library/PrivateFrameworks/SiriTTSService.framework/VoicePreviews_AX/en-IN_akash_AX.caf","23G83__iPhone18,2/System/Library/PrivateFrameworks/SiriTTSService.framework/VoicePreviews_AX",0,827389417bcad9dbd5a44ea9788a8449
Siri & Voices/Voice Previews (Accessibility),en-IN Akash Hi IN.caf,en-IN Akash Hi IN,en-IN_akash_hi-IN_AX.caf,"23G83__iPhone18,2/System/Library/PrivateFrameworks/SiriTTSService.framework/VoicePreviews_AX/en-IN_akash_hi-IN_AX.caf","23G83__iPhone18,2/System/Library/PrivateFrameworks/SiriTTSService.framework/VoicePreviews_AX",0,f798c1571efca6275183bdacfe1fdef9
Siri & Voices/Voice Previews (Accessibility),en-IN Aman.caf,en-IN Aman,en-IN_aman_AX.caf,"23G83__iPhone18,2/System/Library/PrivateFrameworks/SiriTTSService.framework/VoicePreviews_AX/en-IN_aman_AX.caf","23G83__iPhone18,2/System/Library/PrivateFrameworks/SiriTTSService.framework/VoicePreviews_AX",0,37c2c2f1a17ec2f5a381dbd1be4abb6a
Siri & Voices/Voice Previews (Accessibility),en-IN Riya.caf,en-IN Riya,en-IN_riya_AX.caf,"23G83__iPhone18,2/System/Library/PrivateFrameworks/SiriTTSService.framework/VoicePreviews_AX/en-IN_riya_AX.caf","23G83__iPhone18,2/System/Library/PrivateFrameworks/SiriTTSService.framework/VoicePreviews_AX",0,545dd14097dc606ab031cd9faaec3119
Siri & Voices/Voice Previews (Accessibility),en-IN Riya Hi IN.caf,en-IN Riya Hi IN,en-IN_riya_hi-IN_AX.caf,"23G83__iPhone18,2/System/Library/PrivateFrameworks/SiriTTSService.framework/VoicePreviews_AX/en-IN_riya_hi-IN_AX.caf","23G83__iPhone18,2/System/Library/PrivateFrameworks/SiriTTSService.framework/VoicePreviews_AX",0,39be1be23248e9206b662377b7075d93
Siri & Voices/Voice Previews (Accessibility),en-IN Tara.caf,en-IN Tara,en-IN_tara_AX.caf,"23G83__iPhone18,2/System/Library/PrivateFrameworks/SiriTTSService.framework/VoicePreviews_AX/en-IN_tara_AX.caf","23G83__iPhone18,2/System/Library/PrivateFrameworks/SiriTTSService.framework/VoicePreviews_AX",0,4466e857014acb34f8ef11fd6c85e06a
Siri & Voices/Voice Previews (Accessibility),en-US Aaron.caf,en-US Aaron,en-US_aaron_AX.caf,"23G83__iPhone18,2/System/Library/PrivateFrameworks/SiriTTSService.framework/VoicePreviews_AX/en-US_aaron_AX.caf","23G83__iPhone18,2/System/Library/PrivateFrameworks/SiriTTSService.framework/VoicePreviews_AX",0,0fa3d80761767e506836d182aff3da87
Siri & Voices/Voice Previews (Accessibility),en-US Damon.caf,en-US Damon,en-US_damon_AX.caf,"23G83__iPhone18,2/System/Library/PrivateFrameworks/SiriTTSService.framework/VoicePreviews_AX/en-US_damon_AX.caf","23G83__iPhone18,2/System/Library/PrivateFrameworks/SiriTTSService.framework/VoicePreviews_AX",0,d2170ed6b31cbd8e7b1dd1692758294b
Siri & Voices/Voice Previews (Accessibility),en-US Nora.caf,en-US Nora,en-US_nora_AX.caf,"23G83__iPhone18,2/System/Library/PrivateFrameworks/SiriTTSService.framework/VoicePreviews_AX/en-US_nora_AX.caf","23G83__iPhone18,2/System/Library/PrivateFrameworks/SiriTTSService.framework/VoicePreviews_AX",0,3002c4fc4a340ff1eec0bae0de9bdc5f
Siri & Voices/Voice Previews (Accessibility),en-US Quinn.caf,en-US Quinn,en-US_quinn_AX.caf,"23G83__iPhone18,2/System/Library/PrivateFrameworks/SiriTTSService.framework/VoicePreviews_AX/en-US_quinn_AX.caf","23G83__iPhone18,2/System/Library/PrivateFrameworks/SiriTTSService.framework/VoicePreviews_AX",0,979fd2fc0feffd1d7150dff378f6bafe
Siri & Voices/Voice Previews (Accessibility),en-US Simone.caf,en-US Simone,en-US_simone_AX.caf,"23G83__iPhone18,2/System/Library/PrivateFrameworks/SiriTTSService.framework/VoicePreviews_AX/en-US_simone_AX.caf","23G83__iPhone18,2/System/Library/PrivateFrameworks/SiriTTSService.framework/VoicePreviews_AX",0,3ab5874aa27dc150d7fec7f190318773
Siri & Voices/Voice Previews (Accessibility),en-ZA Leona.caf,en-ZA Leona,en-ZA_leona_AX.caf,"23G83__iPhone18,2/System/Library/PrivateFrameworks/SiriTTSService.framework/VoicePreviews_AX/en-ZA_leona_AX.caf","23G83__iPhone18,2/System/Library/PrivateFrameworks/SiriTTSService.framework/VoicePreviews_AX",0,e9c5dbd60ac738a3033d2e1103dc80a8
Siri & Voices/Voice Previews (Accessibility),en-ZA Xander.caf,en-ZA Xander,en-ZA_xander_AX.caf,"23G83__iPhone18,2/System/Library/PrivateFrameworks/SiriTTSService.framework/VoicePreviews_AX/en-ZA_xander_AX.caf","23G83__iPhone18,2/System/Library/PrivateFrameworks/SiriTTSService.framework/VoicePreviews_AX",0,6c2d21213c1a493af5d4b83b98324e12
Siri & Voices/Voice Previews (Accessibility),es-ES Luisa.caf,es-ES Luisa,es-ES_luisa_AX.caf,"23G83__iPhone18,2/System/Library/PrivateFrameworks/SiriTTSService.framework/VoicePreviews_AX/es-ES_luisa_AX.caf","23G83__iPhone18,2/System/Library/PrivateFrameworks/SiriTTSService.framework/VoicePreviews_AX",0,4274a4a27dc37fcacca5db3cb6c97822
Siri & Voices/Voice Previews (Accessibility),es-ES Vincent.caf,es-ES Vincent,es-ES_vincent_AX.caf,"23G83__iPhone18,2/System/Library/PrivateFrameworks/SiriTTSService.framework/VoicePreviews_AX/es-ES_vincent_AX.caf","23G83__iPhone18,2/System/Library/PrivateFrameworks/SiriTTSService.framework/VoicePreviews_AX",0,fc7c5d036a9afeec723f635a0f342ba6
Siri & Voices/Voice Previews (Accessibility),es-MX Angel.caf,es-MX Angel,es-MX_angel_AX.caf,"23G83__iPhone18,2/System/Library/PrivateFrameworks/SiriTTSService.framework/VoicePreviews_AX/es-MX_angel_AX.caf","23G83__iPhone18,2/System/Library/PrivateFrameworks/SiriTTSService.framework/VoicePreviews_AX",0,071e0573d7cf4dbe380a5d931040384b
Siri & Voices/Voice Previews (Accessibility),es-MX Carmen.caf,es-MX Carmen,es-MX_carmen_AX.caf,"23G83__iPhone18,2/System/Library/PrivateFrameworks/SiriTTSService.framework/VoicePreviews_AX/es-MX_carmen_AX.caf","23G83__iPhone18,2/System/Library/PrivateFrameworks/SiriTTSService.framework/VoicePreviews_AX",0,43f03a40f66ff66f8341b555175c32b0
Siri & Voices/Voice Previews (Accessibility),fi-FI Suvi.caf,fi-FI Suvi,fi-FI_suvi_AX.caf,"23G83__iPhone18,2/System/Library/PrivateFrameworks/SiriTTSService.framework/VoicePreviews_AX/fi-FI_suvi_AX.caf","23G83__iPhone18,2/System/Library/PrivateFrameworks/SiriTTSService.framework/VoicePreviews_AX",0,3c68a036edaf4b469d16f2856a290630
Siri & Voices/Voice Previews (Accessibility),fi-FI Topi.caf,fi-FI Topi,fi-FI_topi_AX.caf,"23G83__iPhone18,2/System/Library/PrivateFrameworks/SiriTTSService.framework/VoicePreviews_AX/fi-FI_topi_AX.caf","23G83__iPhone18,2/System/Library/PrivateFrameworks/SiriTTSService.framework/VoicePreviews_AX",0,6bc954c57be387134815c7b02fc32901
Siri & Voices/Voice Previews (Accessibility),fr-CA Pierre.caf,fr-CA Pierre,fr-CA_pierre_AX.caf,"23G83__iPhone18,2/System/Library/PrivateFrameworks/SiriTTSService.framework/VoicePreviews_AX/fr-CA_pierre_AX.caf","23G83__iPhone18,2/System/Library/PrivateFrameworks/SiriTTSService.framework/VoicePreviews_AX",0,58e49efa13f521051a206e414a048928
Siri & Voices/Voice Previews (Accessibility),fr-CA Sophie.caf,fr-CA Sophie,fr-CA_sophie_AX.caf,"23G83__iPhone18,2/System/Library/PrivateFrameworks/SiriTTSService.framework/VoicePreviews_AX/fr-CA_sophie_AX.caf","23G83__iPhone18,2/System/Library/PrivateFrameworks/SiriTTSService.framework/VoicePreviews_AX",0,86543a0af54f97999cae01b3a3023499
Siri & Voices/Voice Previews (Accessibility),fr-FR Daniel.caf,fr-FR Daniel,fr-FR_daniel_AX.caf,"23G83__iPhone18,2/System/Library/PrivateFrameworks/SiriTTSService.framework/VoicePreviews_AX/fr-FR_daniel_AX.caf","23G83__iPhone18,2/System/Library/PrivateFrameworks/SiriTTSService.framework/VoicePreviews_AX",0,f8df5a645fa76a835aecfbe66726063a
Siri & Voices/Voice Previews (Accessibility),fr-FR (C).caf,fr-FR (C),fr-FR_fr-FR-C_AX.caf,"23G83__iPhone18,2/System/Library/PrivateFrameworks/SiriTTSService.framework/VoicePreviews_AX/fr-FR_fr-FR-C_AX.caf","23G83__iPhone18,2/System/Library/PrivateFrameworks/SiriTTSService.framework/VoicePreviews_AX",0,5e5a280052a23d5607bf1463d37560dd
Siri & Voices/Voice Previews (Accessibility),fr-FR (D).caf,fr-FR (D),fr-FR_fr-FR-D_AX.caf,"23G83__iPhone18,2/System/Library/PrivateFrameworks/SiriTTSService.framework/VoicePreviews_AX/fr-FR_fr-FR-D_AX.caf","23G83__iPhone18,2/System/Library/PrivateFrameworks/SiriTTSService.framework/VoicePreviews_AX",0,28674487569e51dcf8b1fb7c7e09d5f2
Siri & Voices/Voice Previews (Accessibility),fr-FR Marie.caf,fr-FR Marie,fr-FR_marie_AX.caf,"23G83__iPhone18,2/System/Library/PrivateFrameworks/SiriTTSService.framework/VoicePreviews_AX/fr-FR_marie_AX.caf","23G83__iPhone18,2/System/Library/PrivateFrameworks/SiriTTSService.framework/VoicePreviews_AX",0,f3d668d61333295d6970788086389ede
Siri & Voices/Voice Previews (Accessibility),gu-IN Aman.caf,gu-IN Aman,gu-IN_aman_AX.caf,"23G83__iPhone18,2/System/Library/PrivateFrameworks/SiriTTSService.framework/VoicePreviews_AX/gu-IN_aman_AX.caf","23G83__iPhone18,2/System/Library/PrivateFrameworks/SiriTTSService.framework/VoicePreviews_AX",0,a40aab20ce197bb00594bff55113f71c
Siri & Voices/Voice Previews (Accessibility),gu-IN Tara.caf,gu-IN Tara,gu-IN_tara_AX.caf,"23G83__iPhone18,2/System/Library/PrivateFrameworks/SiriTTSService.framework/VoicePreviews_AX/gu-IN_tara_AX.caf","23G83__iPhone18,2/System/Library/PrivateFrameworks/SiriTTSService.framework/VoicePreviews_AX",0,0e801d6822c7a8abc5945b53d5fcd5cd
Siri & Voices/Voice Previews (Accessibility),he-IL Yasmin.caf,he-IL Yasmin,he-IL_yasmin_AX.caf,"23G83__iPhone18,2/System/Library/PrivateFrameworks/SiriTTSService.framework/VoicePreviews_AX/he-IL_yasmin_AX.caf","23G83__iPhone18,2/System/Library/PrivateFrameworks/SiriTTSService.framework/VoicePreviews_AX",0,535c75351509f68586414b097c0fd009
Siri & Voices/Voice Previews (Accessibility),he-IL Ziv.caf,he-IL Ziv,he-IL_ziv_AX.caf,"23G83__iPhone18,2/System/Library/PrivateFrameworks/SiriTTSService.framework/VoicePreviews_AX/he-IL_ziv_AX.caf","23G83__iPhone18,2/System/Library/PrivateFrameworks/SiriTTSService.framework/VoicePreviews_AX",0,a21e65ddd43d8b2a711b34b95159e3f9
Siri & Voices/Voice Previews (Accessibility),hi-IN Aman.caf,hi-IN Aman,hi-IN_aman_AX.caf,"23G83__iPhone18,2/System/Library/PrivateFrameworks/SiriTTSService.framework/VoicePreviews_AX/hi-IN_aman_AX.caf","23G83__iPhone18,2/System/Library/PrivateFrameworks/SiriTTSService.framework/VoicePreviews_AX",0,10ce2e8fe9a64baba8247324c9d29ad7
Siri & Voices/Voice Previews (Accessibility),hi-IN Tara.caf,hi-IN Tara,hi-IN_tara_AX.caf,"23G83__iPhone18,2/System/Library/PrivateFrameworks/SiriTTSService.framework/VoicePreviews_AX/hi-IN_tara_AX.caf","23G83__iPhone18,2/System/Library/PrivateFrameworks/SiriTTSService.framework/VoicePreviews_AX",0,943d0435166b944f35f65314019a8478
Siri & Voices/Voice Previews (Accessibility),it-IT Francesca.caf,it-IT Francesca,it-IT_francesca_AX.caf,"23G83__iPhone18,2/System/Library/PrivateFrameworks/SiriTTSService.framework/VoicePreviews_AX/it-IT_francesca_AX.caf","23G83__iPhone18,2/System/Library/PrivateFrameworks/SiriTTSService.framework/VoicePreviews_AX",0,3b9a557193e84d2c22a93a0c97ee6fc5
Siri & Voices/Voice Previews (Accessibility),it-IT (C).caf,it-IT (C),it-IT_it-IT-C_AX.caf,"23G83__iPhone18,2/System/Library/PrivateFrameworks/SiriTTSService.framework/VoicePreviews_AX/it-IT_it-IT-C_AX.caf","23G83__iPhone18,2/System/Library/PrivateFrameworks/SiriTTSService.framework/VoicePreviews_AX",0,691f4c28f80119baf37bbb81229ed24e
Siri & Voices/Voice Previews (Accessibility),it-IT (D).caf,it-IT (D),it-IT_it-IT-D_AX.caf,"23G83__iPhone18,2/System/Library/PrivateFrameworks/SiriTTSService.framework/VoicePreviews_AX/it-IT_it-IT-D_AX.caf","23G83__iPhone18,2/System/Library/PrivateFrameworks/SiriTTSService.framework/VoicePreviews_AX",0,87adc42e32ce68fa9aa1486b39240c5c
Siri & Voices/Voice Previews (Accessibility),it-IT Paolo.caf,it-IT Paolo,it-IT_paolo_AX.caf,"23G83__iPhone18,2/System/Library/PrivateFrameworks/SiriTTSService.framework/VoicePreviews_AX/it-IT_paolo_AX.caf","23G83__iPhone18,2/System/Library/PrivateFrameworks/SiriTTSService.framework/VoicePreviews_AX",0,c00a070f22087403da8069798780bc15
Siri & Voices/Voice Previews (Accessibility),ja-JP Hiro.caf,ja-JP Hiro,ja-JP_hiro_AX.caf,"23G83__iPhone18,2/System/Library/PrivateFrameworks/SiriTTSService.framework/VoicePreviews_AX/ja-JP_hiro_AX.caf","23G83__iPhone18,2/System/Library/PrivateFrameworks/SiriTTSService.framework/VoicePreviews_AX",0,6d9f127d8b334e76124476dbca77a9d5
Siri & Voices/Voice Previews (Accessibility),ja-JP Sakura.caf,ja-JP Sakura,ja-JP_sakura_AX.caf,"23G83__iPhone18,2/System/Library/PrivateFrameworks/SiriTTSService.framework/VoicePreviews_AX/ja-JP_sakura_AX.caf","23G83__iPhone18,2/System/Library/PrivateFrameworks/SiriTTSService.framework/VoicePreviews_AX",0,4813ecb5ff857f42d174ca597bbf461b
Siri & Voices/Voice Previews (Accessibility),kk-KZ Aru.caf,kk-KZ Aru,kk-KZ_aru_AX.caf,"23G83__iPhone18,2/System/Library/PrivateFrameworks/SiriTTSService.framework/VoicePreviews_AX/kk-KZ_aru_AX.caf","23G83__iPhone18,2/System/Library/PrivateFrameworks/SiriTTSService.framework/VoicePreviews_AX",0,619cacbce6fb42c80aea40c052917d83
Siri & Voices/Voice Previews (Accessibility),kn-IN Aman.caf,kn-IN Aman,kn-IN_aman_AX.caf,"23G83__iPhone18,2/System/Library/PrivateFrameworks/SiriTTSService.framework/VoicePreviews_AX/kn-IN_aman_AX.caf","23G83__iPhone18,2/System/Library/PrivateFrameworks/SiriTTSService.framework/VoicePreviews_AX",0,a06d076482fb1b573d41100858812f7a
Siri & Voices/Voice Previews (Accessibility),kn-IN Tara.caf,kn-IN Tara,kn-IN_tara_AX.caf,"23G83__iPhone18,2/System/Library/PrivateFrameworks/SiriTTSService.framework/VoicePreviews_AX/kn-IN_tara_AX.caf","23G83__iPhone18,2/System/Library/PrivateFrameworks/SiriTTSService.framework/VoicePreviews_AX",0,44d9a35930f754b1a1c0135d5ea526e8
Siri & Voices/Voice Previews (Accessibility),ko-KR Jinsoo.caf,ko-KR Jinsoo,ko-KR_jinsoo_AX.caf,"23G83__iPhone18,2/System/Library/PrivateFrameworks/SiriTTSService.framework/VoicePreviews_AX/ko-KR_jinsoo_AX.caf","23G83__iPhone18,2/System/Library/PrivateFrameworks/SiriTTSService.framework/VoicePreviews_AX",0,0c6a7557cbcca38a8e85ae19a8b6e8cd
Siri & Voices/Voice Previews (Accessibility),ko-KR Minji.caf,ko-KR Minji,ko-KR_minji_AX.caf,"23G83__iPhone18,2/System/Library/PrivateFrameworks/SiriTTSService.framework/VoicePreviews_AX/ko-KR_minji_AX.caf","23G83__iPhone18,2/System/Library/PrivateFrameworks/SiriTTSService.framework/VoicePreviews_AX",0,cafe3e9e63bde6d3f93264fb770d4ed9
Siri & Voices/Voice Previews (Accessibility),lt-LT Ona.caf,lt-LT Ona,lt-LT_ona_AX.caf,"23G83__iPhone18,2/System/Library/PrivateFrameworks/SiriTTSService.framework/VoicePreviews_AX/lt-LT_ona_AX.caf","23G83__iPhone18,2/System/Library/PrivateFrameworks/SiriTTSService.framework/VoicePreviews_AX",0,7a9ac05334383ff53c24cf98ad882145
Siri & Voices/Voice Previews (Accessibility),ml-IN Aman.caf,ml-IN Aman,ml-IN_aman_AX.caf,"23G83__iPhone18,2/System/Library/PrivateFrameworks/SiriTTSService.framework/VoicePreviews_AX/ml-IN_aman_AX.caf","23G83__iPhone18,2/System/Library/PrivateFrameworks/SiriTTSService.framework/VoicePreviews_AX",0,7f9b52fee50371a0122cd885439768bd
Siri & Voices/Voice Previews (Accessibility),ml-IN Tara.caf,ml-IN Tara,ml-IN_tara_AX.caf,"23G83__iPhone18,2/System/Library/PrivateFrameworks/SiriTTSService.framework/VoicePreviews_AX/ml-IN_tara_AX.caf","23G83__iPhone18,2/System/Library/PrivateFrameworks/SiriTTSService.framework/VoicePreviews_AX",0,c24afe89516f9d769fdbcf5c5da19a2d
Siri & Voices/Voice Previews (Accessibility),mr-IN Aman.caf,mr-IN Aman,mr-IN_aman_AX.caf,"23G83__iPhone18,2/System/Library/PrivateFrameworks/SiriTTSService.framework/VoicePreviews_AX/mr-IN_aman_AX.caf","23G83__iPhone18,2/System/Library/PrivateFrameworks/SiriTTSService.framework/VoicePreviews_AX",0,a6baf41932c296179717c96130853a4c
Siri & Voices/Voice Previews (Accessibility),mr-IN Tara.caf,mr-IN Tara,mr-IN_tara_AX.caf,"23G83__iPhone18,2/System/Library/PrivateFrameworks/SiriTTSService.framework/VoicePreviews_AX/mr-IN_tara_AX.caf","23G83__iPhone18,2/System/Library/PrivateFrameworks/SiriTTSService.framework/VoicePreviews_AX",0,7596dd91dbcef08eabea5862b632a8e5
Siri & Voices/Voice Previews (Accessibility),ms-MY (A).caf,ms-MY (A),ms-MY_ms-MY-A_AX.caf,"23G83__iPhone18,2/System/Library/PrivateFrameworks/SiriTTSService.framework/VoicePreviews_AX/ms-MY_ms-MY-A_AX.caf","23G83__iPhone18,2/System/Library/PrivateFrameworks/SiriTTSService.framework/VoicePreviews_AX",0,a9a837edba8a27f68f3faae5636cc271
Siri & Voices/Voice Previews (Accessibility),ms-MY (B).caf,ms-MY (B),ms-MY_ms-MY-B_AX.caf,"23G83__iPhone18,2/System/Library/PrivateFrameworks/SiriTTSService.framework/VoicePreviews_AX/ms-MY_ms-MY-B_AX.caf","23G83__iPhone18,2/System/Library/PrivateFrameworks/SiriTTSService.framework/VoicePreviews_AX",0,63dca1124f74a71c0067dde669c632ab
Siri & Voices/Voice Previews (Accessibility),nb-NO Ingrid.caf,nb-NO Ingrid,nb-NO_ingrid_AX.caf,"23G83__iPhone18,2/System/Library/PrivateFrameworks/SiriTTSService.framework/VoicePreviews_AX/nb-NO_ingrid_AX.caf","23G83__iPhone18,2/System/Library/PrivateFrameworks/SiriTTSService.framework/VoicePreviews_AX",0,0c382ce24db4ba0e281e88ebdedf5a68
Siri & Voices/Voice Previews (Accessibility),nb-NO Marius.caf,nb-NO Marius,nb-NO_marius_AX.caf,"23G83__iPhone18,2/System/Library/PrivateFrameworks/SiriTTSService.framework/VoicePreviews_AX/nb-NO_marius_AX.caf","23G83__iPhone18,2/System/Library/PrivateFrameworks/SiriTTSService.framework/VoicePreviews_AX",0,5bbb55efb552eaa47a00de1f75def637
Siri & Voices/Voice Previews (Accessibility),nl-NL Klaar.caf,nl-NL Klaar,nl-NL_klaar_AX.caf,"23G83__iPhone18,2/System/Library/PrivateFrameworks/SiriTTSService.framework/VoicePreviews_AX/nl-NL_klaar_AX.caf","23G83__iPhone18,2/System/Library/PrivateFrameworks/SiriTTSService.framework/VoicePreviews_AX",0,068f4bd3f3f1c9340fe45e53084e4c0b
Siri & Voices/Voice Previews (Accessibility),nl-NL Pieter.caf,nl-NL Pieter,nl-NL_pieter_AX.caf,"23G83__iPhone18,2/System/Library/PrivateFrameworks/SiriTTSService.framework/VoicePreviews_AX/nl-NL_pieter_AX.caf","23G83__iPhone18,2/System/Library/PrivateFrameworks/SiriTTSService.framework/VoicePreviews_AX",0,e47e089b154c237ac93dc65b2693c1ae
Siri & Voices/Voice Previews (Accessibility),or-IN Aman.caf,or-IN Aman,or-IN_aman_AX.caf,"23G83__iPhone18,2/System/Library/PrivateFrameworks/SiriTTSService.framework/VoicePreviews_AX/or-IN_aman_AX.caf","23G83__iPhone18,2/System/Library/PrivateFrameworks/SiriTTSService.framework/VoicePreviews_AX",0,9751ed254cec727a76d929afe1752c9e
Siri & Voices/Voice Previews (Accessibility),or-IN Tara.caf,or-IN Tara,or-IN_tara_AX.caf,"23G83__iPhone18,2/System/Library/PrivateFrameworks/SiriTTSService.framework/VoicePreviews_AX/or-IN_tara_AX.caf","23G83__iPhone18,2/System/Library/PrivateFrameworks/SiriTTSService.framework/VoicePreviews_AX",0,69e1e45cee06c1c9acb18051efba5ed8
Siri & Voices/Voice Previews (Accessibility),pa-IN Aman.caf,pa-IN Aman,pa-IN_aman_AX.caf,"23G83__iPhone18,2/System/Library/PrivateFrameworks/SiriTTSService.framework/VoicePreviews_AX/pa-IN_aman_AX.caf","23G83__iPhone18,2/System/Library/PrivateFrameworks/SiriTTSService.framework/VoicePreviews_AX",0,4e8500d78ea7e52c1ce8ddf5aef17258
Siri & Voices/Voice Previews (Accessibility),pa-IN Tara.caf,pa-IN Tara,pa-IN_tara_AX.caf,"23G83__iPhone18,2/System/Library/PrivateFrameworks/SiriTTSService.framework/VoicePreviews_AX/pa-IN_tara_AX.caf","23G83__iPhone18,2/System/Library/PrivateFrameworks/SiriTTSService.framework/VoicePreviews_AX",0,545f38f81c092f72571dc9dd7f0ce3aa
Siri & Voices/Voice Previews (Accessibility),pt-BR Nando.caf,pt-BR Nando,pt-BR_nando_AX.caf,"23G83__iPhone18,2/System/Library/PrivateFrameworks/SiriTTSService.framework/VoicePreviews_AX/pt-BR_nando_AX.caf","23G83__iPhone18,2/System/Library/PrivateFrameworks/SiriTTSService.framework/VoicePreviews_AX",0,44c9cb24a1534cd4b931aeacf3ad3a76
Siri & Voices/Voice Previews (Accessibility),pt-BR Sandra.caf,pt-BR Sandra,pt-BR_sandra_AX.caf,"23G83__iPhone18,2/System/Library/PrivateFrameworks/SiriTTSService.framework/VoicePreviews_AX/pt-BR_sandra_AX.caf","23G83__iPhone18,2/System/Library/PrivateFrameworks/SiriTTSService.framework/VoicePreviews_AX",0,8ed87693a14afdfb6df75e4dc42b2c36
Siri & Voices/Voice Previews (Accessibility),pt-PT (A).caf,pt-PT (A),pt-PT_pt-PT-A_AX.caf,"23G83__iPhone18,2/System/Library/PrivateFrameworks/SiriTTSService.framework/VoicePreviews_AX/pt-PT_pt-PT-A_AX.caf","23G83__iPhone18,2/System/Library/PrivateFrameworks/SiriTTSService.framework/VoicePreviews_AX",0,602010031b52d813bca8c5d4e660243d
Siri & Voices/Voice Previews (Accessibility),pt-PT (B).caf,pt-PT (B),pt-PT_pt-PT-B_AX.caf,"23G83__iPhone18,2/System/Library/PrivateFrameworks/SiriTTSService.framework/VoicePreviews_AX/pt-PT_pt-PT-B_AX.caf","23G83__iPhone18,2/System/Library/PrivateFrameworks/SiriTTSService.framework/VoicePreviews_AX",0,60a560162fddcf9e59239dab87ddde2e
Siri & Voices/Voice Previews (Accessibility),ru-RU Aleksei.caf,ru-RU Aleksei,ru-RU_aleksei_AX.caf,"23G83__iPhone18,2/System/Library/PrivateFrameworks/SiriTTSService.framework/VoicePreviews_AX/ru-RU_aleksei_AX.caf","23G83__iPhone18,2/System/Library/PrivateFrameworks/SiriTTSService.framework/VoicePreviews_AX",0,6a8fb1091e1d15e3b4cd3eb96fe2c6cc
Siri & Voices/Voice Previews (Accessibility),ru-RU Yelena.caf,ru-RU Yelena,ru-RU_yelena_AX.caf,"23G83__iPhone18,2/System/Library/PrivateFrameworks/SiriTTSService.framework/VoicePreviews_AX/ru-RU_yelena_AX.caf","23G83__iPhone18,2/System/Library/PrivateFrameworks/SiriTTSService.framework/VoicePreviews_AX",0,e6f2c763c5c78f92d9fb1de64f2091f4
Siri & Voices/Voice Previews (Accessibility),sv-SE Axel.caf,sv-SE Axel,sv-SE_axel_AX.caf,"23G83__iPhone18,2/System/Library/PrivateFrameworks/SiriTTSService.framework/VoicePreviews_AX/sv-SE_axel_AX.caf","23G83__iPhone18,2/System/Library/PrivateFrameworks/SiriTTSService.framework/VoicePreviews_AX",0,b7fd367dfea0779b325636342fa7fe04
Siri & Voices/Voice Previews (Accessibility),sv-SE Tilde.caf,sv-SE Tilde,sv-SE_tilde_AX.caf,"23G83__iPhone18,2/System/Library/PrivateFrameworks/SiriTTSService.framework/VoicePreviews_AX/sv-SE_tilde_AX.caf","23G83__iPhone18,2/System/Library/PrivateFrameworks/SiriTTSService.framework/VoicePreviews_AX",0,ae746c5fe1b68c16530bbf034964056f
Siri & Voices/Voice Previews (Accessibility),ta-IN Aman.caf,ta-IN Aman,ta-IN_aman_AX.caf,"23G83__iPhone18,2/System/Library/PrivateFrameworks/SiriTTSService.framework/VoicePreviews_AX/ta-IN_aman_AX.caf","23G83__iPhone18,2/System/Library/PrivateFrameworks/SiriTTSService.framework/VoicePreviews_AX",0,38e18e9846292ff59a5c23a801e37a96
Siri & Voices/Voice Previews (Accessibility),ta-IN Tara.caf,ta-IN Tara,ta-IN_tara_AX.caf,"23G83__iPhone18,2/System/Library/PrivateFrameworks/SiriTTSService.framework/VoicePreviews_AX/ta-IN_tara_AX.caf","23G83__iPhone18,2/System/Library/PrivateFrameworks/SiriTTSService.framework/VoicePreviews_AX",0,788a61d2cf6d78dd72535fa1ade28b19
Siri & Voices/Voice Previews (Accessibility),te-IN Aman.caf,te-IN Aman,te-IN_aman_AX.caf,"23G83__iPhone18,2/System/Library/PrivateFrameworks/SiriTTSService.framework/VoicePreviews_AX/te-IN_aman_AX.caf","23G83__iPhone18,2/System/Library/PrivateFrameworks/SiriTTSService.framework/VoicePreviews_AX",0,b5fc79cc63974787ce448a4c2916bb95
Siri & Voices/Voice Previews (Accessibility),te-IN Tara.caf,te-IN Tara,te-IN_tara_AX.caf,"23G83__iPhone18,2/System/Library/PrivateFrameworks/SiriTTSService.framework/VoicePreviews_AX/te-IN_tara_AX.caf","23G83__iPhone18,2/System/Library/PrivateFrameworks/SiriTTSService.framework/VoicePreviews_AX",0,cc5dd5509bc9f7042aefd4058e050e06
Siri & Voices/Voice Previews (Accessibility),th-TH (A).caf,th-TH (A),th-TH_th-TH-A_AX.caf,"23G83__iPhone18,2/System/Library/PrivateFrameworks/SiriTTSService.framework/VoicePreviews_AX/th-TH_th-TH-A_AX.caf","23G83__iPhone18,2/System/Library/PrivateFrameworks/SiriTTSService.framework/VoicePreviews_AX",0,15daf5b1726f0aea4c7e179e36c904a5
Siri & Voices/Voice Previews (Accessibility),th-TH (B).caf,th-TH (B),th-TH_th-TH-B_AX.caf,"23G83__iPhone18,2/System/Library/PrivateFrameworks/SiriTTSService.framework/VoicePreviews_AX/th-TH_th-TH-B_AX.caf","23G83__iPhone18,2/System/Library/PrivateFrameworks/SiriTTSService.framework/VoicePreviews_AX",0,268baf01a2a86886e42c7cc0ae29d87b
Siri & Voices/Voice Previews (Accessibility),tr-TR Elif.caf,tr-TR Elif,tr-TR_elif_AX.caf,"23G83__iPhone18,2/System/Library/PrivateFrameworks/SiriTTSService.framework/VoicePreviews_AX/tr-TR_elif_AX.caf","23G83__iPhone18,2/System/Library/PrivateFrameworks/SiriTTSService.framework/VoicePreviews_AX",0,2dc213c9a99f9325809dc19fa8dc9484
Siri & Voices/Voice Previews (Accessibility),tr-TR Kaan.caf,tr-TR Kaan,tr-TR_kaan_AX.caf,"23G83__iPhone18,2/System/Library/PrivateFrameworks/SiriTTSService.framework/VoicePreviews_AX/tr-TR_kaan_AX.caf","23G83__iPhone18,2/System/Library/PrivateFrameworks/SiriTTSService.framework/VoicePreviews_AX",0,40c08992d9813b49b387c98e765fa5f5
Siri & Voices/Voice Previews (Accessibility),vi-VN-u-sd-vnct (C).caf,vi-VN-u-sd-vnct (C),vi-VN-u-sd-vnct_vi-VN-C_AX.caf,"23G83__iPhone18,2/System/Library/PrivateFrameworks/SiriTTSService.framework/VoicePreviews_AX/vi-VN-u-sd-vnct_vi-VN-C_AX.caf","23G83__iPhone18,2/System/Library/PrivateFrameworks/SiriTTSService.framework/VoicePreviews_AX",0,6bb06d37b7ed702f2090dfdb783fa982
Siri & Voices/Voice Previews (Accessibility),vi-VN-u-sd-vnct (D).caf,vi-VN-u-sd-vnct (D),vi-VN-u-sd-vnct_vi-VN-D_AX.caf,"23G83__iPhone18,2/System/Library/PrivateFrameworks/SiriTTSService.framework/VoicePreviews_AX/vi-VN-u-sd-vnct_vi-VN-D_AX.caf","23G83__iPhone18,2/System/Library/PrivateFrameworks/SiriTTSService.framework/VoicePreviews_AX",0,9485d7d65ce132bbdfd7a1c0e5396f03
Siri & Voices/Voice Previews (Accessibility),vi-VN (A).caf,vi-VN (A),vi-VN_vi-VN-A_AX.caf,"23G83__iPhone18,2/System/Library/PrivateFrameworks/SiriTTSService.framework/VoicePreviews_AX/vi-VN_vi-VN-A_AX.caf","23G83__iPhone18,2/System/Library/PrivateFrameworks/SiriTTSService.framework/VoicePreviews_AX",0,594d4eb415a424cacb213c0816bb4e8d
Siri & Voices/Voice Previews (Accessibility),vi-VN (B).caf,vi-VN (B),vi-VN_vi-VN-B_AX.caf,"23G83__iPhone18,2/System/Library/PrivateFrameworks/SiriTTSService.framework/VoicePreviews_AX/vi-VN_vi-VN-B_AX.caf","23G83__iPhone18,2/System/Library/PrivateFrameworks/SiriTTSService.framework/VoicePreviews_AX",0,23c9c04e2938a78d8f128fc16cd9f62e
Siri & Voices/Voice Previews (Accessibility),zh-CN Limu.caf,zh-CN Limu,zh-CN_limu_AX.caf,"23G83__iPhone18,2/System/Library/PrivateFrameworks/SiriTTSService.framework/VoicePreviews_AX/zh-CN_limu_AX.caf","23G83__iPhone18,2/System/Library/PrivateFrameworks/SiriTTSService.framework/VoicePreviews_AX",0,fbccf38ba90d3d6e75babc8856c632fd
Siri & Voices/Voice Previews (Accessibility),zh-CN Linfei.caf,zh-CN Linfei,zh-CN_linfei_AX.caf,"23G83__iPhone18,2/System/Library/PrivateFrameworks/SiriTTSService.framework/VoicePreviews_AX/zh-CN_linfei_AX.caf","23G83__iPhone18,2/System/Library/PrivateFrameworks/SiriTTSService.framework/VoicePreviews_AX",0,c1b444c6cb8c2b3a7e01c6c7696de93c
Siri & Voices/Voice Previews (Accessibility),zh-CN (C).caf,zh-CN (C),zh-CN_zh-CN-C_AX.caf,"23G83__iPhone18,2/System/Library/PrivateFrameworks/SiriTTSService.framework/VoicePreviews_AX/zh-CN_zh-CN-C_AX.caf","23G83__iPhone18,2/System/Library/PrivateFrameworks/SiriTTSService.framework/VoicePreviews_AX",0,9d72c7cae8f7baacb7b24197c7281685
Siri & Voices/Voice Previews (Accessibility),zh-CN (D).caf,zh-CN (D),zh-CN_zh-CN-D_AX.caf,"23G83__iPhone18,2/System/Library/PrivateFrameworks/SiriTTSService.framework/VoicePreviews_AX/zh-CN_zh-CN-D_AX.caf","23G83__iPhone18,2/System/Library/PrivateFrameworks/SiriTTSService.framework/VoicePreviews_AX",0,890b3fc7249f0ced86858eca35f6c5a7
Siri & Voices/Voice Previews (Accessibility),zh-HK Hoyin.caf,zh-HK Hoyin,zh-HK_hoyin_AX.caf,"23G83__iPhone18,2/System/Library/PrivateFrameworks/SiriTTSService.framework/VoicePreviews_AX/zh-HK_hoyin_AX.caf","23G83__iPhone18,2/System/Library/PrivateFrameworks/SiriTTSService.framework/VoicePreviews_AX",0,d4f42514e0daf8f83fc03299e768e55c
Siri & Voices/Voice Previews (Accessibility),zh-HK Kayan.caf,zh-HK Kayan,zh-HK_kayan_AX.caf,"23G83__iPhone18,2/System/Library/PrivateFrameworks/SiriTTSService.framework/VoicePreviews_AX/zh-HK_kayan_AX.caf","23G83__iPhone18,2/System/Library/PrivateFrameworks/SiriTTSService.framework/VoicePreviews_AX",0,7e216353b3ee42d936e5448ee9234315
Siri & Voices/Voice Previews (Accessibility),zh-TW Chenghan.caf,zh-TW Chenghan,zh-TW_chenghan_AX.caf,"23G83__iPhone18,2/System/Library/PrivateFrameworks/SiriTTSService.framework/VoicePreviews_AX/zh-TW_chenghan_AX.caf","23G83__iPhone18,2/System/Library/PrivateFrameworks/SiriTTSService.framework/VoicePreviews_AX",0,10ac61796cae85565f20c83b2cfcd0bf
Siri & Voices/Voice Previews (Accessibility),zh-TW Shufen.caf,zh-TW Shufen,zh-TW_shufen_AX.caf,"23G83__iPhone18,2/System/Library/PrivateFrameworks/SiriTTSService.framework/VoicePreviews_AX/zh-TW_shufen_AX.caf","23G83__iPhone18,2/System/Library/PrivateFrameworks/SiriTTSService.framework/VoicePreviews_AX",0,16b2a4bc563a7c515fd73b33e7ee9a7f
Siri & Voices/Siri Interface,Device Setup B 238.wav,Device Setup B 238,DeviceSetup-b238.wav,"23G83__iPhone18,2/System/Library/PrivateFrameworks/SiriVOX.framework/DeviceSetup-b238.wav","23G83__iPhone18,2/System/Library/PrivateFrameworks/SiriVOX.framework",0,4083090faad45ce0cc6c23c966079ed2
Siri & Voices/Siri Interface,Siri Summon B 238.wav,Siri Summon B 238,SiriSummon-b238.wav,"23G83__iPhone18,2/System/Library/PrivateFrameworks/SiriVOX.framework/SiriSummon-b238.wav","23G83__iPhone18,2/System/Library/PrivateFrameworks/SiriVOX.framework",0,aa942ede454e3a1485c48c1968a9f887
Camera & Photos,Magazine.m4a,Magazine,Magazine.m4a,"23G83__iPhone18,2/System/Library/PrivateFrameworks/SlideshowKit.framework/PlugIns/OpusMagazineProducer.opplugin/Magazine.m4a","23G83__iPhone18,2/System/Library/PrivateFrameworks/SlideshowKit.framework/PlugIns/OpusMagazineProducer.opplugin",0,645e24f3c39d5c3f79c3acc6d876a6e2
Camera & Photos,Classic.m4a,Classic,Classic.m4a,"23G83__iPhone18,2/System/Library/PrivateFrameworks/SlideshowKit.framework/PlugIns/OpusNewClassicProducer.opplugin/Classic.m4a","23G83__iPhone18,2/System/Library/PrivateFrameworks/SlideshowKit.framework/PlugIns/OpusNewClassicProducer.opplugin",0,b3d84460130728505d386c2acd950e03
Camera & Photos,Ken Burns.m4a,Ken Burns,KenBurns.m4a,"23G83__iPhone18,2/System/Library/PrivateFrameworks/SlideshowKit.framework/PlugIns/OpusNewClassicProducer.opplugin/KenBurns.m4a","23G83__iPhone18,2/System/Library/PrivateFrameworks/SlideshowKit.framework/PlugIns/OpusNewClassicProducer.opplugin",0,2f7ed8c6b2b2126f5f706a79b98294f3
Camera & Photos,Origami.m4a,Origami,Origami.m4a,"23G83__iPhone18,2/System/Library/PrivateFrameworks/SlideshowKit.framework/PlugIns/OpusOrigamiProducer.opplugin/Origami.m4a","23G83__iPhone18,2/System/Library/PrivateFrameworks/SlideshowKit.framework/PlugIns/OpusOrigamiProducer.opplugin",0,3b555e60dacf26115d884a164b7245bb
Siri & Voices/Siri Interface,Voice Trigger Training FX 0.caf,Voice Trigger Training FX 0,VoiceTriggerTraining_FX_0.caf,"23G83__iPhone18,2/System/Library/PrivateFrameworks/SpeakerRecognition.framework/VoiceTriggerTraining_FX_0.caf","23G83__iPhone18,2/System/Library/PrivateFrameworks/SpeakerRecognition.framework",0,f2d6c214175f1da2e2eea210d34d0131
Siri & Voices/Siri Interface,Voice Trigger Training FX 1.caf,Voice Trigger Training FX 1,VoiceTriggerTraining_FX_1.caf,"23G83__iPhone18,2/System/Library/PrivateFrameworks/SpeakerRecognition.framework/VoiceTriggerTraining_FX_1.caf","23G83__iPhone18,2/System/Library/PrivateFrameworks/SpeakerRecognition.framework",0,21293b4155ab187bda75c9a9e025eb65
Siri & Voices/Siri Interface,Voice Trigger Training FX 2.caf,Voice Trigger Training FX 2,VoiceTriggerTraining_FX_2.caf,"23G83__iPhone18,2/System/Library/PrivateFrameworks/SpeakerRecognition.framework/VoiceTriggerTraining_FX_2.caf","23G83__iPhone18,2/System/Library/PrivateFrameworks/SpeakerRecognition.framework",0,e610436177b2ecafbfef56ccb0f57395
Siri & Voices/Siri Interface,Voice Trigger Training FX 3.caf,Voice Trigger Training FX 3,VoiceTriggerTraining_FX_3.caf,"23G83__iPhone18,2/System/Library/PrivateFrameworks/SpeakerRecognition.framework/VoiceTriggerTraining_FX_3.caf","23G83__iPhone18,2/System/Library/PrivateFrameworks/SpeakerRecognition.framework",0,dba56ae6391a8e1213a497f4b49eb84e
Siri & Voices/Siri Interface,Voice Trigger Training FX 4.caf,Voice Trigger Training FX 4,VoiceTriggerTraining_FX_4.caf,"23G83__iPhone18,2/System/Library/PrivateFrameworks/SpeakerRecognition.framework/VoiceTriggerTraining_FX_4.caf","23G83__iPhone18,2/System/Library/PrivateFrameworks/SpeakerRecognition.framework",0,7813076b18dca6c0b9d93e14068ff644
Siri & Voices/Siri Interface,Voice Trigger Training FX 5.caf,Voice Trigger Training FX 5,VoiceTriggerTraining_FX_5.caf,"23G83__iPhone18,2/System/Library/PrivateFrameworks/SpeakerRecognition.framework/VoiceTriggerTraining_FX_5.caf","23G83__iPhone18,2/System/Library/PrivateFrameworks/SpeakerRecognition.framework",0,4c9478f4fc104d182957c3b60df26f22
Siri & Voices/Siri Interface,Default Recognition Sound.aiff,Default Recognition Sound,DefaultRecognitionSound.aiff,"23G83__iPhone18,2/System/Library/PrivateFrameworks/SpeechRecognitionCommandAndControl.framework/DefaultRecognitionSound.aiff","23G83__iPhone18,2/System/Library/PrivateFrameworks/SpeechRecognitionCommandAndControl.framework",0,b37aeb6564385c2180aa5a49228450b3
Home & Devices,Calibration Tone 22 Clean 190531.wav,Calibration Tone 22 Clean 190531,Calibration_tone_22_clean_190531.wav,"23G83__iPhone18,2/System/Library/PrivateFrameworks/TVLatency.framework/Tones.bundle/Calibration_tone_22_clean_190531.wav","23G83__iPhone18,2/System/Library/PrivateFrameworks/TVLatency.framework/Tones.bundle",0,fba3a7cea64136c34ee24920a0dac56d
Home & Devices,Calibration Tone Fail.wav,Calibration Tone Fail,Calibration_tone_fail.wav,"23G83__iPhone18,2/System/Library/PrivateFrameworks/TVLatency.framework/Tones.bundle/Calibration_tone_fail.wav","23G83__iPhone18,2/System/Library/PrivateFrameworks/TVLatency.framework/Tones.bundle",0,935fd043d1c0b5cdedc278d9e3e80dbe
Home & Devices,Calibration Tone Success.wav,Calibration Tone Success,Calibration_tone_success.wav,"23G83__iPhone18,2/System/Library/PrivateFrameworks/TVLatency.framework/Tones.bundle/Calibration_tone_success.wav","23G83__iPhone18,2/System/Library/PrivateFrameworks/TVLatency.framework/Tones.bundle",0,562bf0dd96006abd126c29b1b4b2d7c0
Telephony & Messaging,V2ch Hold Loop.wav,V2ch Hold Loop,V2ch_hold_loop.wav,"23G83__iPhone18,2/System/Library/PrivateFrameworks/TelephonyUtilities.framework/V2ch_hold_loop.wav","23G83__iPhone18,2/System/Library/PrivateFrameworks/TelephonyUtilities.framework",0,870ac1718ca25b379ef67a4a5fd71069
Telephony & Messaging,End Call Tone Cept.wav,End Call Tone Cept,end_call_tone_cept.wav,"23G83__iPhone18,2/System/Library/PrivateFrameworks/TelephonyUtilities.framework/end_call_tone_cept.wav","23G83__iPhone18,2/System/Library/PrivateFrameworks/TelephonyUtilities.framework",0,30f2540a405517788a72cd4fba42df2e
Telephony & Messaging,Hold.wav,Hold,hold.wav,"23G83__iPhone18,2/System/Library/PrivateFrameworks/TelephonyUtilities.framework/hold.wav","23G83__iPhone18,2/System/Library/PrivateFrameworks/TelephonyUtilities.framework",0,b8b9ce54fa638a61468dcfcbe430578a
Telephony & Messaging,let-me Join.caf,let-me Join,let-me-join.caf,"23G83__iPhone18,2/System/Library/PrivateFrameworks/TelephonyUtilities.framework/let-me-join.caf","23G83__iPhone18,2/System/Library/PrivateFrameworks/TelephonyUtilities.framework",0,56e53958b0b3755751e32fffb4d89e9b
Telephony & Messaging,Recurring Disclosure Twinkle.caf,Recurring Disclosure Twinkle,recurringDisclosureTwinkle.caf,"23G83__iPhone18,2/System/Library/PrivateFrameworks/TelephonyUtilities.framework/recurringDisclosureTwinkle.caf","23G83__iPhone18,2/System/Library/PrivateFrameworks/TelephonyUtilities.framework",0,1bfe5c6b807ea9ff1d1c5055251682ec
Telephony & Messaging,Vc~ended.caf,Vc~ended,vc~ended.caf,"23G83__iPhone18,2/System/Library/PrivateFrameworks/TelephonyUtilities.framework/vc~ended.caf","23G83__iPhone18,2/System/Library/Audio/UISounds/nano | 23G83__iPhone18,2/System/Library/PrivateFrameworks/TelephonyUtilities.framework",1,b4d9e7643837ebcb6a72ba201147b185
Telephony & Messaging,Vc~invitation Accepted.caf,Vc~invitation Accepted,vc~invitation-accepted.caf,"23G83__iPhone18,2/System/Library/PrivateFrameworks/TelephonyUtilities.framework/vc~invitation-accepted.caf","23G83__iPhone18,2/System/Library/Audio/UISounds/nano | 23G83__iPhone18,2/System/Library/PrivateFrameworks/TelephonyUtilities.framework",1,c5e2ae64f829af5ae8cc37a1080ac7ad
Siri & Voices/Siri Interface,Recording Did Finish.wav,Recording Did Finish,recordingDidFinish.wav,"23G83__iPhone18,2/System/Library/PrivateFrameworks/TextToSpeechVoiceBankingSupport.framework/recordingDidFinish.wav","23G83__iPhone18,2/System/Library/PrivateFrameworks/TextToSpeechVoiceBankingSupport.framework",0,a7f8a7fefdf5299e7032c7e1663a43e6
Siri & Voices/Siri Interface,Recording Will Start.wav,Recording Will Start,recordingWillStart.wav,"23G83__iPhone18,2/System/Library/PrivateFrameworks/TextToSpeechVoiceBankingSupport.framework/recordingWillStart.wav","23G83__iPhone18,2/System/Library/PrivateFrameworks/TextToSpeechVoiceBankingSupport.framework",0,c05df0e07e4bbdcc39d2790c9019aea6
Ringtones & Alert Tones/Alert Tones,Background Mic Usage.wav,Background Mic Usage,Background-Mic-Usage.wav,"23G83__iPhone18,2/System/Library/PrivateFrameworks/ToneLibrary.framework/AlertTones/Background-Mic-Usage.wav","23G83__iPhone18,2/System/Library/PrivateFrameworks/ToneLibrary.framework/AlertTones",0,573c1bcc6d9b76922b8631dd6d4f0984
Ringtones & Alert Tones/Encore Infinitum,Antic Encore Infinitum.caf,Antic Encore Infinitum,Antic-EncoreInfinitum.caf,"23G83__iPhone18,2/System/Library/PrivateFrameworks/ToneLibrary.framework/AlertTones/EncoreInfinitum/Antic-EncoreInfinitum.caf","23G83__iPhone18,2/System/Library/PrivateFrameworks/ToneLibrary.framework/AlertTones/EncoreInfinitum",0,da2393491dfb8bea30b006ce8fbc766c
Ringtones & Alert Tones/Encore Infinitum,Cheers Encore Infinitum.caf,Cheers Encore Infinitum,Cheers-EncoreInfinitum.caf,"23G83__iPhone18,2/System/Library/PrivateFrameworks/ToneLibrary.framework/AlertTones/EncoreInfinitum/Cheers-EncoreInfinitum.caf","23G83__iPhone18,2/System/Library/PrivateFrameworks/ToneLibrary.framework/AlertTones/EncoreInfinitum",0,fd6ec6e766b5ae15917b16bfad3283f1
Ringtones & Alert Tones/Encore Infinitum,Droplet Encore Infinitum.caf,Droplet Encore Infinitum,Droplet-EncoreInfinitum.caf,"23G83__iPhone18,2/System/Library/PrivateFrameworks/ToneLibrary.framework/AlertTones/EncoreInfinitum/Droplet-EncoreInfinitum.caf","23G83__iPhone18,2/System/Library/PrivateFrameworks/ToneLibrary.framework/AlertTones/EncoreInfinitum",0,b611949d2c850fd9cbee2ec9bb911780
Ringtones & Alert Tones/Encore Infinitum,Handoff Encore Infinitum.caf,Handoff Encore Infinitum,Handoff-EncoreInfinitum.caf,"23G83__iPhone18,2/System/Library/PrivateFrameworks/ToneLibrary.framework/AlertTones/EncoreInfinitum/Handoff-EncoreInfinitum.caf","23G83__iPhone18,2/System/Library/PrivateFrameworks/ToneLibrary.framework/AlertTones/EncoreInfinitum",0,2ebf92a73ee2badb77ef98e3c04b4dd3
Ringtones & Alert Tones/Encore Infinitum,Milestone Encore Infinitum.caf,Milestone Encore Infinitum,Milestone-EncoreInfinitum.caf,"23G83__iPhone18,2/System/Library/PrivateFrameworks/ToneLibrary.framework/AlertTones/EncoreInfinitum/Milestone-EncoreInfinitum.caf","23G83__iPhone18,2/System/Library/PrivateFrameworks/ToneLibrary.framework/AlertTones/EncoreInfinitum",0,9f73357fd1429d03aa459770b6187db4
Ringtones & Alert Tones/Encore Infinitum,Passage Encore Infinitum.caf,Passage Encore Infinitum,Passage-EncoreInfinitum.caf,"23G83__iPhone18,2/System/Library/PrivateFrameworks/ToneLibrary.framework/AlertTones/EncoreInfinitum/Passage-EncoreInfinitum.caf","23G83__iPhone18,2/System/Library/PrivateFrameworks/ToneLibrary.framework/AlertTones/EncoreInfinitum",0,38cd6fc0368571feecd4ff8f2c6b3c53
Ringtones & Alert Tones/Encore Infinitum,Portal Encore Infinitum.caf,Portal Encore Infinitum,Portal-EncoreInfinitum.caf,"23G83__iPhone18,2/System/Library/PrivateFrameworks/ToneLibrary.framework/AlertTones/EncoreInfinitum/Portal-EncoreInfinitum.caf","23G83__iPhone18,2/System/Library/PrivateFrameworks/ToneLibrary.framework/AlertTones/EncoreInfinitum",0,e1923008641e0780abe873824356208d
Ringtones & Alert Tones/Encore Infinitum,Rattle Encore Infinitum.caf,Rattle Encore Infinitum,Rattle-EncoreInfinitum.caf,"23G83__iPhone18,2/System/Library/PrivateFrameworks/ToneLibrary.framework/AlertTones/EncoreInfinitum/Rattle-EncoreInfinitum.caf","23G83__iPhone18,2/System/Library/PrivateFrameworks/ToneLibrary.framework/AlertTones/EncoreInfinitum",0,91c5f22dd8542bf4472f1cf709bd1a10
Ringtones & Alert Tones/Encore Infinitum,Rebound Encore Infinitum.caf,Rebound Encore Infinitum,Rebound-EncoreInfinitum.caf,"23G83__iPhone18,2/System/Library/PrivateFrameworks/ToneLibrary.framework/AlertTones/EncoreInfinitum/Rebound-EncoreInfinitum.caf","23G83__iPhone18,2/System/Library/PrivateFrameworks/ToneLibrary.framework/AlertTones/EncoreInfinitum",0,4690346c3cc8d6a29f938472b2ddc8ea
Ringtones & Alert Tones/Encore Infinitum,Slide Encore Infinitum.caf,Slide Encore Infinitum,Slide-EncoreInfinitum.caf,"23G83__iPhone18,2/System/Library/PrivateFrameworks/ToneLibrary.framework/AlertTones/EncoreInfinitum/Slide-EncoreInfinitum.caf","23G83__iPhone18,2/System/Library/PrivateFrameworks/ToneLibrary.framework/AlertTones/EncoreInfinitum",0,09eef45f2c7d43c1bab16eb5dc0e365c
Ringtones & Alert Tones/Encore Infinitum,Welcome Encore Infinitum.caf,Welcome Encore Infinitum,Welcome-EncoreInfinitum.caf,"23G83__iPhone18,2/System/Library/PrivateFrameworks/ToneLibrary.framework/AlertTones/EncoreInfinitum/Welcome-EncoreInfinitum.caf","23G83__iPhone18,2/System/Library/PrivateFrameworks/ToneLibrary.framework/AlertTones/EncoreInfinitum",0,d5792b848aeeb0951f467c8c50bd28b1
Ringtones & Alert Tones/Alert Tones,Photos Memories Notification.caf,Photos Memories Notification,PhotosMemoriesNotification.caf,"23G83__iPhone18,2/System/Library/PrivateFrameworks/ToneLibrary.framework/AlertTones/PhotosMemoriesNotification.caf","23G83__iPhone18,2/System/Library/PrivateFrameworks/ToneLibrary.framework/AlertTones",0,720e874f4d19bb3a4c814550cf8562c8
Ringtones & Alert Tones/Alert Tones,Photos Sharing Post Tone.caf,Photos Sharing Post Tone,PhotosSharingPostTone.caf,"23G83__iPhone18,2/System/Library/PrivateFrameworks/ToneLibrary.framework/AlertTones/PhotosSharingPostTone.caf","23G83__iPhone18,2/System/Library/PrivateFrameworks/ToneLibrary.framework/AlertTones",0,beb2c7ff385c2c213b94ac37cc236a4d
Ringtones & Alert Tones/Alert Tones,SOS Countdown Tick.caf,SOS Countdown Tick,SOS-Countdown-Tick.caf,"23G83__iPhone18,2/System/Library/PrivateFrameworks/ToneLibrary.framework/AlertTones/SOS-Countdown-Tick.caf","23G83__iPhone18,2/System/Library/PrivateFrameworks/ToneLibrary.framework/AlertTones",0,bd2edf761d9792d5c959ce298dad646e
Ringtones & Alert Tones/Alert Tones,Text Message Acknowledgement Exclamation.caf,Text Message Acknowledgement Exclamation,Text-Message-Acknowledgement-Exclamation.caf,"23G83__iPhone18,2/System/Library/PrivateFrameworks/ToneLibrary.framework/AlertTones/Text-Message-Acknowledgement-Exclamation.caf","23G83__iPhone18,2/System/Library/PrivateFrameworks/ToneLibrary.framework/AlertTones",0,60072599e86e182a273d25429deb53e7
Ringtones & Alert Tones/Alert Tones,Text Message Acknowledgement Ha Ha.caf,Text Message Acknowledgement Ha Ha,Text-Message-Acknowledgement-HaHa.caf,"23G83__iPhone18,2/System/Library/PrivateFrameworks/ToneLibrary.framework/AlertTones/Text-Message-Acknowledgement-HaHa.caf","23G83__iPhone18,2/System/Library/PrivateFrameworks/ToneLibrary.framework/AlertTones",0,f02a89e0f553d90cfa660d63ae229811
Ringtones & Alert Tones/Alert Tones,Text Message Acknowledgement Heart.caf,Text Message Acknowledgement Heart,Text-Message-Acknowledgement-Heart.caf,"23G83__iPhone18,2/System/Library/PrivateFrameworks/ToneLibrary.framework/AlertTones/Text-Message-Acknowledgement-Heart.caf","23G83__iPhone18,2/System/Library/PrivateFrameworks/ToneLibrary.framework/AlertTones",0,d514eed2c4e7c95f97a8d1f414392967
Ringtones & Alert Tones/Alert Tones,Text Message Acknowledgement Question Mark.caf,Text Message Acknowledgement Question Mark,Text-Message-Acknowledgement-QuestionMark.caf,"23G83__iPhone18,2/System/Library/PrivateFrameworks/ToneLibrary.framework/AlertTones/Text-Message-Acknowledgement-QuestionMark.caf","23G83__iPhone18,2/System/Library/PrivateFrameworks/ToneLibrary.framework/AlertTones",0,5f6d8f29fa2f8343311928fef5bc7f54
Ringtones & Alert Tones/Alert Tones,Text Message Acknowledgement Thumbs Down.caf,Text Message Acknowledgement Thumbs Down,Text-Message-Acknowledgement-ThumbsDown.caf,"23G83__iPhone18,2/System/Library/PrivateFrameworks/ToneLibrary.framework/AlertTones/Text-Message-Acknowledgement-ThumbsDown.caf","23G83__iPhone18,2/System/Library/PrivateFrameworks/ToneLibrary.framework/AlertTones",0,b1382a414dbaee92e2527a4442131c11
Ringtones & Alert Tones/Alert Tones,Text Message Acknowledgement Thumbs Up.caf,Text Message Acknowledgement Thumbs Up,Text-Message-Acknowledgement-ThumbsUp.caf,"23G83__iPhone18,2/System/Library/PrivateFrameworks/ToneLibrary.framework/AlertTones/Text-Message-Acknowledgement-ThumbsUp.caf","23G83__iPhone18,2/System/Library/PrivateFrameworks/ToneLibrary.framework/AlertTones",0,7be7e5c88e60cc183862fe37ef55ea09
System Frameworks/UI Kit Core,200312 Ch FPO D52 D53 D54.wav,200312 Ch FPO D52 D53 D54,200312_ch_FPO-D52-D53-D54.wav,"23G83__iPhone18,2/System/Library/PrivateFrameworks/UIKitCore.framework/200312_ch_FPO-D52-D53-D54.wav","23G83__iPhone18,2/System/Library/PrivateFrameworks/UIKitCore.framework",0,9d1abd9b2f78eae5fce1d8a8e726d8cf
System Frameworks/UI Kit Core,Connect Power D52 D53 D54.wav,Connect Power D52 D53 D54,connect_power-D52-D53-D54.wav,"23G83__iPhone18,2/System/Library/PrivateFrameworks/UIKitCore.framework/connect_power-D52-D53-D54.wav","23G83__iPhone18,2/System/Library/PrivateFrameworks/UIKitCore.framework",0,b3dd29a69769039f8086b2fc67d4a7ba
System Frameworks/Web Core,Composite.wav,Composite,Composite.wav,"23G83__iPhone18,2/System/Library/PrivateFrameworks/WebCore.framework/audio/Composite.wav","23G83__iPhone18,2/System/Library/PrivateFrameworks/WebCore.framework/audio",0,985074a56a7f265a1871f7327e10a3b6
System Frameworks/Workflow Editor,Reorder.aiff,Reorder,Reorder.aiff,"23G83__iPhone18,2/System/Library/PrivateFrameworks/WorkflowEditor.framework/Reorder.aiff","23G83__iPhone18,2/System/Library/CoreServices/VoiceOverTouch.app/Sounds | 23G83__iPhone18,2/System/Library/PrivateFrameworks/WorkflowEditor.framework",1,49afac33ea482fc214889efae8975f1f
Audio & Headphones,Compass Success ML.wav,Compass Success ML,CompassSuccess_ML.wav,"23G83__iPhone18,2/System/Library/PrivateFrameworks/WorldAwareSpatialAudio.framework/CompassSuccess_ML.wav","23G83__iPhone18,2/System/Library/PrivateFrameworks/WorldAwareSpatialAudio.framework",0,ad3bd0f887ea5f86a0810263390cc111
Audio & Headphones,Compass A3 ML.wav,Compass A3 ML,Compass_A3_ML.wav,"23G83__iPhone18,2/System/Library/PrivateFrameworks/WorldAwareSpatialAudio.framework/Compass_A3_ML.wav","23G83__iPhone18,2/System/Library/PrivateFrameworks/WorldAwareSpatialAudio.framework",0,acb8f8422d022e0d66065ed8156c076c
Audio & Headphones,Compass A4 ML.wav,Compass A4 ML,Compass_A4_ML.wav,"23G83__iPhone18,2/System/Library/PrivateFrameworks/WorldAwareSpatialAudio.framework/Compass_A4_ML.wav","23G83__iPhone18,2/System/Library/PrivateFrameworks/WorldAwareSpatialAudio.framework",0,60dc1984bba1431aeddd02e292102fbf
Audio & Headphones,Compass A5 ML.wav,Compass A5 ML,Compass_A5_ML.wav,"23G83__iPhone18,2/System/Library/PrivateFrameworks/WorldAwareSpatialAudio.framework/Compass_A5_ML.wav","23G83__iPhone18,2/System/Library/PrivateFrameworks/WorldAwareSpatialAudio.framework",0,8489b2cdfbcd2024cdaa71b191d92209
Audio & Headphones,Compass B3 ML.wav,Compass B3 ML,Compass_B3_ML.wav,"23G83__iPhone18,2/System/Library/PrivateFrameworks/WorldAwareSpatialAudio.framework/Compass_B3_ML.wav","23G83__iPhone18,2/System/Library/PrivateFrameworks/WorldAwareSpatialAudio.framework",0,539f13f4153d1c1a25b592f2c077e484
Audio & Headphones,Compass B4 ML.wav,Compass B4 ML,Compass_B4_ML.wav,"23G83__iPhone18,2/System/Library/PrivateFrameworks/WorldAwareSpatialAudio.framework/Compass_B4_ML.wav","23G83__iPhone18,2/System/Library/PrivateFrameworks/WorldAwareSpatialAudio.framework",0,2f6d320d7c03198cf1db30fb01e4e633
Audio & Headphones,Compass B5 ML.wav,Compass B5 ML,Compass_B5_ML.wav,"23G83__iPhone18,2/System/Library/PrivateFrameworks/WorldAwareSpatialAudio.framework/Compass_B5_ML.wav","23G83__iPhone18,2/System/Library/PrivateFrameworks/WorldAwareSpatialAudio.framework",0,6fc25d573d2a6bd037e6f2a9e3a5425a
Audio & Headphones,Compass C3 ML.wav,Compass C3 ML,Compass_C3_ML.wav,"23G83__iPhone18,2/System/Library/PrivateFrameworks/WorldAwareSpatialAudio.framework/Compass_C3_ML.wav","23G83__iPhone18,2/System/Library/PrivateFrameworks/WorldAwareSpatialAudio.framework",0,c39c89fca57f40962041a2166c3043a5
Audio & Headphones,Compass C4 ML.wav,Compass C4 ML,Compass_C4_ML.wav,"23G83__iPhone18,2/System/Library/PrivateFrameworks/WorldAwareSpatialAudio.framework/Compass_C4_ML.wav","23G83__iPhone18,2/System/Library/PrivateFrameworks/WorldAwareSpatialAudio.framework",0,0ef73b8bb92e9694712e1244bde1a611
Audio & Headphones,Compass C5 ML.wav,Compass C5 ML,Compass_C5_ML.wav,"23G83__iPhone18,2/System/Library/PrivateFrameworks/WorldAwareSpatialAudio.framework/Compass_C5_ML.wav","23G83__iPhone18,2/System/Library/PrivateFrameworks/WorldAwareSpatialAudio.framework",0,7b7a71895414b934a2e4bfbed4b210de
Audio & Headphones,Compass C6 ML.wav,Compass C6 ML,Compass_C6_ML.wav,"23G83__iPhone18,2/System/Library/PrivateFrameworks/WorldAwareSpatialAudio.framework/Compass_C6_ML.wav","23G83__iPhone18,2/System/Library/PrivateFrameworks/WorldAwareSpatialAudio.framework",0,e8e11ab1c6de8ea975807503b2b1bb9e
Audio & Headphones,Compass D3 ML.wav,Compass D3 ML,Compass_D3_ML.wav,"23G83__iPhone18,2/System/Library/PrivateFrameworks/WorldAwareSpatialAudio.framework/Compass_D3_ML.wav","23G83__iPhone18,2/System/Library/PrivateFrameworks/WorldAwareSpatialAudio.framework",0,5371f635f95087b051b66a8a20211f61
Audio & Headphones,Compass D4 ML.wav,Compass D4 ML,Compass_D4_ML.wav,"23G83__iPhone18,2/System/Library/PrivateFrameworks/WorldAwareSpatialAudio.framework/Compass_D4_ML.wav","23G83__iPhone18,2/System/Library/PrivateFrameworks/WorldAwareSpatialAudio.framework",0,6a1251735c02a7947ccbf55ddcc0a88a
Audio & Headphones,Compass D5 ML.wav,Compass D5 ML,Compass_D5_ML.wav,"23G83__iPhone18,2/System/Library/PrivateFrameworks/WorldAwareSpatialAudio.framework/Compass_D5_ML.wav","23G83__iPhone18,2/System/Library/PrivateFrameworks/WorldAwareSpatialAudio.framework",0,b53d942726a12387d1e88564a948734e
Audio & Headphones,Compass E3 ML.wav,Compass E3 ML,Compass_E3_ML.wav,"23G83__iPhone18,2/System/Library/PrivateFrameworks/WorldAwareSpatialAudio.framework/Compass_E3_ML.wav","23G83__iPhone18,2/System/Library/PrivateFrameworks/WorldAwareSpatialAudio.framework",0,6da0243c1150fa25273ff42ac568d99b
Audio & Headphones,Compass E4 ML.wav,Compass E4 ML,Compass_E4_ML.wav,"23G83__iPhone18,2/System/Library/PrivateFrameworks/WorldAwareSpatialAudio.framework/Compass_E4_ML.wav","23G83__iPhone18,2/System/Library/PrivateFrameworks/WorldAwareSpatialAudio.framework",0,2aa30724f08750f64e2fe0f6dbcad989
Audio & Headphones,Compass E5 ML.wav,Compass E5 ML,Compass_E5_ML.wav,"23G83__iPhone18,2/System/Library/PrivateFrameworks/WorldAwareSpatialAudio.framework/Compass_E5_ML.wav","23G83__iPhone18,2/System/Library/PrivateFrameworks/WorldAwareSpatialAudio.framework",0,b271a4321d8792e7489ff948362043a9
Audio & Headphones,Compass F3 ML.wav,Compass F3 ML,Compass_F3_ML.wav,"23G83__iPhone18,2/System/Library/PrivateFrameworks/WorldAwareSpatialAudio.framework/Compass_F3_ML.wav","23G83__iPhone18,2/System/Library/PrivateFrameworks/WorldAwareSpatialAudio.framework",0,06c94b4cad58dbc31b7c83c72a4e434c
Audio & Headphones,Compass F4 ML.wav,Compass F4 ML,Compass_F4_ML.wav,"23G83__iPhone18,2/System/Library/PrivateFrameworks/WorldAwareSpatialAudio.framework/Compass_F4_ML.wav","23G83__iPhone18,2/System/Library/PrivateFrameworks/WorldAwareSpatialAudio.framework",0,b794e25dd0daf15ddd59538f844f0790
Audio & Headphones,Compass F5 ML.wav,Compass F5 ML,Compass_F5_ML.wav,"23G83__iPhone18,2/System/Library/PrivateFrameworks/WorldAwareSpatialAudio.framework/Compass_F5_ML.wav","23G83__iPhone18,2/System/Library/PrivateFrameworks/WorldAwareSpatialAudio.framework",0,e24d43865a7b2b5a94de342029a9c02a
Audio & Headphones,Compass G3 ML.wav,Compass G3 ML,Compass_G3_ML.wav,"23G83__iPhone18,2/System/Library/PrivateFrameworks/WorldAwareSpatialAudio.framework/Compass_G3_ML.wav","23G83__iPhone18,2/System/Library/PrivateFrameworks/WorldAwareSpatialAudio.framework",0,32c156420e682418c04eab95de0c3b7c
Audio & Headphones,Compass G4 ML.wav,Compass G4 ML,Compass_G4_ML.wav,"23G83__iPhone18,2/System/Library/PrivateFrameworks/WorldAwareSpatialAudio.framework/Compass_G4_ML.wav","23G83__iPhone18,2/System/Library/PrivateFrameworks/WorldAwareSpatialAudio.framework",0,1544a83218810c08be709687e79215f8
Audio & Headphones,Compass G5 ML.wav,Compass G5 ML,Compass_G5_ML.wav,"23G83__iPhone18,2/System/Library/PrivateFrameworks/WorldAwareSpatialAudio.framework/Compass_G5_ML.wav","23G83__iPhone18,2/System/Library/PrivateFrameworks/WorldAwareSpatialAudio.framework",0,602eb79feb83a4d172da779f84dc2a59
System Frameworks/Game Center,GK Invite.caf,GK Invite,GKInvite.caf,"23G83__iPhone18,2/System/Library/UserNotifications/Bundles/com.apple.gamecenter.bundle/GKInvite.caf","23G83__iPhone18,2/System/Library/UserNotifications/Bundles/com.apple.gamecenter.bundle",0,2500121fdf5061401d51d590d4c36132
Safety & Emergency,Awareness Default.caf,Awareness Default,awareness_default.caf,"23G83__iPhone18,2/System/Library/UserNotifications/Bundles/com.apple.safetyalerts.aw.bundle/awareness_default.caf","23G83__iPhone18,2/System/Library/UserNotifications/Bundles/com.apple.safetyalerts.aw.bundle",0,bb99d5cdfc6e0ab25117367d593b3f13
Safety & Emergency,Action Default.caf,Action Default,action_default.caf,"23G83__iPhone18,2/System/Library/UserNotifications/Bundles/com.apple.safetyalerts.bundle/action_default.caf","23G83__iPhone18,2/System/Library/UserNotifications/Bundles/com.apple.safetyalerts.bundle",0,7173ddba9afd844c2dad20b49372f9cc
Soundscapes,Demo.m4a,Demo,demo.m4a,"23G83__iPhone18,2/private/var/MobileAsset/PreinstalledAssetsV2/InstallWithOs/com_apple_MobileAsset_SoundScapesPickerAssets/5223134c9d602a6a5ddada7b8fd315e09f1dd351.asset/AssetData/Resources/fireplace/demo.m4a","23G83__iPhone18,2/private/tmp/094-95330-089.dmg.mount/private/var/MobileAsset/PreinstalledAssetsV2/InstallWithOs/com_apple_MobileAsset_SoundScapesPickerAssets/5223134c9d602a6a5ddada7b8fd315e09f1dd351.asset/AssetData/Resources/fireplace | 23G83__iPhone18,2/private/var/MobileAsset/PreinstalledAssetsV2/InstallWithOs/com_apple_MobileAsset_SoundScapesPickerAssets/5223134c9d602a6a5ddada7b8fd315e09f1dd351.asset/AssetData/Resources/fireplace",1,30c9869fac48c0dcfdbc34363bb6aa06
Soundscapes,Demo (2).m4a,Demo,demo.m4a,"23G83__iPhone18,2/private/var/MobileAsset/PreinstalledAssetsV2/InstallWithOs/com_apple_MobileAsset_SoundScapesPickerAssets/5223134c9d602a6a5ddada7b8fd315e09f1dd351.asset/AssetData/Resources/forest/demo.m4a","23G83__iPhone18,2/private/tmp/094-95330-089.dmg.mount/private/var/MobileAsset/PreinstalledAssetsV2/InstallWithOs/com_apple_MobileAsset_SoundScapesPickerAssets/5223134c9d602a6a5ddada7b8fd315e09f1dd351.asset/AssetData/Resources/forest | 23G83__iPhone18,2/private/var/MobileAsset/PreinstalledAssetsV2/InstallWithOs/com_apple_MobileAsset_SoundScapesPickerAssets/5223134c9d602a6a5ddada7b8fd315e09f1dd351.asset/AssetData/Resources/forest",1,363db1019524ea1526f17050756cdb34
Soundscapes,Demo (3).m4a,Demo,demo.m4a,"23G83__iPhone18,2/private/var/MobileAsset/PreinstalledAssetsV2/InstallWithOs/com_apple_MobileAsset_SoundScapesPickerAssets/5223134c9d602a6a5ddada7b8fd315e09f1dd351.asset/AssetData/Resources/night/demo.m4a","23G83__iPhone18,2/private/tmp/094-95330-089.dmg.mount/private/var/MobileAsset/PreinstalledAssetsV2/InstallWithOs/com_apple_MobileAsset_SoundScapesPickerAssets/5223134c9d602a6a5ddada7b8fd315e09f1dd351.asset/AssetData/Resources/night | 23G83__iPhone18,2/private/var/MobileAsset/PreinstalledAssetsV2/InstallWithOs/com_apple_MobileAsset_SoundScapesPickerAssets/5223134c9d602a6a5ddada7b8fd315e09f1dd351.asset/AssetData/Resources/night",1,d65d990244f4acfb7ddb96f360e07b1d
Soundscapes,Demo (4).m4a,Demo,demo.m4a,"23G83__iPhone18,2/private/var/MobileAsset/PreinstalledAssetsV2/InstallWithOs/com_apple_MobileAsset_SoundScapesPickerAssets/5223134c9d602a6a5ddada7b8fd315e09f1dd351.asset/AssetData/Resources/ocean/demo.m4a","23G83__iPhone18,2/private/tmp/094-95330-089.dmg.mount/private/var/MobileAsset/PreinstalledAssetsV2/InstallWithOs/com_apple_MobileAsset_SoundScapesPickerAssets/5223134c9d602a6a5ddada7b8fd315e09f1dd351.asset/AssetData/Resources/ocean | 23G83__iPhone18,2/private/var/MobileAsset/PreinstalledAssetsV2/InstallWithOs/com_apple_MobileAsset_SoundScapesPickerAssets/5223134c9d602a6a5ddada7b8fd315e09f1dd351.asset/AssetData/Resources/ocean",1,4f6fc1903d37367fb562c4a59681a48d
Soundscapes,Demo (5).m4a,Demo,demo.m4a,"23G83__iPhone18,2/private/var/MobileAsset/PreinstalledAssetsV2/InstallWithOs/com_apple_MobileAsset_SoundScapesPickerAssets/5223134c9d602a6a5ddada7b8fd315e09f1dd351.asset/AssetData/Resources/rain/demo.m4a","23G83__iPhone18,2/private/tmp/094-95330-089.dmg.mount/private/var/MobileAsset/PreinstalledAssetsV2/InstallWithOs/com_apple_MobileAsset_SoundScapesPickerAssets/5223134c9d602a6a5ddada7b8fd315e09f1dd351.asset/AssetData/Resources/rain | 23G83__iPhone18,2/private/var/MobileAsset/PreinstalledAssetsV2/InstallWithOs/com_apple_MobileAsset_SoundScapesPickerAssets/5223134c9d602a6a5ddada7b8fd315e09f1dd351.asset/AssetData/Resources/rain",1,3a25a63b81fd976ac1229c577336cf3f
Soundscapes,Demo (6).m4a,Demo,demo.m4a,"23G83__iPhone18,2/private/var/MobileAsset/PreinstalledAssetsV2/InstallWithOs/com_apple_MobileAsset_SoundScapesPickerAssets/5223134c9d602a6a5ddada7b8fd315e09f1dd351.asset/AssetData/Resources/stream/demo.m4a","23G83__iPhone18,2/private/tmp/094-95330-089.dmg.mount/private/var/MobileAsset/PreinstalledAssetsV2/InstallWithOs/com_apple_MobileAsset_SoundScapesPickerAssets/5223134c9d602a6a5ddada7b8fd315e09f1dd351.asset/AssetData/Resources/stream | 23G83__iPhone18,2/private/var/MobileAsset/PreinstalledAssetsV2/InstallWithOs/com_apple_MobileAsset_SoundScapesPickerAssets/5223134c9d602a6a5ddada7b8fd315e09f1dd351.asset/AssetData/Resources/stream",1,4b13a82725e447e8b6772212d38c5d3b
Soundscapes,Demo (7).m4a,Demo,demo.m4a,"23G83__iPhone18,2/private/var/MobileAsset/PreinstalledAssetsV2/InstallWithOs/com_apple_MobileAsset_SoundScapesPickerAssets/5223134c9d602a6a5ddada7b8fd315e09f1dd351.asset/AssetData/Resources/whitenoise/demo.m4a","23G83__iPhone18,2/private/tmp/094-95330-089.dmg.mount/private/var/MobileAsset/PreinstalledAssetsV2/InstallWithOs/com_apple_MobileAsset_SoundScapesPickerAssets/5223134c9d602a6a5ddada7b8fd315e09f1dd351.asset/AssetData/Resources/whitenoise | 23G83__iPhone18,2/private/var/MobileAsset/PreinstalledAssetsV2/InstallWithOs/com_apple_MobileAsset_SoundScapesPickerAssets/5223134c9d602a6a5ddada7b8fd315e09f1dd351.asset/AssetData/Resources/whitenoise",1,c18b9945e608cee0f636adde424f4fb7
System Frameworks/BK Audiobooks,Skip FX.aiff,Skip FX,skipFX.aiff,"23G83__iPhone18,2/private/var/staged_system_apps/Books.app/Frameworks/BKAudiobooks.framework/skipFX.aiff","23G83__iPhone18,2/private/tmp/094-95330-089.dmg.mount/private/var/staged_system_apps/Books.app/Frameworks/BKAudiobooks.framework | 23G83__iPhone18,2/private/var/staged_system_apps/Books.app/Frameworks/BKAudiobooks.framework",1,3640a38bea9d0082e1c05fe5849b5814
Find My,FMRSSI Level Decrease (Find My app).caf,FMRSSI Level Decrease (Find My app),FMRSSI-Level-Decrease.caf,"23G83__iPhone18,2/private/var/staged_system_apps/FindMy.app/FMRSSI-Level-Decrease.caf","23G83__iPhone18,2/private/tmp/094-95330-089.dmg.mount/private/var/staged_system_apps/FindMy.app | 23G83__iPhone18,2/private/var/staged_system_apps/FindMy.app",1,066615fbb990a43b51531f77f97c88c3
Find My,FMRSSI Level Increase (Find My app).caf,FMRSSI Level Increase (Find My app),FMRSSI-Level-Increase.caf,"23G83__iPhone18,2/private/var/staged_system_apps/FindMy.app/FMRSSI-Level-Increase.caf","23G83__iPhone18,2/private/tmp/094-95330-089.dmg.mount/private/var/staged_system_apps/FindMy.app | 23G83__iPhone18,2/private/var/staged_system_apps/FindMy.app",1,c900fd90747a16cb42bcdbd6697bc429
